# Blender 5.2.0 LTS
# www.blender.org
mtllib testarcz.mtl
o RenderMesh_82993336911710.001
v -1.373591 115.556030 -59.543953
v -1.149870 116.542900 -59.543953
v -4.118686 114.942688 -59.543953
v -0.610116 117.399017 -59.543953
v -6.863780 115.556030 -59.543953
v -7.087501 116.542900 -59.543953
v -7.627255 117.399017 -59.543953
v -0.088101 119.321175 -59.543953
v -8.149269 119.321175 -59.543953
v 1.312041 119.321175 -59.543953
v -9.549413 119.321175 -59.543953
v -0.994809 121.775528 -59.543953
v -1.949154 121.342873 -59.543953
v -1.516823 121.775528 -59.543953
v -7.242562 121.775528 -59.543953
v -6.288217 121.342873 -59.543953
v -6.720546 121.775528 -59.543953
v -5.385121 117.919716 -60.100136
v -7.604588 119.321175 -60.100136
v -4.118686 115.487366 -60.100136
v -6.786579 119.321175 -60.100136
v -6.014890 121.069542 -60.100136
v -5.603586 120.658241 -60.100136
v -4.118686 116.305710 -60.100136
v -2.852249 117.919716 -60.100136
v -0.632782 119.321175 -60.100136
v -1.450793 119.321175 -60.100136
v -2.222481 121.069542 -60.100136
v -2.633785 120.658241 -60.100136
v -4.118686 114.942688 -59.543953
v -7.604588 119.321175 -60.100136
v -8.149269 119.321175 -59.543953
v -4.118686 115.487366 -60.100136
v -4.118686 114.942688 -59.543953
v -0.632782 119.321175 -60.100136
v -4.118686 115.487366 -60.100136
v -0.088101 119.321175 -59.543953
v 1.312041 119.321175 -59.543953
v -0.994809 121.775528 -63.683273
v -0.994809 121.775528 -59.543953
v 1.312044 119.321175 -63.683273
v -1.516823 121.775528 -63.683273
v -1.516823 121.775528 -59.543953
v -2.222480 121.069542 -63.126762
v -1.949152 121.342873 -63.683273
v -2.222481 121.069542 -60.100136
v -1.949154 121.342873 -59.543953
v -2.633785 120.658241 -63.126762
v -2.633785 120.658241 -60.100136
v -9.549413 119.321175 -59.543953
v -7.242560 121.775528 -63.683281
v -9.549413 119.321175 -63.683281
v -7.242562 121.775528 -59.543953
v -6.720546 121.775528 -63.683273
v -6.720546 121.775528 -59.543953
v -6.014890 121.069542 -60.100136
v -6.288217 121.342873 -59.543953
v -6.014890 121.069542 -63.126762
v -6.288217 121.342873 -63.683273
v -5.603586 120.658241 -63.126762
v -5.603586 120.658241 -60.100136
v -2.222481 121.069542 -60.100136
v -0.088101 119.321175 -59.543953
v -1.949154 121.342873 -59.543953
v -0.632782 119.321175 -60.100136
v -6.014890 121.069542 -60.100136
v -8.149269 119.321175 -59.543953
v -7.604588 119.321175 -60.100136
v -6.288217 121.342873 -59.543953
v -2.852249 117.919716 -60.100136
v -1.450791 119.321175 -63.126762
v -2.852248 117.919716 -63.126762
v -1.450793 119.321175 -60.100136
v -4.118686 116.305710 -60.100136
v -4.118686 116.305710 -63.126762
v -5.385121 117.919716 -60.100136
v -6.786579 119.321175 -63.126762
v -6.786579 119.321175 -60.100136
v -5.385121 117.919716 -63.126762
v -4.118686 116.305710 -60.100136
v -4.118686 116.305710 -63.126762
v -1.373590 115.556030 -63.683273
v -1.373591 115.556030 -59.543953
v -1.149868 116.542900 -63.683273
v -1.149870 116.542900 -59.543953
v -0.610114 117.399010 -63.683273
v -0.610116 117.399017 -59.543953
v 1.312041 119.321175 -59.543953
v 1.312044 119.321175 -63.683273
v -6.863780 115.556030 -63.683273
v -6.863780 115.556030 -59.543953
v -7.087501 116.542900 -63.683273
v -7.087501 116.542900 -59.543953
v -7.627255 117.399010 -63.683273
v -7.627255 117.399017 -59.543953
v -9.549413 119.321175 -59.543953
v -9.549413 119.321175 -63.683281
v -2.633785 120.658241 -63.126762
v -1.450793 119.321175 -60.100136
v -2.633785 120.658241 -60.100136
v -1.450791 119.321175 -63.126762
v -5.603586 120.658241 -63.126762
v -6.786579 119.321175 -60.100136
v -6.786579 119.321175 -63.126762
v -5.603586 120.658241 -60.100136
v -0.088099 119.321175 -63.683273
v -4.118686 115.487366 -63.126762
v -0.632782 119.321175 -63.126762
v -4.118686 114.942688 -63.683273
v -8.149269 119.321175 -63.683273
v -4.118686 115.487366 -63.126762
v -4.118686 114.942688 -63.683273
v -7.604587 119.321175 -63.126762
v -1.949152 121.342873 -63.683273
v -0.632782 119.321175 -63.126762
v -2.222480 121.069542 -63.126762
v -0.088099 119.321175 -63.683273
v -6.288217 121.342873 -63.683273
v -7.604587 119.321175 -63.126762
v -8.149269 119.321175 -63.683273
v -6.014890 121.069542 -63.126762
v -0.610114 117.399010 -63.683273
v -1.149868 116.542900 -63.683273
v -4.118686 114.942688 -63.683273
v -1.373590 115.556030 -63.683273
v -6.863780 115.556030 -63.683273
v -7.087501 116.542900 -63.683273
v -7.627255 117.399010 -63.683273
v -0.088099 119.321175 -63.683273
v 1.312044 119.321175 -63.683273
v -8.149269 119.321175 -63.683273
v -0.994809 121.775528 -63.683273
v -1.949152 121.342873 -63.683273
v -1.516823 121.775528 -63.683273
v -9.549413 119.321175 -63.683281
v -7.242560 121.775528 -63.683281
v -6.288217 121.342873 -63.683273
v -6.720546 121.775528 -63.683273
v -2.852248 117.919716 -63.126762
v -0.632782 119.321175 -63.126762
v -4.118686 115.487366 -63.126762
v -1.450791 119.321175 -63.126762
v -2.222480 121.069542 -63.126762
v -2.633785 120.658241 -63.126762
v -5.385121 117.919716 -63.126762
v -4.118686 116.305710 -63.126762
v -7.604587 119.321175 -63.126762
v -6.786579 119.321175 -63.126762
v -6.014890 121.069542 -63.126762
v -5.603586 120.658241 -63.126762
v -4.118686 115.487366 -63.126762
vn 0.0005 0.0005 1.0000
vn -0.0000 -0.0000 1.0000
vn 0.0003 0.0004 1.0000
vn 0.6063 0.5555 0.5691
vn 0.5969 0.5495 0.5846
vn 0.6180 0.5613 0.5505
vn -0.6063 0.5555 0.5691
vn -0.6178 0.5618 0.5502
vn -0.5969 0.5495 0.5846
vn 0.7287 0.6849 -0.0000
vn 0.6912 0.7227 0.0005
vn 0.5907 0.8069 -0.0000
vn -0.3894 0.9211 -0.0005
vn -0.5786 0.8156 0.0005
vn -0.7071 0.7071 -0.0006
vn -0.7074 0.7068 -0.0003
vn -0.7070 0.7072 0.0004
vn -0.7074 0.7068 0.0003
vn -0.7071 0.7071 -0.0005
vn -0.7071 0.7071 -0.0000
vn -0.7287 0.6849 -0.0000
vn -0.6912 0.7227 -0.0000
vn -0.5907 0.8069 -0.0005
vn 0.4822 0.8761 -0.0005
vn 0.5106 0.8598 -0.0000
vn 0.7072 0.7070 -0.0000
vn 0.7074 0.7068 0.0003
vn 0.7074 0.7068 -0.0003
vn 0.7071 0.7071 -0.0000
vn -0.6023 -0.5506 0.5780
vn -0.6024 -0.5506 0.5779
vn -0.6043 -0.5563 0.5704
vn -0.5991 -0.5448 0.5868
vn 0.6024 -0.5506 0.5779
vn 0.5991 -0.5448 0.5867
vn 0.6043 -0.5563 0.5704
vn -0.7354 0.6777 -0.0005
vn -0.7620 0.6476 -0.0005
vn -0.7867 0.6173 -0.0000
vn -0.7870 0.6170 0.0005
vn 0.7354 0.6777 0.0005
vn 0.7620 0.6476 0.0005
vn 0.7867 0.6173 -0.0000
vn 0.7869 0.6171 0.0004
vn 0.9983 -0.0582 0.0005
vn 0.9998 -0.0182 -0.0000
vn 0.9441 -0.3297 -0.0000
vn 0.9003 -0.4352 -0.0000
vn 0.7488 -0.6628 0.0005
vn 0.7488 -0.6628 -0.0000
vn 0.7071 -0.7071 -0.0000
vn -0.9983 -0.0582 -0.0000
vn -0.9441 -0.3297 0.0005
vn -0.9998 -0.0182 0.0005
vn -0.9003 -0.4352 0.0005
vn -0.7488 -0.6628 -0.0000
vn -0.7488 -0.6628 0.0005
vn -0.7071 -0.7071 -0.0000
vn -0.7489 -0.6626 -0.0000
vn 0.7489 -0.6626 -0.0000
vn -0.6069 0.5551 -0.5688
vn -0.5993 0.5449 -0.5865
vn -0.6132 0.5645 -0.5525
vn 0.6069 0.5551 -0.5688
vn 0.6132 0.5645 -0.5525
vn 0.5993 0.5449 -0.5865
vn -0.6020 -0.5513 -0.5776
vn -0.6079 -0.5527 -0.5700
vn -0.5971 -0.5496 -0.5844
vn 0.6020 -0.5513 -0.5776
vn 0.6020 -0.5513 -0.5777
vn 0.5971 -0.5496 -0.5844
vn 0.6079 -0.5527 -0.5700
vn -0.0000 -0.0000 -1.0000
vn 0.0005 0.0005 -1.0000
vn 0.0005 -0.0005 -1.0000
vn 0.0007 0.0007 -1.0000
vt 0.472789 0.809292
vt 0.469641 0.810005
vt 0.474745 0.800537
vt 0.466912 0.811727
vt 0.469641 0.791068
vt 0.472789 0.791781
vt 0.466912 0.789347
vt 0.460781 0.813392
vt 0.460781 0.787681
vt 0.460781 0.817857
vt 0.460781 0.783216
vt 0.452953 0.810500
vt 0.454333 0.807456
vt 0.452953 0.808835
vt 0.452953 0.790573
vt 0.454333 0.793618
vt 0.452953 0.792238
vt 0.039993 0.942927
vt 0.042224 0.934854
vt 0.042224 0.951387
vt 0.040293 0.936610
vt 0.034718 0.934139
vt 0.034630 0.935993
vt 0.040468 0.949455
vt 0.034014 0.948364
vt 0.025766 0.949821
vt 0.027697 0.948064
vt 0.025766 0.942280
vt 0.027620 0.942368
vt 0.530237 0.406250
vt 0.528049 0.388437
vt 0.530237 0.387260
vt 0.528107 0.404972
vt 0.214904 0.555714
vt 0.217087 0.537941
vt 0.217029 0.554438
vt 0.214904 0.536767
vt 0.593887 0.816408
vt 0.580682 0.805663
vt 0.593887 0.805663
vt 0.580682 0.816408
vt 0.580682 0.803998
vt 0.593887 0.803998
vt 0.582457 0.800813
vt 0.580682 0.802046
vt 0.592112 0.800813
vt 0.593887 0.802046
vt 0.582457 0.798957
vt 0.592112 0.798957
vt 0.001951 0.938448
vt 0.012689 0.951644
vt 0.001951 0.951644
vt 0.012689 0.938448
vt 0.014352 0.951644
vt 0.014352 0.938448
vt 0.017535 0.940222
vt 0.016302 0.938448
vt 0.017535 0.949871
vt 0.016302 0.951644
vt 0.019389 0.949871
vt 0.019389 0.940222
vt 0.995848 0.289011
vt 0.998012 0.280279
vt 0.998012 0.289062
vt 0.995821 0.281458
vt 0.995847 0.315046
vt 0.998006 0.323755
vt 0.995820 0.322579
vt 0.998006 0.314995
vt 0.445055 0.333613
vt 0.438731 0.323954
vt 0.445055 0.323954
vt 0.438731 0.333613
vt 0.451602 0.333613
vt 0.451602 0.323954
vt 0.430586 0.294998
vt 0.440244 0.301322
vt 0.430586 0.301322
vt 0.440244 0.294998
vt 0.430586 0.288452
vt 0.440244 0.288452
vt 0.026902 0.694453
vt 0.026902 0.707658
vt 0.023674 0.707658
vt 0.023674 0.694453
vt 0.020446 0.707658
vt 0.020446 0.694453
vt 0.011774 0.694453
vt 0.011774 0.707658
vt 0.859732 0.710153
vt 0.856505 0.696952
vt 0.859732 0.696952
vt 0.856505 0.710153
vt 0.853279 0.696952
vt 0.853279 0.710153
vt 0.844609 0.710153
vt 0.844609 0.696952
vt 0.309559 0.160951
vt 0.315254 0.170606
vt 0.309559 0.170606
vt 0.315254 0.160951
vt 0.333632 0.062653
vt 0.323970 0.056954
vt 0.333632 0.056954
vt 0.323970 0.062653
vt 0.294038 0.467760
vt 0.291907 0.485481
vt 0.291849 0.468938
vt 0.294038 0.486761
vt 0.944938 0.253641
vt 0.962657 0.251510
vt 0.963936 0.253641
vt 0.946116 0.251452
vt 0.940493 0.174950
vt 0.948080 0.177137
vt 0.940544 0.177110
vt 0.949257 0.174950
vt 0.966605 0.284512
vt 0.968791 0.292097
vt 0.966605 0.293273
vt 0.968764 0.284563
vt 0.612048 0.789856
vt 0.614778 0.791577
vt 0.619883 0.801046
vt 0.617926 0.792290
vt 0.617926 0.809802
vt 0.614778 0.810515
vt 0.612048 0.812236
vt 0.605918 0.788190
vt 0.605918 0.783725
vt 0.605918 0.813902
vt 0.598090 0.791082
vt 0.599469 0.794127
vt 0.598090 0.792747
vt 0.605918 0.818367
vt 0.598089 0.811010
vt 0.599469 0.807965
vt 0.598089 0.809345
vt 0.995647 0.943921
vt 0.997878 0.935853
vt 0.997878 0.952377
vt 0.995947 0.937608
vt 0.990375 0.935139
vt 0.990287 0.936992
vt 0.989672 0.949356
vt 0.996122 0.950447
vt 0.981428 0.950811
vt 0.983358 0.949056
vt 0.981428 0.943275
vt 0.983281 0.943362
s 1
usemtl P3D:_45cal_loose_co.paa_::_45cal_loose.rvmat
f 1/1/1 2/2/1 3/3/2
f 2/2/1 4/4/1 3/3/2
f 3/3/2 6/5/1 5/6/1
f 3/3/2 7/7/2 6/5/1
f 8/8/1 3/3/2 4/4/1
f 3/3/2 9/9/1 7/7/2
f 10/10/1 8/8/1 4/4/1
f 9/9/1 11/11/1 7/7/2
f 10/10/1 12/12/1 8/8/1
f 13/13/1 8/8/1 12/12/1
f 14/14/1 13/13/1 12/12/1
f 15/15/1 11/11/1 9/9/1
f 9/9/1 16/16/1 15/15/1
f 16/16/1 17/17/1 15/15/1
f 18/18/1 19/19/2 20/20/1
f 18/18/1 21/21/1 19/19/2
f 21/21/1 22/22/1 19/19/2
f 21/21/1 23/23/1 22/22/1
f 24/24/1 18/18/1 20/20/1
f 25/25/1 24/24/1 20/20/1
f 26/26/1 25/25/1 20/20/1
f 27/27/1 25/25/1 26/26/1
f 26/26/1 28/28/3 27/27/1
f 28/28/3 29/29/3 27/27/1
f 30/30/4 31/31/4 32/32/5
f 30/30/4 33/33/6 31/31/4
f 34/34/7 35/35/7 36/36/8
f 34/34/7 37/37/9 35/35/7
f 38/38/10 39/39/11 40/40/12
f 38/38/10 41/41/10 39/39/11
f 40/40/12 39/39/11 42/42/13
f 40/40/12 42/42/13 43/43/14
f 43/43/14 42/42/13 44/44/15
f 42/42/13 45/45/16 44/44/15
f 44/44/15 46/46/17 43/43/14
f 46/46/17 47/47/18 43/43/14
f 44/44/15 48/48/19 46/46/17
f 48/48/19 49/49/20 46/46/17
f 50/50/21 51/51/22 52/52/21
f 50/50/21 53/53/23 51/51/22
f 53/53/23 54/54/24 51/51/22
f 53/53/23 55/55/25 54/54/24
f 54/54/24 55/55/25 56/56/26
f 55/55/25 57/57/27 56/56/26
f 54/54/24 56/56/26 58/58/26
f 58/58/26 59/59/28 54/54/24
f 56/56/26 60/60/29 58/58/26
f 56/56/26 61/61/29 60/60/29
f 62/62/30 63/63/31 64/64/32
f 62/62/30 65/65/33 63/63/31
f 66/66/34 67/67/34 68/68/35
f 66/66/34 69/69/36 67/67/34
f 70/70/37 71/71/19 72/72/38
f 70/70/37 73/73/19 71/71/19
f 74/74/39 70/70/37 72/72/38
f 74/74/39 72/72/38 75/75/40
f 76/76/41 77/77/29 78/78/29
f 76/76/41 79/79/42 77/77/29
f 80/80/43 79/79/42 76/76/41
f 80/80/43 81/81/44 79/79/42
f 83/82/45 82/83/46 84/84/47
f 83/82/45 84/84/47 85/85/48
f 85/85/48 84/84/47 86/86/49
f 85/85/48 86/86/49 87/87/50
f 88/88/51 87/87/50 86/86/49
f 88/88/51 86/86/49 89/89/51
f 91/90/52 92/91/53 90/92/54
f 91/90/52 93/93/55 92/91/53
f 93/93/55 94/94/56 92/91/53
f 93/93/55 95/95/57 94/94/56
f 96/96/58 94/94/56 95/95/57
f 96/96/58 97/97/58 94/94/56
f 98/98/59 99/99/59 100/100/59
f 98/98/59 101/101/59 99/99/59
f 102/102/60 103/103/60 104/104/60
f 102/102/60 105/105/60 103/103/60
f 106/106/61 107/107/61 108/108/62
f 106/106/61 109/109/63 107/107/61
f 110/110/64 111/111/64 112/112/65
f 110/110/64 113/113/66 111/111/64
f 114/114/67 115/115/67 116/116/68
f 114/114/67 117/117/69 115/115/67
f 118/118/70 119/119/71 120/120/72
f 118/118/70 121/121/73 119/119/71
f 122/122/74 123/123/75 124/124/74
f 123/123/75 125/125/75 124/124/74
f 126/126/75 127/127/75 124/124/74
f 127/127/75 128/128/74 124/124/74
f 124/124/74 129/129/75 122/122/74
f 129/129/75 130/130/75 122/122/74
f 128/128/74 131/131/76 124/124/74
f 132/132/75 130/130/75 129/129/75
f 129/129/75 133/133/75 132/132/75
f 134/134/75 132/132/75 133/133/75
f 128/128/74 135/135/76 131/131/76
f 135/135/76 136/136/76 131/131/76
f 131/131/76 136/136/76 137/137/76
f 136/136/76 138/138/77 137/137/76
f 139/139/75 140/140/75 141/141/75
f 139/139/75 142/142/75 140/140/75
f 143/143/75 140/140/75 142/142/75
f 144/144/75 143/143/75 142/142/75
f 145/145/74 146/146/75 141/141/75
f 141/141/75 147/147/74 145/145/74
f 148/148/75 145/145/74 147/147/74
f 147/147/74 149/149/75 148/148/75
f 149/149/75 150/150/75 148/148/75
f 146/146/75 139/139/75 151/141/75
o RenderMesh_82993336911710.002
v -7.749801 -41.760654 24.642292
v -0.232629 -17.233248 24.642286
v -7.749801 -17.233248 24.642286
v -0.232629 -41.760654 24.642292
v -0.232629 -15.879560 25.203100
v -7.749801 -15.879560 25.203100
v -0.232629 -15.319167 26.556799
v -7.749801 -15.319167 26.556799
v -0.232629 -15.319165 29.748884
v -7.749802 -15.319165 29.748884
v -7.749802 -15.319165 29.748884
v -0.232629 -10.899079 29.748878
v -7.749802 -10.899079 29.748878
v -0.232629 -15.319165 29.748884
v -7.749802 -44.214104 26.567310
v -0.232629 -42.421093 26.567310
v -7.749802 -42.421093 26.567310
v -0.232629 -44.214104 26.567310
v -2.017224 -16.516468 13.642932
v -5.965202 -29.584187 16.268759
v -2.017224 -29.584187 16.268759
v -5.965202 -16.516468 13.642932
v -5.965202 -30.851692 17.072134
v -2.017224 -30.851692 17.072134
v -5.965202 -31.376770 18.206800
v -2.017227 -31.376770 18.206800
v -5.965202 -30.840340 19.249403
v -2.017227 -30.840340 19.249403
v -5.965202 -29.545086 19.763556
v -2.017227 -29.545086 19.763556
v -5.965202 -15.879142 19.763556
v -2.017227 -15.879142 19.763556
v -5.965202 -14.554040 19.214933
v -2.017227 -14.554040 19.214933
v -5.965202 -14.005419 17.889830
v -2.017227 -14.005419 17.889830
v -2.017224 -14.005419 15.095004
v -5.965202 -14.005419 15.095004
v -5.965202 -14.430865 14.068377
v -2.017224 -14.430865 14.068377
v -5.965202 -15.457482 13.642932
v -2.017224 -15.457482 13.642932
v -5.965202 -16.516468 13.642932
v -2.017224 -16.516468 13.642932
v -5.965202 -44.214115 21.510319
v -2.017227 -44.214115 21.510319
v -7.749802 -44.214104 26.567310
v -7.749801 -44.214115 21.510319
v -0.232629 -44.214104 26.567310
v -0.232629 -44.214115 21.510319
v -2.017227 -44.214119 18.347225
v -5.965202 -44.214119 18.347225
v -7.749801 -17.233248 24.642286
v -7.749801 -15.879560 25.203100
v -7.749801 -10.899082 21.510307
v -7.749801 -15.319167 26.556799
v -7.749802 -10.899079 29.748878
v -7.749802 -15.319165 29.748884
v -7.749801 -44.214115 21.510319
v -7.749801 -41.760654 24.642292
v -7.749802 -44.214104 26.567310
v -7.749802 -42.421093 26.567310
v -2.017224 -10.899086 11.896167
v -2.017227 -14.005419 17.889830
v -2.017224 -14.005419 15.095004
v -2.017224 -14.430865 14.068377
v -2.017224 -15.457482 13.642932
v -2.017227 -10.899082 21.510307
v -2.017227 -14.554040 19.214933
v -2.017224 -16.718685 11.896167
v -2.017227 -16.718679 21.510313
v -2.017224 -16.516468 13.642932
v -2.017227 -15.879142 19.763556
v -2.017224 -29.584187 16.268759
v -2.017227 -29.545086 19.763556
v -2.017227 -44.214119 18.347225
v -2.017227 -44.214115 21.510319
v -2.017227 -30.840340 19.249403
v -2.017224 -30.851692 17.072134
v -2.017227 -31.376770 18.206800
v -5.965202 -31.376770 18.206800
v -5.965202 -30.851692 17.072134
v -5.965202 -44.214119 18.347225
v -5.965202 -29.584187 16.268759
v -5.965202 -44.214115 21.510319
v -5.965202 -30.840340 19.249403
v -5.965202 -16.718685 11.896167
v -5.965202 -29.545086 19.763556
v -5.965202 -16.516468 13.642932
v -5.965202 -10.899082 21.510307
v -5.965202 -15.457482 13.642932
v -5.965202 -15.879142 19.763556
v -5.965202 -14.554040 19.214933
v -5.965202 -14.005419 17.889830
v -5.965202 -10.899086 11.896167
v -5.965202 -14.430865 14.068377
v -5.965202 -14.005419 15.095004
v -7.749802 -42.421093 26.567310
v -0.232629 -41.760654 24.642292
v -7.749801 -41.760654 24.642292
v -0.232629 -42.421093 26.567310
v -0.232629 -44.214115 21.510319
v -2.017227 -44.214115 21.510319
v -2.017227 -16.718679 21.510313
v -0.232629 -10.899082 21.510307
v -2.017227 -10.899082 21.510307
v -0.232629 -17.233248 24.642286
v -0.232629 -41.760654 24.642292
v -0.232629 -44.214104 26.567310
v -0.232629 -42.421093 26.567310
v -0.232629 -15.879560 25.203100
v -0.232629 -15.319167 26.556799
v -0.232629 -10.899079 29.748878
v -0.232629 -15.319165 29.748884
v -5.965202 -16.718685 11.896167
v -2.017224 -10.899086 11.896167
v -2.017224 -16.718685 11.896167
v -5.965202 -10.899086 11.896167
v -2.017227 -44.214119 18.347225
v -5.965202 -44.214119 18.347225
v -5.965202 -16.718679 21.510313
v -5.965202 -44.214115 21.510319
v -7.749801 -44.214115 21.510319
v -7.749801 -10.899082 21.510307
v -5.965202 -10.899082 21.510307
vn 0.0005 0.0005 1.0000
vn -0.0000 -0.0116 0.9999
vn 0.0005 -0.0419 0.9991
vn -0.0000 -0.6045 0.7966
vn -0.0000 -0.7970 0.6040
vn 0.0005 -0.9823 0.1871
vn -0.0000 -0.9974 0.0722
vn 0.0005 -1.0000 0.0005
vn -0.0000 0.1970 0.9804
vn -0.0000 0.2157 0.9765
vn 0.0005 0.2617 0.9651
vn -0.0000 0.6671 0.7450
vn -0.0000 0.7984 0.6021
vn -0.0000 0.9883 0.1527
vn -0.0000 0.9859 -0.1673
vn -0.0000 0.7389 -0.6738
vn -0.0000 0.5525 -0.8335
vn 0.0005 0.0633 -0.9980
vn -0.0000 0.0184 -0.9998
vn -0.0000 -0.0193 -0.9998
vn 0.0005 -0.0672 -0.9977
vn -0.0000 -0.6040 -0.7970
vn -0.0000 -0.7970 -0.6040
vn 0.0005 -0.9912 -0.1324
vn -0.0000 -0.9912 -0.1324
vn 0.0005 -0.9938 0.1109
vn -0.0000 -0.9938 0.1111
vn -0.0000 -0.7971 0.6038
vn -0.0000 -0.6038 0.7971
vn -0.0000 -0.2633 0.9647
vn -0.0000 -0.1343 0.9909
vn -1.0000 0.0005 0.0005
vn -1.0000 -0.0005 -0.0005
vn -1.0000 0.0005 -0.0005
vn 1.0000 -0.0000 -0.0000
vn 1.0000 0.0005 0.0005
vn 1.0000 -0.0003 0.0003
vn 1.0000 -0.0005 -0.0005
vn -1.0000 -0.0000 -0.0000
vn -0.0000 0.9459 0.3245
vn 0.8720 0.0004 -0.4894
vn 0.0005 0.0005 -1.0000
vn 0.9138 -0.0000 -0.4062
vn 1.0000 0.0003 0.0003
vn 0.0005 -0.1901 -0.9818
vn -0.0000 -0.1901 -0.9818
vn 0.0004 -0.2282 -0.9736
vn -0.0000 -0.2284 -0.9736
vt 0.335251 0.139643
vt 0.325886 0.109085
vt 0.335251 0.109085
vt 0.325886 0.139643
vt 0.325886 0.107260
vt 0.335251 0.107260
vt 0.325886 0.105435
vt 0.335251 0.105435
vt 0.325886 0.101458
vt 0.335251 0.101458
vt 0.726820 0.241819
vt 0.732329 0.232449
vt 0.732329 0.241819
vt 0.726820 0.232449
vt 0.337683 0.520328
vt 0.339918 0.510957
vt 0.339918 0.520328
vt 0.337683 0.510957
vt 0.617217 0.819372
vt 0.633827 0.814453
vt 0.633827 0.819372
vt 0.617217 0.814453
vt 0.635697 0.814453
vt 0.635697 0.819372
vt 0.637256 0.814453
vt 0.637256 0.819372
vt 0.638717 0.814453
vt 0.638717 0.819372
vt 0.640453 0.814453
vt 0.640453 0.819372
vt 0.657483 0.814453
vt 0.657483 0.819372
vt 0.659270 0.814453
vt 0.659270 0.819372
vt 0.661057 0.814453
vt 0.661057 0.819372
vt 0.664541 0.819372
vt 0.664541 0.814453
vt 0.665926 0.814453
vt 0.665926 0.819372
vt 0.667310 0.814453
vt 0.667310 0.819372
vt 0.668630 0.814453
vt 0.668630 0.819372
vt 0.238639 0.163176
vt 0.238639 0.168096
vt 0.232337 0.160952
vt 0.238639 0.160952
vt 0.232337 0.170321
vt 0.238639 0.170321
vt 0.242581 0.168096
vt 0.242581 0.163176
vt 0.547081 0.903318
vt 0.548768 0.902619
vt 0.554975 0.907222
vt 0.549467 0.900932
vt 0.554975 0.896954
vt 0.549467 0.896954
vt 0.513454 0.907222
vt 0.516513 0.903318
vt 0.513454 0.900919
vt 0.515689 0.900919
vt 0.869423 0.556451
vt 0.865552 0.563920
vt 0.865552 0.560437
vt 0.865022 0.559158
vt 0.863743 0.558628
vt 0.869423 0.568432
vt 0.864868 0.565571
vt 0.862171 0.556451
vt 0.862171 0.568432
vt 0.862423 0.558628
vt 0.863217 0.566255
vt 0.846138 0.561899
vt 0.846187 0.566255
vt 0.827907 0.564490
vt 0.827907 0.568432
vt 0.844573 0.565614
vt 0.844559 0.562901
vt 0.843905 0.564315
vt 0.929434 0.896821
vt 0.928780 0.895406
vt 0.945436 0.896996
vt 0.927200 0.894405
vt 0.945436 0.900939
vt 0.928766 0.898120
vt 0.911163 0.888954
vt 0.927151 0.898761
vt 0.910911 0.891132
vt 0.903909 0.900939
vt 0.909591 0.891132
vt 0.910116 0.898761
vt 0.908465 0.898077
vt 0.907781 0.896426
vt 0.903909 0.888954
vt 0.908311 0.891662
vt 0.907781 0.892942
vt 0.508744 0.097300
vt 0.511275 0.087949
vt 0.511275 0.097300
vt 0.508744 0.087949
vt 0.457074 0.329178
vt 0.457074 0.326954
vt 0.491341 0.326954
vt 0.498593 0.329178
vt 0.498593 0.326954
vt 0.490699 0.333081
vt 0.460132 0.333081
vt 0.457074 0.335480
vt 0.459309 0.335480
vt 0.492386 0.333780
vt 0.493085 0.335467
vt 0.498593 0.339446
vt 0.493085 0.339446
vt 0.549842 0.957377
vt 0.542589 0.952457
vt 0.549842 0.952457
vt 0.542589 0.957377
vt 0.585040 0.952457
vt 0.585040 0.957377
vt 0.793476 0.219958
vt 0.827731 0.219958
vt 0.827731 0.222181
vt 0.786227 0.222181
vt 0.786227 0.219958
s 1
usemtl P3D:_45cal_loose_co.paa_::_45cal_loose.rvmat
f 152/151/78 153/152/79 154/153/80
f 152/151/78 155/154/78 153/152/79
f 156/155/81 154/153/80 153/152/79
f 156/155/81 157/156/82 154/153/80
f 158/157/83 157/156/82 156/155/81
f 158/157/83 159/158/84 157/156/82
f 160/159/85 159/158/84 158/157/83
f 160/159/85 161/160/85 159/158/84
f 162/161/78 163/162/78 164/163/78
f 162/161/78 165/164/78 163/162/78
f 166/165/78 167/166/78 168/167/78
f 166/165/78 169/168/78 167/166/78
f 170/169/86 171/170/87 172/171/88
f 170/169/86 173/172/86 171/170/87
f 174/173/89 172/171/88 171/170/87
f 174/173/89 175/174/90 172/171/88
f 176/175/91 175/174/90 174/173/89
f 176/175/91 177/176/92 175/174/90
f 178/177/93 177/176/92 176/175/91
f 178/177/93 179/178/94 177/176/92
f 180/179/95 179/178/94 178/177/93
f 180/179/95 181/180/96 179/178/94
f 181/180/96 180/179/95 182/181/97
f 181/180/96 182/181/97 183/182/98
f 184/183/99 183/182/98 182/181/97
f 184/183/99 185/184/100 183/182/98
f 186/185/101 185/184/100 184/183/99
f 186/185/101 187/186/102 185/184/100
f 188/187/103 187/186/102 186/185/101
f 188/187/103 186/185/101 189/188/104
f 190/189/105 188/187/103 189/188/104
f 190/189/105 191/190/106 188/187/103
f 192/191/107 191/190/106 190/189/105
f 192/191/107 193/192/108 191/190/106
f 194/193/78 193/192/108 192/191/107
f 194/193/78 195/194/78 193/192/108
f 196/195/85 197/196/85 198/197/85
f 198/197/85 199/198/85 196/195/85
f 197/196/85 200/199/85 198/197/85
f 197/196/85 201/200/85 200/199/85
f 196/195/85 202/201/85 197/196/85
f 196/195/85 203/202/85 202/201/85
f 204/203/109 205/204/109 206/205/110
f 205/204/109 207/206/110 206/205/110
f 208/207/110 206/205/110 207/206/110
f 209/208/111 208/207/110 207/206/110
f 206/205/110 210/209/109 204/203/109
f 210/209/109 211/210/111 204/203/109
f 210/209/109 212/211/111 211/210/111
f 212/211/111 213/212/111 211/210/111
f 214/213/112 215/214/113 216/215/113
f 216/215/113 217/216/113 214/213/112
f 217/216/113 218/217/113 214/213/112
f 214/213/112 219/218/114 215/214/113
f 219/218/114 220/219/113 215/214/113
f 221/220/115 214/213/112 218/217/113
f 219/218/114 222/221/113 220/219/113
f 223/222/113 221/220/115 218/217/113
f 222/221/113 224/223/113 220/219/113
f 221/220/115 223/222/113 225/224/115
f 226/225/113 224/223/113 222/221/113
f 227/226/115 221/220/115 225/224/115
f 226/225/113 222/221/113 228/227/112
f 225/224/115 228/227/112 227/226/115
f 229/228/113 226/225/113 228/227/112
f 228/227/112 225/224/115 230/229/113
f 228/227/112 231/230/113 229/228/113
f 228/227/112 230/229/113 231/230/113
f 232/231/109 233/232/109 234/233/109
f 233/232/109 235/234/109 234/233/109
f 234/233/109 236/235/109 232/231/109
f 236/235/109 237/236/109 232/231/109
f 235/234/109 238/237/109 234/233/109
f 236/235/109 239/238/109 237/236/109
f 235/234/109 240/239/109 238/237/109
f 236/235/109 241/240/116 239/238/109
f 238/237/109 240/239/109 242/241/109
f 241/240/116 243/242/109 239/238/109
f 243/242/109 241/240/116 244/243/109
f 244/243/109 241/240/116 245/244/109
f 246/245/116 238/237/109 242/241/109
f 241/240/116 246/245/116 245/244/109
f 246/245/116 242/241/109 247/246/109
f 246/245/116 248/247/109 245/244/109
f 246/245/116 247/246/109 248/247/109
f 249/248/117 250/249/117 251/250/117
f 249/248/117 252/251/117 250/249/117
f 253/252/118 254/253/119 255/254/119
f 256/255/120 253/252/118 255/254/119
f 257/256/119 256/255/120 255/254/119
f 258/257/113 253/252/118 256/255/120
f 258/257/113 259/258/113 253/252/118
f 259/258/113 260/259/113 253/252/118
f 259/258/113 261/260/113 260/259/113
f 256/255/120 262/261/113 258/257/113
f 256/255/120 263/262/121 262/261/113
f 256/255/120 264/263/113 263/262/121
f 264/263/113 265/264/113 263/262/121
f 266/265/122 267/266/119 268/267/123
f 266/265/122 269/268/119 267/266/119
f 270/269/124 266/265/122 268/267/123
f 270/269/124 271/270/125 266/265/122
f 272/271/119 273/272/119 274/273/119
f 274/273/119 275/274/119 272/271/119
f 275/274/119 276/275/119 272/271/119
o RenderMesh_82993336911710.003
v 5.620844 21.912977 553.840332
v 10.644495 21.477270 553.840332
v 7.183661 23.475794 553.840332
v 8.258610 17.344748 553.840332
v 3.486207 21.340513 553.840332
v 3.486207 17.344748 553.840332
v -19.092876 21.477270 553.840332
v -14.069225 21.912977 553.840332
v -15.632044 23.475794 553.840332
v -16.706995 17.344748 553.840332
v -11.934588 17.344748 553.840332
v -11.934588 21.340513 553.840332
v -23.914902 38.965282 553.840332
v -26.803278 43.097805 553.840332
v -29.189163 38.965282 553.840332
v -23.342438 41.099918 553.840332
v -26.803278 34.832760 553.840332
v -23.342438 36.830639 553.840332
v 15.466518 38.965282 553.840332
v 18.354895 34.832760 553.840332
v 20.740778 38.965282 553.840332
v 14.894056 36.830639 553.840332
v 18.354895 43.097805 553.840332
v 14.894056 41.099918 553.840332
v -14.069225 56.017582 553.840332
v -11.934588 60.585819 553.840332
v -16.706995 60.585819 553.840332
v -11.934588 56.589413 553.840332
v -19.092876 56.452656 553.840332
v -15.632044 54.454769 553.840332
v 5.620844 56.017582 553.840332
v 10.644495 56.452656 553.840332
v 8.258610 60.585819 553.840332
v 3.486207 60.585819 553.840332
v 3.486207 56.589413 553.840332
v 7.183661 54.454769 553.840332
v -10.775675 60.585812 543.832520
v -10.775675 55.145542 543.832520
v -4.224189 56.901081 543.832520
v 2.327296 60.585812 543.832520
v 2.327296 55.145542 543.832520
v 2.327296 17.344744 543.832520
v 2.327296 22.785021 543.832520
v -4.224189 21.029478 543.832520
v -10.775675 17.344744 543.832520
v -10.775675 22.785021 543.832520
v -26.223818 44.101513 543.832520
v -21.512474 41.381062 543.832520
v -19.756931 47.933178 543.832520
v -19.672335 55.449581 543.832520
v -14.960989 52.729122 543.832520
v 17.775442 33.829044 543.832520
v 13.064095 36.549503 543.832520
v 11.308550 29.997377 543.832520
v 6.512610 25.201437 543.832520
v 11.223957 22.480978 543.832520
v -19.672335 22.480978 543.832520
v -14.960989 25.201437 543.832520
v -19.756931 29.997377 543.832520
v -21.512474 36.549503 543.832520
v -26.223818 33.829044 543.832520
v 11.223957 55.449581 543.832520
v 6.512610 52.729122 543.832520
v 11.308550 47.933178 543.832520
v 13.064095 41.381062 543.832520
v 17.775442 44.101513 543.832520
v -9.665738 29.540680 538.393372
v -18.931320 30.474419 538.393372
v -12.715039 24.258148 538.393372
v -13.648785 33.523731 538.393372
v -4.224189 28.082813 538.393372
v -21.206528 38.965275 538.393372
v -4.224189 21.982933 538.393372
v -15.106651 38.965275 538.393372
v 1.217360 29.540680 538.393372
v -18.931320 47.456135 538.393372
v 4.266660 24.258148 538.393372
v -13.648785 44.406193 538.393372
v 5.200408 33.523731 538.393372
v -12.715039 53.672405 538.393372
v 10.482939 30.474419 538.393372
v -9.665738 48.389874 538.393372
v 6.658271 38.965275 538.393372
v -4.224189 55.947620 538.393372
v 12.758144 38.965275 538.393372
v -4.224189 49.847744 538.393372
v 5.200408 44.406193 538.393372
v 4.266660 53.672405 538.393372
v 10.482939 47.456135 538.393372
v 1.217360 48.389874 538.393372
v 5.200414 33.524334 467.307922
v -4.224175 38.965237 437.234741
v 1.217368 29.540657 469.686768
v -4.224179 28.082790 470.557617
v -9.665726 29.540657 469.686768
v -13.648775 33.524334 467.307922
v -15.106638 38.965244 464.058228
v -13.648775 44.406796 467.307922
v -9.665726 48.389835 469.686768
v -4.224179 49.847706 470.557617
v 11.073849 22.220816 513.286621
v -19.522221 22.220825 532.774414
v 11.073845 22.220825 532.774414
v -19.522217 22.220816 513.286621
v -4.224185 28.082804 509.785706
v -9.665731 29.540663 508.914917
v 1.217364 29.540663 508.914917
v -13.648779 33.523705 506.536011
v -29.189154 38.965256 503.285767
v -15.106644 38.965256 503.285767
v 5.200412 33.523705 506.536011
v 20.740786 38.965256 503.285767
v 6.658275 38.965256 503.285767
v -4.224185 49.847725 509.785706
v 1.217364 48.389854 508.914917
v 11.073849 55.709709 513.286621
v 5.200412 44.406807 506.536011
v 20.740786 38.965256 503.285767
v 6.658275 38.965256 503.285767
v -19.522217 55.709709 513.286621
v -9.665731 48.389854 508.914917
v 11.073845 55.709721 532.774414
v -19.522221 55.709721 532.774414
v -13.648779 44.406807 506.536011
v -29.189154 38.965256 503.285767
v -15.106644 38.965256 503.285767
v 11.073853 22.220802 474.058533
v -19.522215 22.220808 493.546326
v 11.073849 22.220808 493.546326
v -19.522215 22.220802 474.058533
v -4.224179 28.082790 470.557617
v -9.665726 29.540657 469.686768
v 1.217368 29.540657 469.686768
v -13.648775 33.524334 467.307922
v -29.189150 38.965244 464.058228
v -15.106638 38.965244 464.058228
v 5.200414 33.524334 467.307922
v 20.740793 38.965244 464.058228
v 6.658283 38.965244 464.058228
v -4.224179 49.847706 470.557617
v 1.217368 48.389835 469.686768
v 11.073853 55.709698 474.058533
v 5.200414 44.406796 467.307922
v 20.740793 38.965244 464.058228
v 6.658283 38.965244 464.058228
v -19.522215 55.709698 474.058533
v -9.665726 48.389835 469.686768
v 11.073849 55.709709 493.546326
v -19.522215 55.709709 493.546326
v -13.648775 44.406796 467.307922
v -29.189150 38.965244 464.058228
v -15.106638 38.965244 464.058228
v 6.658283 38.965244 464.058228
v 5.200414 44.406796 467.307922
v 1.217368 48.389835 469.686768
v -4.224179 49.847706 470.557617
v 4.266660 24.258148 538.393372
v 2.327296 22.785021 543.832520
v 5.620844 21.912977 553.840332
v 3.486207 21.340513 553.840332
v -4.224189 21.982933 538.393372
v -4.224189 21.029478 543.832520
v -10.775675 22.785021 543.832520
v -12.715039 24.258148 538.393372
v -14.069225 21.912977 553.840332
v -11.934588 21.340513 553.840332
v 6.512610 25.201437 543.832520
v 7.183661 23.475794 553.840332
v 10.482939 30.474419 538.393372
v 11.308550 29.997377 543.832520
v -14.960989 25.201437 543.832520
v -15.632044 23.475794 553.840332
v -18.931320 30.474419 538.393372
v -19.756931 29.997377 543.832520
v 13.064095 36.549503 543.832520
v 12.758144 38.965275 538.393372
v -21.512474 36.549503 543.832520
v -21.206528 38.965275 538.393372
v -23.914902 38.965282 553.840332
v -23.342438 36.830639 553.840332
v 15.466518 38.965282 553.840332
v 14.894056 36.830639 553.840332
v 13.064095 41.381062 543.832520
v 10.482939 47.456135 538.393372
v 11.308550 47.933178 543.832520
v 14.894056 41.099918 553.840332
v -21.512474 41.381062 543.832520
v -23.342438 41.099918 553.840332
v -18.931320 47.456135 538.393372
v -19.756931 47.933178 543.832520
v -14.960989 52.729122 543.832520
v -12.715039 53.672405 538.393372
v -14.069225 56.017582 553.840332
v -15.632044 54.454769 553.840332
v 6.512610 52.729122 543.832520
v 4.266660 53.672405 538.393372
v 5.620844 56.017582 553.840332
v 7.183661 54.454769 553.840332
v -10.775675 55.145542 543.832520
v -11.934588 56.589413 553.840332
v -4.224189 55.947620 538.393372
v -4.224189 56.901081 543.832520
v 2.327296 55.145542 543.832520
v 3.486207 56.589413 553.840332
v -4.224189 55.947620 538.393372
v -4.224189 56.901081 543.832520
v -26.223818 44.101513 543.832520
v -23.342438 41.099918 553.840332
v -21.512474 41.381062 543.832520
v -26.803278 43.097805 553.840332
v 7.183661 23.475794 553.840332
v 11.223957 22.480978 543.832520
v 6.512610 25.201437 543.832520
v 10.644495 21.477270 553.840332
v -19.672335 22.480978 543.832520
v -15.632044 23.475794 553.840332
v -14.960989 25.201437 543.832520
v -19.092876 21.477270 553.840332
v 14.894056 41.099918 553.840332
v 17.775442 44.101513 543.832520
v 13.064095 41.381062 543.832520
v 18.354895 43.097805 553.840332
v 3.486207 60.585819 553.840332
v 2.327296 55.145542 543.832520
v 3.486207 56.589413 553.840332
v 2.327296 60.585812 543.832520
v 2.327296 22.785021 543.832520
v 3.486207 17.344748 553.840332
v 3.486207 21.340513 553.840332
v 2.327296 17.344744 543.832520
v -10.775675 60.585812 543.832520
v -11.934588 56.589413 553.840332
v -10.775675 55.145542 543.832520
v -11.934588 60.585819 553.840332
v -11.934588 17.344748 553.840332
v -10.775675 22.785021 543.832520
v -11.934588 21.340513 553.840332
v -10.775675 17.344744 543.832520
v -19.092876 56.452656 553.840332
v -14.960989 52.729122 543.832520
v -15.632044 54.454769 553.840332
v -19.672335 55.449581 543.832520
v 13.064095 36.549503 543.832520
v 18.354895 34.832760 553.840332
v 14.894056 36.830639 553.840332
v 17.775442 33.829044 543.832520
v -26.803278 34.832760 553.840332
v -21.512474 36.549503 543.832520
v -23.342438 36.830639 553.840332
v -26.223818 33.829044 543.832520
v 6.512610 52.729122 543.832520
v 10.644495 56.452656 553.840332
v 7.183661 54.454769 553.840332
v 11.223957 55.449581 543.832520
v -10.775675 60.585812 543.832520
v 8.258627 60.585781 452.201294
v -16.706980 60.585781 452.201294
v -16.706995 60.585819 553.840332
v -11.934588 60.585819 553.840332
v 2.327296 60.585812 543.832520
v 8.258610 60.585819 553.840332
v 3.486207 60.585819 553.840332
v 1.569117 60.585781 448.849915
v -10.017468 60.585781 448.849915
v -4.224175 60.585781 447.860168
v -19.522215 55.709698 474.058533
v -19.522215 55.709709 493.546326
v -16.706980 60.585781 452.201294
v -20.051414 54.792484 448.849915
v -29.189150 38.965244 464.058228
v -22.948061 49.775188 447.860168
v -25.844709 44.758533 448.849915
v -29.189146 38.965244 452.201294
v -16.706995 60.585819 553.840332
v -29.189150 38.965256 483.545410
v -29.189154 38.965256 503.285767
v -19.522217 55.709709 513.286621
v -19.522221 55.709721 532.774414
v -19.672335 55.449581 543.832520
v -19.092876 56.452656 553.840332
v -26.223818 44.101513 543.832520
v -29.189157 38.965256 522.773560
v -29.189163 38.965282 553.840332
v -26.803278 43.097805 553.840332
v 8.258610 60.585819 553.840332
v 11.073849 55.709709 513.286621
v 11.073849 55.709709 493.546326
v 20.740786 38.965256 503.285767
v 20.740789 38.965256 483.545410
v 11.073845 55.709721 532.774414
v 8.258627 60.585781 452.201294
v 11.073853 55.709698 474.058533
v 11.603064 54.792484 448.849915
v 20.740793 38.965244 464.058228
v 14.499712 49.775188 447.860168
v 17.396360 44.758533 448.849915
v 20.740793 38.965244 452.201294
v 11.223957 55.449581 543.832520
v 10.644495 56.452656 553.840332
v 17.775442 44.101513 543.832520
v 20.740782 38.965256 522.773560
v 20.740778 38.965282 553.840332
v 18.354895 43.097805 553.840332
v -19.672335 22.480978 543.832520
v -26.223818 33.829044 543.832520
v -19.522221 22.220825 532.774414
v -29.189157 38.965256 522.773560
v -29.189163 38.965282 553.840332
v -26.803278 34.832760 553.840332
v -16.706995 17.344748 553.840332
v -19.092876 21.477270 553.840332
v -19.522217 22.220816 513.286621
v -19.522215 22.220808 493.546326
v -29.189154 38.965256 503.285767
v -29.189150 38.965256 483.545410
v -16.706980 17.344706 452.201294
v -19.522215 22.220802 474.058533
v -20.051414 23.137999 448.849915
v -29.189150 38.965244 464.058228
v -22.948061 28.155294 447.860168
v -25.844709 33.171947 448.849915
v -29.189146 38.965244 452.201294
v 11.073849 22.220816 513.286621
v 11.073845 22.220825 532.774414
v 8.258610 17.344748 553.840332
v 11.223957 22.480978 543.832520
v 10.644495 21.477270 553.840332
v 17.775442 33.829044 543.832520
v 20.740782 38.965256 522.773560
v 20.740778 38.965282 553.840332
v 18.354895 34.832760 553.840332
v 11.073849 22.220808 493.546326
v 20.740786 38.965256 503.285767
v 20.740789 38.965256 483.545410
v 8.258627 17.344706 452.201294
v 11.073853 22.220802 474.058533
v 11.603064 23.137999 448.849915
v 20.740793 38.965244 464.058228
v 14.499712 28.155294 447.860168
v 17.396360 33.171947 448.849915
v 20.740793 38.965244 452.201294
v 8.258627 17.344706 452.201294
v -10.775675 17.344744 543.832520
v -16.706980 17.344706 452.201294
v -16.706995 17.344748 553.840332
v -11.934588 17.344748 553.840332
v -10.017468 17.344706 448.849915
v 2.327296 17.344744 543.832520
v 1.569117 17.344706 448.849915
v -4.224175 17.344706 447.860168
v 8.258610 17.344748 553.840332
v 3.486207 17.344748 553.840332
v 5.200408 33.523712 526.023254
v 5.200408 33.523731 538.393372
v 6.658271 38.965275 538.393372
v 1.217360 29.540680 528.402710
v 1.217360 29.540680 538.393372
v 6.658275 38.965256 522.773560
v 5.200408 44.406193 538.393372
v -4.224189 28.082813 529.273499
v -4.224189 28.082813 538.393372
v -9.665735 29.540680 528.402710
v -9.665738 29.540680 538.393372
v 5.200408 44.406807 526.023254
v 1.217360 48.389874 538.393372
v -4.224189 49.847744 538.393372
v -4.224189 49.847725 529.273499
v -13.648783 33.523712 526.023254
v -13.648785 33.523731 538.393372
v -15.106649 38.965256 522.773560
v -15.106651 38.965275 538.393372
v -13.648785 44.406193 538.393372
v -9.665735 48.389854 528.402710
v -9.665738 48.389874 538.393372
v -4.224189 49.847725 529.273499
v -4.224189 49.847744 538.393372
v -4.224181 28.082790 490.045410
v 1.217364 29.540663 508.914917
v 1.217368 29.540657 489.174683
v -4.224185 28.082804 509.785706
v -9.665730 29.540657 489.174683
v -4.224185 28.082804 509.785706
v -9.665731 29.540663 508.914917
v 5.200414 33.524345 486.795715
v 5.200412 33.523705 506.536011
v -13.648777 33.524345 486.795715
v -13.648779 33.523705 506.536011
v 6.658275 38.965256 503.285767
v 6.658279 38.965256 483.545410
v -15.106640 38.965256 483.545410
v -15.106644 38.965256 503.285767
v 5.200412 44.406807 506.536011
v 5.200414 44.406807 486.795715
v -13.648777 44.406807 486.795715
v -13.648779 44.406807 506.536011
v -13.648783 44.406807 526.023254
v 1.217368 48.389854 489.174683
v 1.217364 48.389854 508.914917
v -9.665730 48.389854 489.174683
v -9.665731 48.389854 508.914917
v 1.217360 48.389854 528.402710
v -4.224181 49.847717 490.045410
v -4.224185 49.847725 509.785706
v -4.224181 49.847717 490.045410
v -4.224185 49.847725 509.785706
v -4.224189 49.847725 529.273499
v -16.706980 60.585781 452.201294
v -11.939659 52.328365 440.744507
v -15.135258 49.876324 440.744507
v 8.258627 60.585781 452.201294
v 6.686909 49.876324 440.744507
v 3.491311 52.328365 440.744507
v -10.017468 60.585781 448.849915
v -16.706980 60.585781 452.201294
v 1.569117 60.585781 448.849915
v 8.258627 60.585781 452.201294
v -29.189146 38.965244 452.201294
v -19.654510 38.965237 440.744507
v -19.129118 34.971378 440.744507
v -25.844709 44.758533 448.849915
v 20.740793 38.965244 452.201294
v 10.680769 34.971378 440.744507
v 11.206160 38.965237 440.744507
v 10.680769 42.959103 440.744507
v -16.706980 17.344706 452.201294
v -15.135258 28.054146 440.744507
v -11.939659 25.602116 440.744507
v -16.706980 60.585781 452.201294
v -20.051414 54.792484 448.849915
v 8.258627 17.344706 452.201294
v 3.491311 25.602116 440.744507
v 6.686909 28.054146 440.744507
v 8.258627 60.585781 452.201294
v 11.603064 54.792484 448.849915
v 8.258627 17.344706 452.201294
v -0.230313 24.060291 440.744507
v -10.017468 17.344706 448.849915
v -16.706980 17.344706 452.201294
v -10.017468 60.585781 448.849915
v -8.218036 53.870182 440.744507
v -4.224175 60.585781 447.860168
v -10.017468 60.585781 448.849915
v -0.230313 53.870182 440.744507
v -4.224175 60.585781 447.860168
v 1.569117 60.585781 448.849915
v 1.569117 60.585781 448.849915
v -20.051414 54.792484 448.849915
v -17.587294 46.680729 440.744507
v 9.138945 46.680729 440.744507
v 11.603064 54.792484 448.849915
v 20.740793 38.965244 452.201294
v 17.396360 44.758533 448.849915
v -29.189146 38.965244 452.201294
v -25.844709 33.171947 448.849915
v -22.948061 49.775188 447.860168
v -19.129118 42.959103 440.744507
v -25.844709 44.758533 448.849915
v 20.740793 38.965244 452.201294
v 17.396360 33.171947 448.849915
v 17.396360 44.758533 448.849915
v -25.844709 44.758533 448.849915
v -4.224175 60.585781 447.860168
v -4.224175 54.395580 440.744507
v -4.224175 60.585781 447.860168
v -20.051414 54.792484 448.849915
v -22.948061 49.775188 447.860168
v 11.603064 54.792484 448.849915
v 14.499712 49.775188 447.860168
v -22.948061 28.155294 447.860168
v -25.844709 33.171947 448.849915
v -16.706980 17.344706 452.201294
v -20.051414 23.137999 448.849915
v 8.258627 17.344706 452.201294
v 1.569117 17.344706 448.849915
v 8.258627 17.344706 452.201294
v 11.603064 23.137999 448.849915
v 9.138945 31.249744 440.744507
v 17.396360 33.171947 448.849915
v 17.396360 44.758533 448.849915
v 14.499712 49.775188 447.860168
v -17.587294 31.249744 440.744507
v -20.051414 23.137999 448.849915
v -22.948061 49.775188 447.860168
v 11.603064 23.137999 448.849915
v -8.218036 24.060291 440.744507
v -10.017468 17.344706 448.849915
v -4.224175 23.534901 440.744507
v 1.569117 17.344706 448.849915
v -4.224175 17.344706 447.860168
v -10.017468 17.344706 448.849915
v 17.396360 33.171947 448.849915
v 14.499712 28.155294 447.860168
v -22.948061 28.155294 447.860168
v -20.051414 23.137999 448.849915
v -22.948061 28.155294 447.860168
v 11.603064 23.137999 448.849915
v 14.499712 28.155294 447.860168
v 1.569117 17.344706 448.849915
v -4.224175 17.344706 447.860168
v -4.224175 17.344706 447.860168
v 6.686909 49.876316 430.236084
v 9.138945 46.680729 440.744507
v 9.138945 46.680714 430.236084
v 10.680769 42.959103 440.744507
v 6.686909 49.876324 440.744507
v 10.680769 42.959095 430.236084
v 3.491314 52.328358 430.236084
v 11.206160 38.965237 440.744507
v 3.491311 52.328365 440.744507
v 11.206160 38.965229 430.236084
v -0.230313 53.870174 430.236084
v 10.680769 34.971378 440.744507
v -0.230313 53.870182 440.744507
v 10.680769 34.971371 430.236084
v -4.224172 54.395565 430.236084
v 9.138945 31.249744 440.744507
v -4.224175 54.395580 440.744507
v 9.138945 31.249744 430.236084
v -8.218034 53.870174 430.236084
v 6.686909 28.054146 440.744507
v -8.218036 53.870182 440.744507
v 6.686909 28.054146 430.236084
v -11.939657 52.328358 430.236084
v 3.491311 25.602116 440.744507
v -11.939659 52.328365 440.744507
v 3.491314 25.602116 430.236084
v -15.135256 49.876316 430.236084
v -0.230313 24.060291 440.744507
v -15.135258 49.876324 440.744507
v -0.230313 24.060287 430.236084
v -4.224175 23.534901 440.744507
v -4.224172 23.534901 430.236084
v -17.587294 46.680729 440.744507
v -17.587292 46.680714 430.236084
v -19.129118 42.959095 430.236084
v -19.129118 42.959103 440.744507
v -19.654509 38.965229 430.236084
v -19.654510 38.965237 440.744507
v -19.129118 34.971371 430.236084
v -19.129118 34.971378 440.744507
v -17.587292 31.249744 430.236084
v -17.587294 31.249744 440.744507
v -15.135256 28.054146 430.236084
v -15.135258 28.054146 440.744507
v -11.939657 25.602116 430.236084
v -11.939659 25.602116 440.744507
v -8.218034 24.060287 430.236084
v -8.218036 24.060291 440.744507
v -4.224175 23.534901 440.744507
v -4.224172 23.534901 430.236084
v -4.224181 49.847717 490.045410
v -9.665730 48.389854 489.174683
v -19.522215 55.709709 493.546326
v -13.648777 44.406807 486.795715
v -29.189150 38.965256 483.545410
v -15.106640 38.965256 483.545410
v 11.073849 55.709709 493.546326
v 1.217368 48.389854 489.174683
v 5.200414 44.406807 486.795715
v 20.740789 38.965256 483.545410
v 6.658279 38.965256 483.545410
v 11.073849 22.220808 493.546326
v -19.522215 22.220808 493.546326
v -4.224181 28.082790 490.045410
v -9.665730 29.540657 489.174683
v 1.217368 29.540657 489.174683
v -13.648777 33.524345 486.795715
v -29.189150 38.965256 483.545410
v -15.106640 38.965256 483.545410
v 5.200414 33.524345 486.795715
v 20.740789 38.965256 483.545410
v 6.658279 38.965256 483.545410
v -4.224189 49.847725 529.273499
v -9.665735 48.389854 528.402710
v -19.522221 55.709721 532.774414
v -13.648783 44.406807 526.023254
v -29.189157 38.965256 522.773560
v -15.106649 38.965256 522.773560
v 11.073845 55.709721 532.774414
v 1.217360 48.389854 528.402710
v 5.200408 44.406807 526.023254
v 20.740782 38.965256 522.773560
v 6.658275 38.965256 522.773560
v 11.073845 22.220825 532.774414
v -19.522221 22.220825 532.774414
v -4.224189 28.082813 529.273499
v -9.665735 29.540680 528.402710
v 1.217360 29.540680 528.402710
v -13.648783 33.523712 526.023254
v -29.189157 38.965256 522.773560
v -15.106649 38.965256 522.773560
v 5.200408 33.523712 526.023254
v 20.740782 38.965256 522.773560
v 6.658275 38.965256 522.773560
vn 0.0005 0.0005 1.0000
vn -0.0000 -0.0000 1.0000
vn -0.7157 0.6131 0.3346
vn -0.3905 0.8646 0.3162
vn -0.0000 0.9506 0.3104
vn 0.3905 0.8646 0.3162
vn 0.7156 0.6131 0.3347
vn 0.9266 -0.0000 0.3759
vn 0.7154 -0.6129 0.3355
vn 0.3902 -0.8648 0.3159
vn 0.2008 -0.9312 0.3041
vn 0.0005 0.9466 0.3224
vn 0.0005 1.0000 -0.0005
vn -0.0005 0.8701 0.4929
vn -0.0000 0.5128 0.8585
vn -0.0000 -0.5127 0.8585
vn -0.0000 -0.5128 0.8585
vn 0.0005 -0.8700 0.4931
vn 0.0004 -0.5126 0.8586
vn -0.0005 -0.9466 0.3224
vn 0.0005 -1.0000 0.0005
vn 0.0005 0.9466 0.3223
vn 0.0005 1.0000 0.0005
vn -0.0005 0.8699 0.4931
vn 0.0003 0.5127 0.8586
vn -0.0000 0.5127 0.8585
vn 0.0007 0.5126 0.8586
vn -0.0005 -0.8700 0.4930
vn -0.0000 -0.5127 0.8586
vn 0.0005 -0.9466 0.3224
vn -0.9266 -0.0000 0.3759
vn -0.7154 -0.6129 0.3355
vn -0.3902 -0.8648 0.3160
vn -0.2008 -0.9312 0.3041
vn -0.4925 0.8530 0.1727
vn -0.2552 0.9524 0.1670
vn -0.4926 0.8530 0.1727
vn -0.2554 0.9523 0.1670
vn 0.0003 0.9850 0.1725
vn -0.0000 0.9850 0.1727
vn 0.2552 0.9524 0.1670
vn 0.4925 0.8530 0.1727
vn 0.4926 0.8530 0.1727
vn 0.2554 0.9523 0.1670
vn -0.6972 0.6972 0.1670
vn -0.8530 0.4925 0.1727
vn 0.6972 0.6972 0.1670
vn 0.8530 0.4925 0.1727
vn -0.9523 0.2553 0.1670
vn -0.9850 0.0003 0.1725
vn 0.9523 0.2553 0.1670
vn 0.9850 -0.0000 0.1727
vn 0.9523 0.2555 0.1667
vn -0.9850 -0.0000 0.1727
vn -0.9523 0.2554 0.1670
vn -0.9523 -0.2553 0.1670
vn -0.8530 -0.4925 0.1727
vn -0.9523 -0.2554 0.1670
vn 0.9523 -0.2553 0.1670
vn 0.9523 -0.2554 0.1670
vn 0.8530 -0.4925 0.1727
vn 0.6972 -0.6972 0.1670
vn 0.4925 -0.8530 0.1727
vn -0.6972 -0.6972 0.1670
vn -0.4925 -0.8530 0.1727
vn 0.2552 -0.9524 0.1670
vn 0.2554 -0.9523 0.1668
vn 0.2552 -0.9524 0.1669
vn -0.2552 -0.9524 0.1670
vn -0.2551 -0.9524 0.1669
vn -0.2552 -0.9524 0.1669
vn 0.4967 0.8603 0.1150
vn 0.4966 0.8603 0.1150
vn 0.4967 0.8602 0.1150
vn 0.4968 0.8602 0.1150
vn -0.4967 0.8602 0.1150
vn -0.4968 0.8602 0.1150
vn -0.4967 0.8603 0.1150
vn -0.4966 0.8603 0.1150
vn -0.9934 0.0006 0.1147
vn -0.9934 -0.0000 0.1150
vn -0.9934 0.0006 0.1148
vn 0.9934 -0.0000 0.1150
vn -0.4967 -0.8603 0.1150
vn -0.4966 -0.8603 0.1150
vn -0.4967 -0.8602 0.1150
vn 0.4967 -0.8603 0.1150
vn 0.4966 -0.8603 0.1150
vn 0.4967 -0.8602 0.1150
vn -0.0005 1.0000 0.0005
vn -0.0003 1.0000 -0.0003
vn -0.0005 1.0000 -0.0005
vn -0.8660 0.5000 -0.0000
vn -0.8661 0.4999 -0.0003
vn -0.8661 0.4999 0.0003
vn -0.8661 0.4998 0.0004
vn -0.8661 0.5000 -0.0000
vn -0.8661 0.4999 -0.0000
vn 0.8660 0.5000 -0.0000
vn 0.8662 0.4997 0.0007
vn 0.8661 0.4998 0.0005
vn 0.8661 0.4998 0.0004
vn 0.8661 0.4999 -0.0000
vn -0.8661 -0.4998 0.0005
vn -0.8660 -0.5000 -0.0000
vn -0.8662 -0.4996 0.0008
vn -0.8661 -0.4998 -0.0004
vn 0.8660 -0.5000 -0.0000
vn 0.8661 -0.4998 0.0004
vn 0.8661 -0.4999 -0.0003
vn 0.8662 -0.4997 -0.0006
vn -0.0000 -1.0000 -0.0000
vn -0.0005 -1.0000 0.0005
vn -0.9130 0.4079 -0.0005
vn -0.8250 0.5651 -0.0000
vn -0.9971 0.0757 -0.0000
vn -0.5857 0.8105 0.0005
vn -0.4256 0.9049 -0.0000
vn -0.9971 -0.0757 -0.0005
vn -0.9129 -0.4082 -0.0000
vn -0.0941 0.9956 0.0005
vn 0.0941 0.9956 -0.0000
vn 0.4257 0.9049 0.0005
vn 0.5855 0.8107 -0.0000
vn -0.8252 -0.5648 -0.0005
vn -0.5182 -0.8553 -0.0005
vn -0.2588 -0.9659 -0.0000
vn 0.8252 0.5649 0.0005
vn 0.9129 0.4082 -0.0000
vn 1.0000 0.0005 -0.0005
vn 1.0000 0.0005 0.0005
vn 0.8808 -0.4734 -0.0005
vn 0.5857 -0.8105 -0.0005
vn 0.4259 -0.9048 -0.0000
vn 0.2588 -0.9659 -0.0000
vn 0.4249 -0.9052 0.0005
vn -0.0897 0.9960 -0.0005
vn -0.4998 0.8662 0.0005
vn -0.4998 0.8661 -0.0005
vn -0.2588 0.9659 -0.0000
vn 0.4209 0.9071 -0.0005
vn 0.2583 0.9661 -0.0006
vn -0.0891 0.9960 -0.0006
vn 0.5747 0.8184 0.0005
vn -0.8662 0.4997 0.0005
vn -0.8662 0.4998 0.0005
vn 0.8184 0.5747 0.0005
vn 0.9071 0.4209 0.0005
vn -0.9960 0.0891 0.0005
vn -0.9960 -0.0891 -0.0005
vn 0.9960 0.0891 0.0005
vn 0.9960 -0.0891 0.0005
vn -0.8661 -0.4998 -0.0005
vn -0.8662 -0.4998 -0.0005
vn 0.9072 -0.4207 0.0005
vn 0.8182 -0.5749 0.0005
vn 0.8662 -0.4997 -0.0005
vn -0.5749 -0.8182 -0.0005
vn -0.4207 -0.9072 0.0005
vn 0.5749 -0.8182 0.0005
vn 0.4207 -0.9072 0.0005
vn -0.4998 -0.8661 0.0005
vn 0.2586 -0.9660 0.0003
vn -0.4695 0.6119 -0.6364
vn -0.3624 0.6754 -0.6423
vn -0.4929 0.5837 -0.6453
vn 0.4695 0.6119 -0.6364
vn 0.4929 0.5837 -0.6453
vn 0.3624 0.6754 -0.6423
vn -0.3199 0.7009 -0.6375
vn -0.3619 0.6756 -0.6423
vn 0.3619 0.6756 -0.6423
vn 0.3196 0.7006 -0.6380
vn -0.7687 0.0025 -0.6397
vn -0.7662 0.0239 -0.6422
vn -0.7422 -0.1695 -0.6484
vn -0.7666 0.0735 -0.6380
vn 0.7686 -0.0000 -0.6397
vn 0.7519 -0.1344 -0.6454
vn 0.7519 0.1343 -0.6454
vn -0.4695 -0.6119 -0.6364
vn -0.4928 -0.5837 -0.6453
vn -0.3623 -0.6754 -0.6423
vn -0.4381 0.6258 -0.6453
vn -0.4928 0.5837 -0.6453
vn 0.4695 -0.6119 -0.6364
vn 0.3847 -0.6657 -0.6394
vn 0.4928 -0.5837 -0.6453
vn 0.4378 0.6260 -0.6453
vn 0.4928 0.5837 -0.6453
vn 0.2957 -0.7125 -0.6363
vn 0.2594 -0.7186 -0.6453
vn 0.3842 -0.6660 -0.6394
vn -0.3619 -0.6756 -0.6423
vn -0.3196 -0.7006 -0.6380
vn -0.2916 0.7038 -0.6478
vn -0.1640 0.7401 -0.6522
vn -0.1108 0.7531 -0.6485
vn -0.1637 0.7402 -0.6522
vn 0.1637 0.7402 -0.6522
vn 0.1116 0.7531 -0.6484
vn 0.1113 0.7531 -0.6484
vn 0.1641 0.7401 -0.6522
vn 0.2916 0.7038 -0.6478
vn -0.6044 0.4637 -0.6478
vn -0.4931 0.5834 -0.6453
vn -0.6295 0.4195 -0.6540
vn 0.6549 0.3787 -0.6540
vn 0.4931 0.5834 -0.6453
vn 0.6044 0.4637 -0.6478
vn 0.7611 0.0661 -0.6453
vn -0.7608 -0.0659 -0.6456
vn -0.7423 -0.1692 -0.6484
vn -0.7076 0.2806 -0.6485
vn -0.7226 0.2291 -0.6522
vn 0.7611 -0.0661 -0.6453
vn 0.7607 -0.0660 -0.6458
vn 0.7519 -0.1343 -0.6454
vn 0.7034 0.2915 -0.6483
vn 0.7519 0.1347 -0.6454
vn 0.6551 0.3783 -0.6540
vn -0.7553 0.0994 -0.6478
vn -0.7227 0.2288 -0.6522
vn -0.7662 0.0240 -0.6422
vn -0.0988 0.7508 -0.6531
vn 0.0002 0.7547 -0.6560
vn 0.0005 0.7547 -0.6560
vn 0.0988 0.7508 -0.6531
vn -0.5936 0.4714 -0.6522
vn 0.6548 0.3788 -0.6540
vn 0.5936 0.4714 -0.6522
vn -0.7421 -0.1699 -0.6484
vn -0.7076 -0.2806 -0.6485
vn -0.4378 -0.6260 -0.6453
vn 0.3233 -0.6922 -0.6453
vn 0.4378 -0.6260 -0.6453
vn 0.6551 -0.3783 -0.6540
vn 0.7518 -0.1347 -0.6454
vn 0.7038 -0.2916 -0.6478
vn 0.7050 0.2784 -0.6522
vn -0.6295 -0.4195 -0.6540
vn -0.4931 -0.5834 -0.6453
vn -0.6044 -0.4637 -0.6478
vn -0.6999 0.2895 -0.6529
vn -0.6297 0.4193 -0.6540
vn 0.6044 -0.4637 -0.6478
vn 0.4931 -0.5834 -0.6453
vn 0.6548 -0.3788 -0.6540
vn -0.1640 -0.7401 -0.6522
vn -0.2914 -0.7035 -0.6482
vn 0.0494 -0.7548 -0.6541
vn 0.2591 -0.7186 -0.6453
vn 0.0994 -0.7553 -0.6478
vn -0.1637 -0.7402 -0.6522
vn -0.1108 -0.7531 -0.6485
vn 0.7050 -0.2784 -0.6522
vn -0.7421 -0.1698 -0.6484
vn -0.6297 -0.4192 -0.6540
vn -0.6996 -0.2898 -0.6531
vn -0.5936 -0.4714 -0.6522
vn 0.5936 -0.4714 -0.6522
vn 0.0493 -0.7548 -0.6541
vn 0.1122 -0.7499 -0.6520
vn -0.1636 -0.7402 -0.6522
vn 0.0490 -0.7548 -0.6541
vn -0.0988 -0.7508 -0.6531
vn 0.7372 0.6757 -0.0005
vn 0.8433 0.5375 -0.0005
vn 0.8870 0.4618 -0.0005
vn 0.9538 0.3004 -0.0005
vn 0.6757 0.7372 0.0005
vn 0.9763 0.2164 0.0005
vn 0.5375 0.8433 0.0005
vn 0.9991 0.0435 0.0005
vn 0.4618 0.8870 0.0005
vn 0.9991 -0.0435 0.0005
vn 0.3004 0.9538 0.0005
vn 0.9763 -0.2164 0.0005
vn 0.2164 0.9763 -0.0005
vn 0.9536 -0.3012 0.0005
vn 0.0435 0.9991 -0.0005
vn 0.8870 -0.4618 0.0005
vn -0.0435 0.9991 -0.0005
vn 0.8433 -0.5375 0.0005
vn -0.2164 0.9763 -0.0005
vn 0.7372 -0.6757 0.0005
vn -0.3012 0.9536 -0.0005
vn 0.6757 -0.7372 0.0005
vn -0.4618 0.8870 -0.0005
vn 0.5375 -0.8433 0.0005
vn -0.5375 0.8433 -0.0005
vn 0.4618 -0.8870 0.0005
vn -0.7071 0.7071 -0.0005
vn 0.3012 -0.9536 0.0005
vn -0.7071 0.7071 -0.0000
vn 0.2164 -0.9763 0.0005
vn 0.1304 -0.9915 -0.0000
vn -0.9538 0.3004 -0.0005
vn -0.9763 0.2164 -0.0005
vn -0.9991 0.0435 -0.0005
vn -0.9991 -0.0435 -0.0005
vn -0.9763 -0.2164 -0.0005
vn -0.9536 -0.3012 -0.0005
vn -0.8870 -0.4618 -0.0005
vn -0.8433 -0.5375 -0.0005
vn -0.7372 -0.6757 -0.0005
vn -0.6757 -0.7372 -0.0005
vn -0.5375 -0.8433 -0.0005
vn -0.4618 -0.8870 0.0005
vn -0.1304 -0.9915 -0.0000
vn -0.0000 0.5127 -0.8585
vn -0.0000 0.5128 -0.8585
vn -0.0000 -0.5127 -0.8585
vn 0.0006 -0.5125 -0.8587
vn -0.0000 -0.5128 -0.8585
vn -0.0000 0.5127 -0.8586
vn -0.0011 0.5124 -0.8587
vn 0.0009 0.5126 -0.8586
vn -0.0005 -0.5126 -0.8586
vn -0.0000 -0.5127 -0.8586
vt 0.552582 0.068832
vt 0.554650 0.068653
vt 0.553225 0.069475
vt 0.553668 0.066951
vt 0.551703 0.068596
vt 0.551703 0.066951
vt 0.370263 0.173153
vt 0.372330 0.173332
vt 0.371687 0.173975
vt 0.371245 0.171452
vt 0.373209 0.171452
vt 0.373209 0.173096
vt 0.968607 0.194834
vt 0.968428 0.196902
vt 0.966726 0.195920
vt 0.969250 0.195477
vt 0.966726 0.193955
vt 0.968371 0.193955
vt 0.926282 0.190834
vt 0.925404 0.188954
vt 0.927368 0.188954
vt 0.925404 0.190598
vt 0.928350 0.190655
vt 0.926926 0.191477
vt 0.111817 0.189834
vt 0.109747 0.189654
vt 0.110731 0.187952
vt 0.111173 0.190478
vt 0.112697 0.187952
vt 0.112697 0.189598
vt 0.996058 0.154592
vt 0.996937 0.156472
vt 0.994972 0.156472
vt 0.993990 0.154771
vt 0.995415 0.153948
vt 0.996937 0.154827
vt 0.540230 0.199453
vt 0.542469 0.199453
vt 0.541747 0.202149
vt 0.540230 0.204846
vt 0.542469 0.204846
vt 0.616342 0.199450
vt 0.618582 0.199450
vt 0.617859 0.202147
vt 0.616342 0.204844
vt 0.618582 0.204844
vt 0.871867 0.196456
vt 0.871867 0.198696
vt 0.869170 0.197973
vt 0.866473 0.196456
vt 0.866473 0.198696
vt 0.654392 0.199448
vt 0.656631 0.199448
vt 0.655908 0.202144
vt 0.656631 0.204841
vt 0.654392 0.204841
vt 0.688002 0.035457
vt 0.690244 0.035457
vt 0.689521 0.038157
vt 0.690244 0.040857
vt 0.688002 0.040857
vt 0.578289 0.199452
vt 0.580529 0.199452
vt 0.579807 0.202150
vt 0.580529 0.204848
vt 0.578289 0.204848
vt 0.801903 0.972380
vt 0.798934 0.969954
vt 0.802553 0.969954
vt 0.799584 0.972380
vt 0.803912 0.973540
vt 0.795799 0.971764
vt 0.805688 0.971764
vt 0.797575 0.973540
vt 0.805072 0.975548
vt 0.793989 0.974898
vt 0.807498 0.974898
vt 0.796415 0.975548
vt 0.805072 0.977868
vt 0.793989 0.978518
vt 0.807498 0.978518
vt 0.796415 0.977868
vt 0.803912 0.979877
vt 0.795799 0.981653
vt 0.805688 0.981653
vt 0.797575 0.979877
vt 0.801904 0.981037
vt 0.798934 0.983463
vt 0.802553 0.983463
vt 0.799584 0.981037
vt 0.680619 0.542625
vt 0.693558 0.540180
vt 0.680363 0.545130
vt 0.681047 0.547375
vt 0.682644 0.549095
vt 0.684937 0.550133
vt 0.687590 0.550496
vt 0.689227 0.552615
vt 0.691271 0.554085
vt 0.693558 0.554613
vt 0.503553 0.932984
vt 0.516152 0.941009
vt 0.503553 0.941009
vt 0.516152 0.932984
vt 0.509852 0.930173
vt 0.512093 0.929473
vt 0.507612 0.929473
vt 0.513733 0.927563
vt 0.520133 0.924953
vt 0.514334 0.924953
vt 0.505971 0.927563
vt 0.499572 0.924953
vt 0.505371 0.924953
vt 0.531527 0.935784
vt 0.529287 0.936483
vt 0.525228 0.932973
vt 0.527647 0.938394
vt 0.521248 0.941003
vt 0.527046 0.941003
vt 0.537826 0.932973
vt 0.533767 0.936483
vt 0.525228 0.924949
vt 0.537826 0.924949
vt 0.535407 0.938394
vt 0.541806 0.941003
vt 0.536008 0.941003
vt 0.647406 0.932484
vt 0.634805 0.924458
vt 0.647406 0.924458
vt 0.634805 0.932484
vt 0.641106 0.935296
vt 0.638865 0.935995
vt 0.643347 0.935995
vt 0.637224 0.937906
vt 0.630824 0.940517
vt 0.636624 0.940517
vt 0.644987 0.937906
vt 0.651388 0.940517
vt 0.645588 0.940517
vt 0.488180 0.935794
vt 0.485939 0.936494
vt 0.481880 0.932983
vt 0.484299 0.938404
vt 0.477899 0.941015
vt 0.483698 0.941015
vt 0.494480 0.932983
vt 0.490421 0.936494
vt 0.481880 0.924957
vt 0.494480 0.924957
vt 0.492061 0.938404
vt 0.498461 0.941015
vt 0.492662 0.941015
vt 0.681640 0.540150
vt 0.680632 0.537669
vt 0.680388 0.535163
vt 0.681083 0.532921
vt 0.284932 0.856955
vt 0.285912 0.859224
vt 0.284932 0.863456
vt 0.285839 0.863405
vt 0.288654 0.856955
vt 0.288654 0.859252
vt 0.291397 0.859224
vt 0.292376 0.856955
vt 0.292376 0.863456
vt 0.291470 0.863405
vt 0.283953 0.859224
vt 0.284025 0.863405
vt 0.281210 0.856955
vt 0.281210 0.859252
vt 0.293356 0.859224
vt 0.293283 0.863405
vt 0.296098 0.856955
vt 0.296098 0.859252
vt 0.278467 0.859223
vt 0.277488 0.856955
vt 0.298841 0.859223
vt 0.299820 0.856955
vt 0.299819 0.863454
vt 0.298912 0.863403
vt 0.277490 0.863454
vt 0.278396 0.863403
vt 0.276510 0.859223
vt 0.273766 0.856955
vt 0.273770 0.859254
vt 0.276583 0.863403
vt 0.300798 0.859223
vt 0.300725 0.863403
vt 0.303542 0.856955
vt 0.303539 0.859254
vt 0.306283 0.859235
vt 0.307264 0.856955
vt 0.307279 0.863520
vt 0.306360 0.863469
vt 0.271026 0.859235
vt 0.270044 0.856955
vt 0.270030 0.863520
vt 0.270948 0.863469
vt 0.308267 0.859254
vt 0.308193 0.863469
vt 0.310986 0.856955
vt 0.311091 0.859252
vt 0.269041 0.859254
vt 0.269116 0.863469
vt 0.266322 0.856955
vt 0.266217 0.859252
vt 0.805758 0.204105
vt 0.807403 0.199957
vt 0.807998 0.204105
vt 0.805758 0.199957
vt 0.730249 0.199454
vt 0.731894 0.203603
vt 0.729654 0.203603
vt 0.731894 0.199454
vt 0.243052 0.272101
vt 0.244697 0.267955
vt 0.245291 0.272101
vt 0.243052 0.267955
vt 0.205605 0.267458
vt 0.207250 0.271604
vt 0.205011 0.271604
vt 0.207250 0.267458
vt 0.583839 0.090453
vt 0.581599 0.094602
vt 0.582194 0.090453
vt 0.583839 0.094602
vt 0.978184 0.166699
vt 0.982336 0.164458
vt 0.982336 0.166104
vt 0.978184 0.164458
vt 0.704205 0.027452
vt 0.702559 0.031603
vt 0.701963 0.027452
vt 0.704205 0.031603
vt 0.976763 0.182958
vt 0.980913 0.185199
vt 0.976763 0.184604
vt 0.980913 0.182958
vt 0.693842 0.199448
vt 0.691601 0.203598
vt 0.692196 0.199448
vt 0.693842 0.203598
vt 0.018534 0.204193
vt 0.022685 0.201951
vt 0.022685 0.203598
vt 0.018534 0.201951
vt 0.230864 0.250994
vt 0.226716 0.248754
vt 0.230864 0.249349
vt 0.226716 0.250994
vt 0.769944 0.204101
vt 0.767701 0.199948
vt 0.769348 0.199948
vt 0.767701 0.204101
vt 0.664725 0.728495
vt 0.594556 0.743071
vt 0.594556 0.723954
vt 0.672389 0.723954
vt 0.672389 0.727608
vt 0.664725 0.738530
vt 0.672389 0.743071
vt 0.672389 0.739417
vt 0.591990 0.737949
vt 0.591990 0.729076
vt 0.591232 0.733513
vt 0.526809 0.737758
vt 0.541731 0.737758
vt 0.510072 0.742070
vt 0.507505 0.736947
vt 0.519151 0.722953
vt 0.506748 0.732511
vt 0.507506 0.728075
vt 0.510072 0.722953
vt 0.587901 0.742070
vt 0.534074 0.722953
vt 0.549190 0.722953
vt 0.556848 0.737758
vt 0.571770 0.737758
vt 0.580238 0.737528
vt 0.587901 0.738415
vt 0.580238 0.727494
vt 0.564112 0.722953
vt 0.587901 0.722953
vt 0.587901 0.726607
vt 0.372527 0.723075
vt 0.403580 0.718764
vt 0.418696 0.718764
vt 0.411239 0.703958
vt 0.426355 0.703958
vt 0.388658 0.718764
vt 0.450357 0.723075
vt 0.433620 0.718764
vt 0.452923 0.717953
vt 0.441277 0.703958
vt 0.453681 0.713517
vt 0.452923 0.709080
vt 0.450357 0.703958
vt 0.380190 0.718533
vt 0.372527 0.719421
vt 0.380190 0.708500
vt 0.396316 0.703958
vt 0.372527 0.703958
vt 0.372527 0.707612
vt 0.907584 0.653621
vt 0.917619 0.653621
vt 0.907354 0.662089
vt 0.922161 0.669748
vt 0.922161 0.645957
vt 0.918506 0.645957
vt 0.903043 0.645957
vt 0.906697 0.645957
vt 0.907354 0.677012
vt 0.907354 0.692129
vt 0.922161 0.684671
vt 0.922161 0.699788
vt 0.903043 0.723791
vt 0.907354 0.707053
vt 0.908165 0.726357
vt 0.922161 0.714711
vt 0.912602 0.727115
vt 0.917038 0.726357
vt 0.922161 0.723791
vt 0.159646 0.495764
vt 0.174569 0.495764
vt 0.190700 0.500075
vt 0.183037 0.495534
vt 0.190700 0.496421
vt 0.183037 0.485500
vt 0.166911 0.480958
vt 0.190700 0.480958
vt 0.190700 0.484613
vt 0.144531 0.495764
vt 0.151988 0.480958
vt 0.136872 0.480958
vt 0.112870 0.500075
vt 0.129608 0.495764
vt 0.110304 0.494953
vt 0.121950 0.480958
vt 0.109546 0.490517
vt 0.110304 0.486080
vt 0.112870 0.480958
vt 0.678884 0.723951
vt 0.749050 0.738526
vt 0.678884 0.743068
vt 0.756714 0.743068
vt 0.756714 0.739413
vt 0.676318 0.737945
vt 0.749050 0.728492
vt 0.676318 0.729073
vt 0.675560 0.733509
vt 0.756714 0.723951
vt 0.756714 0.727605
vt 0.012086 0.982958
vt 0.012086 0.987342
vt 0.009516 0.987342
vt 0.014609 0.982958
vt 0.014609 0.987342
vt 0.009516 0.982958
vt 0.006946 0.987342
vt 0.017081 0.982958
vt 0.017081 0.987342
vt 0.019553 0.982958
vt 0.019553 0.987342
vt 0.006946 0.982958
vt 0.004423 0.987342
vt 0.001951 0.987342
vt 0.001951 0.982958
vt 0.022075 0.982958
vt 0.022075 0.987342
vt 0.024646 0.982958
vt 0.024646 0.987342
vt 0.027216 0.987342
vt 0.029739 0.982958
vt 0.029739 0.987342
vt 0.032211 0.982958
vt 0.032211 0.987342
vt 0.613035 0.952975
vt 0.615229 0.944950
vt 0.615229 0.952975
vt 0.613035 0.944950
vt 0.610842 0.952975
vt 0.610842 0.944950
vt 0.617582 0.952975
vt 0.617582 0.944950
vt 0.608489 0.952975
vt 0.608489 0.944950
vt 0.620085 0.944950
vt 0.620085 0.952975
vt 0.605986 0.952975
vt 0.605986 0.944950
vt 0.622587 0.944950
vt 0.622587 0.952975
vt 0.603483 0.952975
vt 0.603483 0.944950
vt 0.027216 0.982958
vt 0.624940 0.952975
vt 0.624940 0.944950
vt 0.601130 0.952975
vt 0.601130 0.944950
vt 0.004423 0.982958
vt 0.627134 0.952975
vt 0.627134 0.944950
vt 0.598937 0.952975
vt 0.598937 0.944950
vt 0.661680 0.773953
vt 0.667045 0.783748
vt 0.664798 0.785260
vt 0.682853 0.773953
vt 0.679735 0.785260
vt 0.677487 0.783748
vt 0.667522 0.773953
vt 0.677010 0.773953
vt 0.650554 0.792206
vt 0.661801 0.792206
vt 0.662090 0.794809
vt 0.654389 0.787525
vt 0.693979 0.792206
vt 0.682442 0.794809
vt 0.682731 0.792206
vt 0.682442 0.789604
vt 0.661680 0.810460
vt 0.664798 0.799153
vt 0.667045 0.800665
vt 0.659386 0.779420
vt 0.682853 0.810460
vt 0.677487 0.800665
vt 0.679735 0.799153
vt 0.685147 0.779420
vt 0.674948 0.801698
vt 0.667522 0.810460
vt 0.669585 0.782714
vt 0.672266 0.773953
vt 0.674948 0.782714
vt 0.663070 0.787218
vt 0.681462 0.787218
vt 0.690143 0.787525
vt 0.654389 0.796887
vt 0.657082 0.783575
vt 0.662090 0.789604
vt 0.690143 0.796887
vt 0.672266 0.782320
vt 0.687451 0.783575
vt 0.657082 0.800837
vt 0.659386 0.804993
vt 0.677010 0.810460
vt 0.685147 0.804993
vt 0.681462 0.797195
vt 0.663070 0.797195
vt 0.669585 0.801698
vt 0.672266 0.802092
vt 0.672266 0.810460
vt 0.687451 0.800837
vt 0.672641 0.053493
vt 0.675724 0.045448
vt 0.675724 0.053493
vt 0.678808 0.045448
vt 0.672641 0.045448
vt 0.678808 0.053493
vt 0.669557 0.053493
vt 0.681892 0.045448
vt 0.669557 0.045448
vt 0.681892 0.053493
vt 0.666473 0.053493
vt 0.684975 0.045448
vt 0.666473 0.045448
vt 0.684975 0.053493
vt 0.663389 0.053493
vt 0.688059 0.045448
vt 0.663389 0.045448
vt 0.688059 0.053493
vt 0.660305 0.053493
vt 0.691143 0.045448
vt 0.660305 0.045448
vt 0.691143 0.053493
vt 0.657222 0.053493
vt 0.694227 0.045448
vt 0.657222 0.045448
vt 0.694227 0.053493
vt 0.654138 0.053493
vt 0.697310 0.045448
vt 0.654138 0.045448
vt 0.697310 0.053493
vt 0.700394 0.045448
vt 0.700394 0.053493
vt 0.651054 0.045448
vt 0.651054 0.053493
vt 0.647970 0.053493
vt 0.647970 0.045448
vt 0.644887 0.053493
vt 0.644887 0.045448
vt 0.641803 0.053493
vt 0.641803 0.045448
vt 0.638720 0.053493
vt 0.638720 0.045448
vt 0.635636 0.053493
vt 0.635636 0.045448
vt 0.632552 0.053493
vt 0.632552 0.045448
vt 0.629468 0.053493
vt 0.629468 0.045448
vt 0.626384 0.045448
vt 0.626384 0.053493
vt 0.478901 0.646266
vt 0.476661 0.646965
vt 0.472603 0.643455
vt 0.475021 0.648876
vt 0.468623 0.651485
vt 0.474421 0.651485
vt 0.485199 0.643455
vt 0.481141 0.646965
vt 0.482781 0.648876
vt 0.489179 0.651485
vt 0.483381 0.651485
vt 0.502937 0.907481
vt 0.490337 0.907481
vt 0.496637 0.904669
vt 0.494396 0.903970
vt 0.498878 0.903970
vt 0.492756 0.902059
vt 0.486356 0.899449
vt 0.492156 0.899449
vt 0.500518 0.902059
vt 0.506918 0.899449
vt 0.501119 0.899449
vt 0.732318 0.105674
vt 0.734558 0.104975
vt 0.738616 0.108485
vt 0.736198 0.103065
vt 0.742595 0.100456
vt 0.736798 0.100456
vt 0.726020 0.108485
vt 0.730078 0.104975
vt 0.728438 0.103065
vt 0.722041 0.100456
vt 0.727838 0.100456
vt 0.266793 0.613985
vt 0.254198 0.613985
vt 0.260496 0.611174
vt 0.258256 0.610475
vt 0.262736 0.610475
vt 0.256616 0.608565
vt 0.250219 0.605956
vt 0.256016 0.605956
vt 0.264375 0.608565
vt 0.270772 0.605956
vt 0.264975 0.605956
s 1
usemtl P3D:_45cal_loose_co.paa_::_45cal_loose.rvmat
f 277/276/126 278/277/126 279/278/126
f 277/276/126 280/279/126 278/277/126
f 280/279/126 277/276/126 281/280/126
f 280/279/126 281/280/126 282/281/126
f 283/282/126 284/283/126 285/284/126
f 283/282/126 286/285/126 284/283/126
f 284/283/126 286/285/126 287/286/126
f 284/283/126 287/286/126 288/287/126
f 289/288/126 290/289/126 291/290/126
f 289/288/126 292/291/126 290/289/126
f 291/290/126 293/292/126 289/288/126
f 293/292/126 294/293/126 289/288/126
f 295/294/126 296/295/126 297/296/126
f 295/294/126 298/297/126 296/295/126
f 299/298/126 300/299/126 295/294/126
f 297/296/126 299/298/126 295/294/126
f 301/300/126 302/301/126 303/302/126
f 301/300/126 304/303/126 302/301/126
f 303/302/126 305/304/126 301/300/126
f 305/304/126 306/305/126 301/300/126
f 307/306/126 308/307/126 309/308/126
f 309/308/126 310/309/126 307/306/126
f 310/309/126 311/310/126 307/306/126
f 307/306/126 312/311/126 308/307/126
f 313/312/126 314/313/126 315/314/126
f 316/315/126 313/312/126 315/314/126
f 315/314/126 317/316/126 316/315/126
f 318/317/126 319/318/126 320/319/126
f 321/320/126 318/317/126 320/319/126
f 320/319/126 322/321/126 321/320/126
f 323/322/126 324/323/126 325/324/127
f 326/325/126 323/322/126 325/324/127
f 325/324/127 327/326/126 326/325/126
f 328/327/126 329/328/126 330/329/126
f 330/329/126 331/330/126 332/331/126
f 332/331/126 328/327/126 330/329/126
f 333/332/126 334/333/126 335/334/127
f 335/334/127 336/335/126 337/336/126
f 337/336/126 333/332/126 335/334/127
f 338/337/126 339/338/126 340/339/126
f 340/339/126 341/340/126 342/341/126
f 342/341/126 338/337/126 340/339/126
f 343/342/126 344/343/126 345/344/126
f 343/342/126 346/345/126 344/343/126
f 347/346/126 343/342/126 345/344/126
f 346/345/126 348/347/127 344/343/126
f 347/346/126 345/344/126 349/348/127
f 346/345/126 350/349/126 348/347/127
f 351/350/127 347/346/126 349/348/127
f 350/349/126 352/351/126 348/347/127
f 351/350/127 349/348/127 353/352/126
f 350/349/126 354/353/126 352/351/126
f 355/354/126 351/350/127 353/352/126
f 354/353/126 356/355/126 352/351/126
f 355/354/126 353/352/126 357/356/126
f 354/353/126 358/357/126 356/355/126
f 359/358/126 355/354/126 357/356/126
f 358/357/126 360/359/126 356/355/126
f 359/358/126 357/356/126 361/360/127
f 358/357/126 362/361/126 360/359/126
f 363/362/126 359/358/126 361/360/127
f 362/361/126 364/363/126 360/359/126
f 363/362/126 361/360/127 365/364/126
f 362/361/126 366/365/127 364/363/126
f 366/365/127 363/362/126 365/364/126
f 366/365/127 365/364/126 364/363/126
f 367/366/128 368/367/127 369/368/129
f 369/368/129 368/367/127 370/369/130
f 370/369/130 368/367/127 371/370/131
f 371/370/131 368/367/127 372/371/132
f 372/371/132 368/367/127 373/372/133
f 368/367/127 374/373/134 373/372/133
f 368/367/127 375/374/135 374/373/134
f 368/367/127 376/375/136 375/374/135
f 377/376/137 378/377/138 379/378/138
f 377/376/137 380/379/139 378/377/138
f 377/376/137 381/380/140 380/379/139
f 381/380/140 382/381/140 380/379/139
f 377/376/137 383/382/140 381/380/140
f 382/381/140 384/383/140 380/379/139
f 385/384/140 380/379/139 384/383/140
f 386/385/140 385/384/140 384/383/140
f 377/376/137 387/386/140 383/382/140
f 377/376/137 388/387/140 387/386/140
f 388/387/140 389/388/140 387/386/140
f 390/389/141 391/390/142 392/391/143
f 391/390/142 393/392/142 392/391/143
f 394/393/142 392/391/143 393/392/142
f 395/394/144 394/393/142 393/392/142
f 396/395/145 390/389/141 392/391/143
f 396/395/145 397/396/142 390/389/141
f 396/395/145 392/391/143 398/397/146
f 396/395/145 398/397/146 399/398/146
f 396/395/145 400/399/142 397/396/142
f 396/395/145 401/400/142 400/399/142
f 401/400/142 402/401/142 400/399/142
f 403/402/147 404/403/148 405/404/148
f 403/402/147 406/405/149 404/403/148
f 403/402/147 407/406/140 406/405/149
f 407/406/140 408/407/150 406/405/149
f 403/402/147 409/408/140 407/406/140
f 408/407/150 410/409/151 406/405/149
f 411/410/140 406/405/149 410/409/151
f 412/411/150 411/410/140 410/409/151
f 403/402/147 413/412/151 409/408/140
f 403/402/147 414/413/152 413/412/151
f 414/413/152 415/414/140 413/412/151
f 416/415/142 417/416/142 418/417/153
f 417/416/142 419/418/141 418/417/153
f 420/419/141 418/417/153 419/418/141
f 421/420/154 420/419/141 419/418/141
f 422/421/155 416/415/142 418/417/153
f 422/421/155 423/422/142 416/415/142
f 422/421/155 418/417/153 424/423/146
f 422/421/155 424/423/146 425/424/146
f 422/421/155 426/425/141 423/422/142
f 422/421/155 427/426/141 426/425/141
f 427/426/141 428/427/154 426/425/141
f 368/367/127 367/366/128 429/428/156
f 368/367/127 429/428/156 430/429/157
f 368/367/127 430/429/157 431/430/158
f 368/367/127 431/430/158 432/431/159
f 433/432/160 434/433/161 435/434/162
f 434/433/161 436/435/163 435/434/162
f 433/432/160 437/436/164 434/433/161
f 437/436/164 438/437/165 434/433/161
f 439/438/166 438/437/165 437/436/164
f 440/439/167 439/438/166 437/436/164
f 440/439/167 441/440/168 439/438/166
f 441/440/168 442/441/169 439/438/166
f 433/432/160 435/434/162 443/442/170
f 435/434/162 444/443/170 443/442/170
f 433/432/160 443/442/170 445/444/171
f 443/442/170 446/445/171 445/444/171
f 440/439/167 447/446/172 441/440/168
f 447/446/172 448/447/172 441/440/168
f 440/439/167 449/448/173 447/446/172
f 449/448/173 450/449/173 447/446/172
f 445/444/171 446/445/171 451/450/174
f 452/451/175 445/444/171 451/450/174
f 453/452/176 450/449/173 449/448/173
f 454/453/177 453/452/176 449/448/173
f 454/453/177 455/454/177 453/452/176
f 455/454/177 456/455/178 453/452/176
f 452/451/175 451/450/174 457/456/179
f 451/450/174 458/457/180 457/456/179
f 452/451/175 459/458/181 460/459/182
f 459/458/181 461/460/182 460/459/182
f 452/451/175 457/456/179 459/458/181
f 457/456/179 462/461/183 459/458/181
f 454/453/177 463/462/184 455/454/177
f 463/462/184 464/463/185 455/454/177
f 454/453/177 465/464/186 463/462/184
f 465/464/186 466/465/186 463/462/184
f 467/466/187 466/465/186 465/464/186
f 468/467/188 467/466/187 465/464/186
f 468/467/188 469/468/188 467/466/187
f 469/468/188 470/469/187 467/466/187
f 460/459/182 461/460/182 471/470/189
f 472/471/190 460/459/182 471/470/189
f 472/471/190 471/470/189 473/472/190
f 471/470/189 474/473/189 473/472/190
f 468/467/188 475/474/191 469/468/188
f 475/474/191 476/475/192 469/468/188
f 468/467/188 477/476/193 475/474/191
f 477/476/193 478/477/193 475/474/191
f 472/471/190 473/472/190 479/478/194
f 473/472/190 480/479/195 479/478/194
f 472/471/190 479/478/194 481/480/196
f 479/478/194 482/481/196 481/480/196
f 483/482/197 484/483/197 485/484/197
f 483/482/197 486/485/198 484/483/197
f 487/486/199 488/487/199 489/488/197
f 487/486/199 490/489/200 488/487/199
f 491/490/201 492/491/202 493/492/201
f 491/490/201 494/493/202 492/491/202
f 495/494/203 496/495/203 497/496/203
f 495/494/203 498/497/204 496/495/203
f 499/498/205 500/499/206 501/500/206
f 499/498/205 502/501/206 500/499/206
f 503/502/206 504/503/207 505/504/206
f 503/502/206 506/505/206 504/503/207
f 507/506/208 508/507/208 509/508/208
f 507/506/208 510/509/208 508/507/208
f 511/510/208 512/511/208 513/512/208
f 511/510/208 514/513/208 512/511/208
f 515/514/209 516/515/209 517/516/210
f 515/514/209 518/517/209 516/515/209
f 519/518/209 520/519/209 521/520/210
f 519/518/209 522/521/211 520/519/209
f 523/522/212 524/523/212 525/524/213
f 523/522/212 526/525/214 524/523/212
f 527/526/212 528/527/212 529/528/213
f 527/526/212 530/529/212 528/527/212
f 531/530/148 532/531/215 533/532/148
f 533/532/148 534/533/138 531/530/148
f 534/533/138 535/534/138 531/530/148
f 536/535/216 532/531/215 531/530/148
f 537/536/217 532/531/215 536/535/216
f 536/535/216 538/537/138 537/536/217
f 532/531/215 539/538/148 533/532/148
f 540/539/148 533/532/148 539/538/148
f 539/538/148 541/540/148 540/539/148
f 542/541/218 543/542/218 544/543/218
f 544/543/218 545/544/219 542/541/218
f 546/545/218 542/541/218 545/544/219
f 545/544/219 547/546/220 546/545/218
f 547/546/220 548/547/221 546/545/218
f 548/547/221 549/548/218 546/545/218
f 550/549/222 544/543/218 543/542/218
f 551/550/218 552/551/218 543/542/218
f 552/551/218 553/552/218 543/542/218
f 543/542/218 553/552/218 550/549/222
f 553/552/218 554/553/218 550/549/222
f 554/553/218 555/554/221 550/549/222
f 555/554/221 556/555/223 550/549/222
f 554/553/218 557/556/218 555/554/221
f 554/553/218 558/557/218 557/556/218
f 558/557/218 559/558/218 557/556/218
f 559/558/218 560/559/221 557/556/218
f 561/560/224 562/561/224 563/562/224
f 562/561/224 564/563/224 563/562/224
f 564/563/224 565/564/224 563/562/224
f 561/560/224 566/565/225 562/561/224
f 567/566/224 561/560/224 563/562/224
f 568/567/224 567/566/224 563/562/224
f 569/568/224 567/566/224 568/567/224
f 568/567/224 570/569/224 569/568/224
f 571/570/224 569/568/224 570/569/224
f 572/571/226 571/570/224 570/569/224
f 570/569/224 573/572/224 572/571/226
f 561/560/224 574/573/227 566/565/225
f 561/560/224 575/574/228 574/573/227
f 574/573/227 576/575/224 566/565/225
f 576/575/224 577/576/224 566/565/225
f 576/575/224 578/577/224 577/576/224
f 576/575/224 579/578/224 578/577/224
f 580/579/229 581/580/230 582/581/231
f 581/580/230 583/582/230 582/581/231
f 581/580/230 584/583/230 583/582/230
f 581/580/230 585/584/230 584/583/230
f 586/585/230 580/579/229 582/581/231
f 586/585/230 587/586/232 580/579/229
f 582/581/231 588/587/230 586/585/230
f 588/587/230 589/588/230 586/585/230
f 588/587/230 590/589/230 589/588/230
f 590/589/230 591/590/230 589/588/230
f 592/591/230 586/585/230 589/588/230
f 589/588/230 593/592/230 592/591/230
f 594/593/230 592/591/230 593/592/230
f 594/593/230 593/592/230 595/594/230
f 596/595/230 594/593/230 595/594/230
f 597/596/230 596/595/230 595/594/230
f 598/597/230 597/596/230 595/594/230
f 599/598/233 600/599/233 601/600/233
f 600/599/233 602/601/233 601/600/233
f 602/601/233 603/602/233 601/600/233
f 600/599/233 604/603/234 602/601/233
f 600/599/233 605/604/233 604/603/234
f 605/604/233 606/605/233 604/603/234
f 606/605/233 607/606/233 604/603/234
f 608/607/233 599/598/233 601/600/233
f 608/607/233 609/608/233 599/598/233
f 608/607/233 610/609/233 609/608/233
f 611/610/235 608/607/233 601/600/233
f 612/611/233 608/607/233 611/610/235
f 611/610/235 613/612/233 612/611/233
f 614/613/236 612/611/233 613/612/233
f 613/612/233 615/614/233 614/613/236
f 616/615/233 614/613/236 615/614/233
f 617/616/233 614/613/236 616/615/233
f 618/617/237 619/618/238 620/619/238
f 621/620/238 620/619/238 619/618/238
f 622/621/146 621/620/238 619/618/238
f 620/619/238 623/622/146 618/617/237
f 618/617/237 624/623/146 619/618/238
f 618/617/237 623/622/146 625/624/146
f 623/622/146 626/625/146 625/624/146
f 618/617/237 627/626/146 624/623/146
f 627/626/146 628/627/146 624/623/146
f 629/628/239 630/629/240 631/630/241
f 632/631/242 633/632/243 630/629/240
f 634/633/244 631/630/241 635/634/245
f 636/635/246 637/636/247 633/632/243
f 638/637/248 639/638/249 637/636/247
f 640/639/250 635/634/245 641/640/251
f 641/640/251 642/641/252 643/642/252
f 644/643/253 645/644/254 639/638/249
f 646/645/255 647/646/256 645/644/254
f 646/645/255 648/647/257 647/646/256
f 649/648/258 650/649/259 648/647/257
f 651/650/260 652/651/260 650/649/261
f 653/652/262 654/653/263 655/654/264
f 653/652/262 656/655/265 654/653/263
f 657/656/266 658/655/267 653/652/268
f 657/656/266 659/657/269 658/655/267
f 636/635/246 633/632/243 632/631/242
f 638/637/248 637/636/247 636/635/246
f 660/658/270 654/653/263 661/659/271
f 660/658/270 655/654/264 654/653/263
f 659/657/269 657/656/266 662/660/272
f 659/657/269 662/660/272 663/661/273
f 632/631/242 630/629/240 629/628/239
f 644/643/253 639/638/249 638/637/248
f 660/658/270 661/659/271 664/662/274
f 660/658/270 664/662/274 665/663/275
f 666/664/276 663/661/273 662/660/272
f 666/664/276 667/665/277 663/661/273
f 629/628/239 631/630/241 634/633/244
f 646/645/255 645/644/254 644/643/253
f 668/666/278 665/663/275 664/662/274
f 668/666/278 669/667/279 665/663/275
f 634/633/244 635/634/245 640/639/250
f 670/668/280 667/665/277 666/664/276
f 670/668/280 671/669/281 667/665/277
f 646/645/255 672/670/282 648/647/257
f 673/671/283 669/667/279 668/666/278
f 673/671/283 668/666/278 674/672/284
f 671/669/281 670/668/280 675/673/285
f 671/669/281 675/673/285 676/674/286
f 640/639/250 641/640/251 677/675/287
f 649/648/258 648/647/257 672/670/282
f 678/676/252 673/671/283 674/672/284
f 678/676/252 674/672/284 679/677/252
f 641/640/251 643/642/252 677/675/287
f 680/678/260 676/674/286 675/673/285
f 680/678/260 681/679/288 676/674/286
f 682/650/260 650/649/259 649/648/258
f 683/680/289 684/681/290 685/682/291
f 686/683/292 687/684/293 688/685/294
f 689/686/295 684/681/296 690/680/295
f 688/685/297 691/687/298 692/683/298
f 693/688/299 694/689/300 695/690/301
f 696/691/302 694/689/300 693/688/299
f 697/692/303 698/693/304 699/694/303
f 697/692/303 699/694/303 700/695/305
f 701/696/306 702/697/307 703/698/308
f 704/680/309 685/682/310 705/699/309
f 706/700/311 707/701/312 708/702/313
f 709/683/314 710/703/314 687/684/315
f 711/700/316 712/704/317 707/701/318
f 703/698/319 713/705/320 714/696/320
f 715/686/321 716/706/322 684/681/296
f 717/707/323 716/706/324 718/686/323
f 719/708/325 720/707/326 721/687/327
f 688/685/297 719/708/328 722/687/329
f 723/699/330 685/682/331 724/709/332
f 725/710/333 687/684/334 726/703/335
f 727/692/336 700/695/305 728/711/336
f 729/688/337 695/690/338 730/712/337
f 731/713/339 732/714/340 733/691/339
f 734/692/341 735/715/342 698/693/343
f 736/711/344 700/695/345 725/710/346
f 737/691/347 732/714/348 694/689/349
f 738/707/350 739/716/351 716/706/324
f 719/708/325 739/716/352 740/707/353
f 741/699/354 724/709/332 742/713/354
f 725/710/355 743/703/356 744/717/356
f 695/690/357 745/718/358 746/712/358
f 747/696/359 748/719/359 702/697/307
f 749/700/360 750/720/360 712/704/317
f 751/700/361 708/702/313 752/721/361
f 753/722/362 698/693/363 754/715/364
f 755/711/365 725/710/346 756/717/365
f 757/723/366 702/697/367 758/719/368
f 759/713/369 724/709/370 732/714/340
f 760/721/371 708/702/372 753/722/373
f 703/698/319 761/724/374 762/705/375
f 763/725/376 712/704/377 764/720/378
f 761/724/379 765/726/380 766/705/380
f 753/722/362 767/715/381 768/727/381
f 695/690/382 757/723/383 769/718/384
f 757/723/366 770/719/385 771/718/385
f 772/721/386 753/722/373 773/727/386
f 763/725/387 774/720/388 775/726/388
f 761/724/389 763/725/390 776/726/391
f 777/728/392 778/729/393 779/730/394
f 779/730/394 778/729/393 780/731/395
f 777/728/392 781/732/396 778/729/393
f 779/730/394 780/731/395 782/733/397
f 783/734/398 781/732/396 777/728/392
f 782/733/397 780/731/395 784/735/399
f 783/734/398 785/736/400 781/732/396
f 782/733/397 784/735/399 786/737/401
f 787/738/402 785/736/400 783/734/398
f 786/737/401 784/735/399 788/739/403
f 787/738/402 789/740/404 785/736/400
f 786/737/401 788/739/403 790/741/405
f 791/742/406 789/740/404 787/738/402
f 790/741/405 788/739/403 792/743/407
f 791/742/406 793/744/408 789/740/404
f 790/741/405 792/743/407 794/745/409
f 795/746/410 793/744/408 791/742/406
f 794/745/409 792/743/407 796/747/411
f 795/746/410 797/748/412 793/744/408
f 794/745/409 796/747/411 798/749/413
f 799/750/414 797/748/412 795/746/410
f 798/749/413 796/747/411 800/751/415
f 799/750/414 801/752/416 797/748/412
f 798/749/413 800/751/415 802/753/417
f 803/754/418 801/752/416 799/750/414
f 802/753/417 800/751/415 804/755/419
f 803/754/418 805/756/420 801/752/416
f 802/753/417 804/755/419 806/757/421
f 806/757/421 804/755/419 807/758/422
f 806/757/421 807/758/422 808/759/422
f 809/760/218 805/756/420 803/754/418
f 809/760/218 803/754/418 810/761/218
f 811/762/423 809/760/218 810/761/218
f 811/762/423 812/763/424 809/760/218
f 813/764/425 812/763/424 811/762/423
f 813/764/425 814/765/426 812/763/424
f 815/766/427 814/765/426 813/764/425
f 815/766/427 816/767/428 814/765/426
f 817/768/429 816/767/428 815/766/427
f 817/768/429 818/769/430 816/767/428
f 819/770/431 818/769/430 817/768/429
f 819/770/431 820/771/432 818/769/430
f 821/772/433 820/771/432 819/770/431
f 821/772/433 822/773/434 820/771/432
f 823/774/252 822/773/434 821/772/433
f 823/774/252 824/775/252 822/773/434
f 825/776/435 824/775/252 823/774/252
f 825/776/435 823/774/252 826/777/435
f 827/778/436 828/779/437 829/780/437
f 828/779/437 830/781/437 829/780/437
f 831/782/437 829/780/437 830/781/437
f 832/783/437 831/782/437 830/781/437
f 833/784/437 827/778/436 829/780/437
f 833/784/437 834/785/437 827/778/436
f 833/784/437 835/786/437 834/785/437
f 833/784/437 836/787/437 835/786/437
f 836/787/437 837/788/437 835/786/437
f 838/789/438 839/790/438 840/791/438
f 839/790/438 841/792/438 840/791/438
f 840/791/438 842/793/439 838/789/438
f 839/790/438 843/794/440 841/792/438
f 839/790/438 844/795/440 843/794/440
f 844/795/440 845/796/440 843/794/440
f 842/793/439 846/797/440 838/789/438
f 847/798/440 838/789/438 846/797/440
f 848/799/440 847/798/440 846/797/440
f 849/800/436 850/801/437 851/802/437
f 850/801/437 852/803/437 851/802/437
f 853/804/437 851/802/437 852/803/437
f 854/805/441 853/804/437 852/803/437
f 855/806/437 849/800/436 851/802/437
f 855/806/437 856/807/442 849/800/436
f 855/806/437 857/808/437 856/807/442
f 855/806/437 858/809/443 857/808/437
f 858/809/443 859/810/441 857/808/437
f 860/811/440 861/812/440 862/813/438
f 861/812/440 863/814/440 862/813/438
f 862/813/438 864/815/444 860/811/440
f 861/812/440 865/816/440 863/814/440
f 861/812/440 866/817/440 865/816/440
f 866/817/440 867/818/445 865/816/440
f 864/815/444 868/819/440 860/811/440
f 869/820/440 860/811/440 868/819/440
f 870/821/445 869/820/440 868/819/440
o Resolution_0
v -21.202711 25.334778 123.834717
v -28.402361 25.334774 133.573914
v -21.202711 25.334774 133.573914
v -23.633545 25.334778 120.007202
v -28.402361 25.334778 119.369537
v -28.402361 43.237556 120.506775
v -24.954330 24.904339 117.763313
v -28.402361 24.904339 117.763313
v -24.037945 25.334778 119.369537
v -23.387766 18.212177 120.006119
v -25.626041 23.728565 116.587509
v -25.870712 22.122345 116.157074
v -25.870712 18.212177 116.157074
v -20.238770 18.212177 118.271881
v 17.603441 18.212170 87.373306
v -25.870714 18.212170 87.373306
v 17.603443 18.212177 118.271881
v -20.238770 18.212177 126.550995
v 17.603443 18.212177 126.550995
v -20.238770 20.547863 126.538574
v -20.238770 23.483894 127.219315
v 20.135078 20.547863 126.538574
v 20.135078 23.483894 127.219315
v 20.135078 20.547863 118.271881
v 20.135077 20.547863 80.079666
v 20.135077 61.204910 78.999001
v 20.135078 56.821243 138.697266
v 20.135078 58.504478 140.380508
v 20.135078 59.120682 142.679947
v 20.135080 61.204910 148.160110
v 20.135075 20.547859 37.573975
v 12.902611 71.413055 82.851433
v 12.902609 71.413040 37.573975
v 12.902620 71.413048 118.271866
v 20.135078 37.569374 136.204132
v 20.135078 54.521797 138.081070
v 20.135078 25.349495 129.084915
v 20.135078 26.032520 131.633575
v 20.135075 61.204910 37.573967
v 20.135073 20.547859 5.401041
v 12.902607 71.413048 4.696483
v 20.135073 61.204903 4.696483
v 20.135073 20.547859 -2.011544
v 20.135071 61.204903 -58.203995
v 20.135073 21.285263 1.694740
v -28.402370 21.285263 1.694740
v -28.402370 20.547859 5.401041
v -28.402370 20.547859 -2.011544
v -28.402370 61.204903 3.672488
v -21.169891 71.413048 4.696483
v -28.402372 61.204903 -58.203995
v -28.402365 61.204910 35.655128
v -28.402363 50.491554 69.818260
v -28.402363 48.249886 69.520348
v -28.402365 20.547859 37.573975
v -28.402363 61.204903 72.657982
v -21.169889 71.413040 37.573975
v -21.175537 71.413055 75.783211
v -21.169889 78.370270 37.573959
v -21.169891 78.370277 4.696479
v -21.169893 78.370270 -58.204010
v -12.887374 87.825180 -1.280851
v -16.766968 83.396202 4.195861
v -18.348259 81.591759 5.821280
v -18.348259 81.591759 10.571953
v -21.169893 71.413040 -58.203995
v -18.948608 80.905334 8.196709
v -11.721794 81.506805 8.196709
v -11.721795 82.069771 6.096557
v -11.721794 82.069771 10.295578
v -11.721794 83.605751 11.832698
v -16.766968 83.396194 12.196278
v -14.743914 85.705826 12.647152
v -11.721794 85.705826 12.395664
v -12.887372 87.825172 37.573959
v -12.887373 87.825172 11.924397
v -11.721794 87.805908 11.832698
v -12.887373 90.440628 10.675068
v -12.887373 89.426857 10.344288
v -12.887372 90.440628 37.573967
v -12.887368 90.440643 112.293320
v -12.887370 90.002281 79.731888
v -16.670685 92.999481 76.427689
v -16.670685 92.999481 70.450302
v -16.670685 92.999496 64.472908
v -12.887370 89.426865 77.583099
v -12.887370 87.825180 76.002937
v -16.670685 92.999466 40.562103
v -16.670685 92.999466 46.540676
v -16.670685 92.999466 34.584690
v -16.670687 92.999466 22.629864
v -16.670685 92.999466 28.607254
v -16.670685 92.999496 52.518059
v -16.670685 92.999496 58.495453
v -12.887371 96.856415 52.518066
v -12.887371 96.856415 58.495457
v -7.594113 92.999496 58.495453
v -4.133627 92.999466 37.573967
v -7.594113 92.999496 64.472908
v -7.594114 92.999496 52.518059
v -7.594113 96.856415 58.495457
v -7.594114 96.856415 52.518066
v -7.594114 92.999466 46.540676
v -7.594114 92.999466 40.562103
v -7.594114 96.856384 46.540676
v -12.887371 96.856384 46.540676
v -7.594114 96.856384 40.562103
v -12.887372 96.856384 40.562103
v -7.594113 92.999481 70.450302
v -7.594113 96.856415 70.450302
v -12.887371 96.856415 64.472916
v -7.594113 96.856415 64.472916
v -12.887370 96.856415 70.450302
v -7.594112 92.999481 76.427689
v -7.594112 92.999481 82.406258
v -7.594112 96.856415 82.406258
v -12.887370 96.856415 76.427696
v -7.594112 96.856415 76.427696
v -12.887370 96.856415 82.406258
v -16.670685 92.999481 82.406258
v -16.670685 92.999481 88.383644
v -16.670683 92.999481 94.361107
v -12.887370 96.856415 88.383644
v -7.594112 92.999481 88.383644
v -7.594112 92.999481 94.361107
v -7.594112 96.856415 94.361107
v -7.594112 96.856415 88.383644
v -12.887369 96.856415 94.361107
v -4.133623 92.999466 148.160126
v -7.594111 92.999481 100.338524
v -7.594111 92.999481 106.315926
v -7.594111 96.856400 106.315926
v -16.670683 92.999481 100.338524
v -12.887369 96.856400 100.338524
v -7.594111 96.856400 100.338524
v -12.887369 96.856400 106.315926
v -16.670683 92.999481 106.315926
v -16.670681 92.999481 112.293320
v -16.670681 92.999481 118.271866
v -12.887368 96.856400 112.293320
v -7.594111 92.999481 112.293320
v -7.594111 92.999481 118.271866
v -7.594111 96.856400 118.271866
v -7.594111 96.856400 112.293320
v -12.887368 96.856400 118.271866
v -7.594110 92.999481 124.249237
v -7.594110 92.999466 130.226730
v -7.594110 96.856400 130.226730
v -16.670681 92.999481 124.249237
v -12.887368 96.856400 124.249237
v -7.594110 96.856400 124.249237
v -12.887368 96.856400 130.226730
v -16.670681 92.999466 130.226730
v -16.670681 92.999466 136.204163
v -16.670681 92.999466 142.181549
v -12.887367 90.440628 148.160126
v -12.887367 96.856400 136.204163
v -7.594110 92.999466 136.204163
v -7.594110 92.999466 142.181549
v -7.594110 96.856400 142.181549
v -7.594110 96.856400 136.204163
v -12.887367 96.856400 142.181549
v -16.670681 92.999466 148.160126
v -12.887367 87.825165 148.160126
v -12.887367 87.825165 143.363007
v 4.620105 90.440628 148.160126
v 4.620105 87.825165 148.160126
v -12.887367 89.426849 141.781708
v -12.887367 90.002266 139.634048
v -11.721788 89.343018 141.734131
v -11.721788 89.904839 139.634048
v -12.887367 89.426849 137.485291
v -11.721789 89.343018 137.533981
v -11.721789 87.805908 135.996857
v -12.887367 87.825165 135.905090
v -11.721789 85.705826 135.435013
v -12.887368 87.825172 112.293320
v -14.743908 85.705826 135.183502
v -11.721789 83.605751 135.996857
v -16.766964 83.396187 135.633209
v -11.721789 82.069763 137.533981
v -18.348255 81.591751 137.258728
v -21.169880 78.370277 112.045258
v -18.948601 80.905319 139.634048
v -21.169878 78.370270 148.160126
v -21.169880 74.360413 132.966736
v -16.766966 83.396202 83.731529
v -14.743911 85.705841 84.182373
v -18.348257 81.591766 82.106110
v -21.169880 72.264870 102.196167
v -21.169880 73.881271 100.338516
v -21.169888 73.879013 79.026176
v -18.948605 80.905342 79.731888
v -21.169880 71.893333 123.619476
v -21.169880 72.263741 122.364433
v -18.846653 72.263741 102.197319
v -18.846653 72.263741 122.364433
v -18.846653 71.893333 123.619476
v -18.846653 78.337425 133.013245
v -18.846653 78.337433 116.468582
v 4.527220 78.337425 133.013245
v -18.846653 73.879013 100.339592
v 4.527216 78.337448 63.010529
v -18.846661 78.337448 63.010529
v -18.846661 73.879013 79.026176
v -18.846661 73.763481 78.233284
v -18.846661 73.430443 77.448303
v -18.846661 72.911667 76.747169
v -18.846661 72.258064 76.198898
v -18.846661 71.533127 75.856812
v -18.846661 61.133537 64.771896
v -23.179346 55.033768 71.171867
v -18.846661 60.645332 72.527718
v 4.527216 38.966042 63.010536
v -23.179346 53.839890 63.010544
v -23.179346 50.491554 69.818260
v -23.179346 38.966042 63.010536
v -23.179346 48.249886 69.520348
v -23.179344 38.503899 133.013214
v -23.179344 43.237556 120.506775
v -23.179346 44.622887 71.187721
v -23.179346 43.592102 72.991051
v -23.179346 46.227959 69.991585
v -28.402363 46.227959 69.991585
v -28.402363 44.622887 71.187721
v -28.402363 20.547863 79.673042
v -28.402363 43.592102 72.991051
v -28.402361 22.122345 116.157074
v -28.402361 20.547863 116.157074
v -28.402361 23.728565 116.587509
v -25.870714 18.212173 71.972717
v 17.603441 18.212173 71.972717
v -25.870714 20.547863 71.972725
v 17.603439 18.212170 37.573975
v -25.870716 18.212170 37.573975
v -25.870718 18.212166 9.338360
v 17.603437 18.212166 9.338360
v 17.603441 20.547863 71.972717
v -25.870714 20.547855 87.373306
v 17.603441 20.547855 87.373306
v -28.402361 43.458466 121.902283
v -23.179344 43.458466 121.902283
v -28.402361 44.099564 123.159607
v -23.179344 44.099564 123.159607
v -28.402361 45.097496 124.158676
v -23.179344 45.097496 124.158676
v -23.179344 46.355957 124.799805
v -28.402361 47.750351 125.020691
v -28.402361 46.355957 124.799805
v -23.179344 47.750351 125.020691
v -23.179344 55.033768 125.020660
v -23.179344 53.839905 133.013229
v -18.846653 61.133545 133.013229
v 4.527220 38.503899 133.013214
v -18.846653 69.365074 125.020660
v -18.846653 60.645325 125.020660
v -28.402361 61.204903 125.020660
v -22.619764 69.367332 125.020660
v -21.169878 71.413040 148.160126
v -28.402359 61.204910 148.160110
v -21.630892 70.761734 124.799782
v -18.846653 70.759460 124.799782
v -21.175535 71.413048 124.467896
v -28.402359 54.521797 147.277679
v -28.402359 56.821243 146.661499
v -28.402359 58.504478 144.979401
v -28.402361 59.120682 142.679947
v 12.902622 71.413040 148.160126
v -24.375505 46.214378 148.160110
v -28.402359 47.757149 148.160110
v -28.402359 50.539162 144.979401
v -28.402359 52.222359 146.661499
v -28.402359 47.757149 143.724304
v -28.402361 49.924065 142.679947
v -28.402361 47.305191 142.633514
v -28.402361 46.214378 142.181534
v -28.402361 50.539162 140.380508
v -28.402361 52.222359 138.697266
v -23.292620 50.884605 140.579865
v -23.292620 52.421722 139.042755
v -23.292620 50.322784 142.679947
v -23.292618 50.884605 144.780075
v -23.292618 52.421722 146.317139
v -23.292618 54.521797 146.878998
v -23.292618 56.621872 146.317139
v -23.292618 58.158974 144.780075
v -23.292620 58.720825 142.679947
v -23.292620 58.158974 140.579865
v -23.292620 56.621872 139.042755
v -28.402361 56.821243 138.697266
v -28.402361 58.504478 140.380508
v -23.292620 54.521797 138.480911
v -28.402361 54.521797 138.081070
v -28.402361 28.925529 142.181534
v -24.375505 28.925529 148.160110
v -28.402361 27.834717 142.633514
v -28.402361 24.904335 135.179016
v -28.402361 23.728561 136.354797
v -28.402361 23.854305 140.287613
v -23.292620 23.910938 142.679932
v -23.292620 23.347973 140.579865
v -28.402361 22.103092 138.537537
v -28.402361 24.495426 142.679932
v -23.292618 23.347969 144.780060
v -28.402359 27.382759 143.724304
v -28.402359 23.854301 145.071136
v -28.402359 27.382759 148.160110
v -28.402359 22.103096 146.822327
v -27.496176 19.711906 147.359238
v -23.292618 21.810856 146.317139
v -28.402359 20.547863 148.160110
v -28.402359 20.547863 147.239166
v 20.135080 20.547863 148.160110
v 12.902622 13.874951 148.160110
v -21.169878 13.874951 148.160110
v -25.108383 17.508747 146.496094
v -23.292618 17.611828 146.317123
v -23.292618 19.711906 146.878983
v -23.529358 16.050934 144.792480
v -23.292618 16.074715 144.780060
v -23.292618 15.833439 143.878357
v -21.169880 13.874950 142.181519
v -23.292620 15.833443 142.181519
v -23.292620 15.833443 141.481506
v -23.292620 16.074718 140.579849
v -23.529360 16.050938 140.566254
v -23.292620 17.611832 139.042725
v -21.169880 13.874950 136.730865
v -25.108385 17.508743 138.863770
v -23.292620 19.711903 138.480896
v -25.851452 18.194046 136.785217
v -27.496178 19.711903 137.999496
v -28.402361 20.547859 138.120667
v -28.402361 20.547859 136.785217
v -23.292620 21.810860 139.042740
v -28.402361 22.122341 136.785217
v -21.202711 23.728561 136.354797
v -21.202711 22.122341 136.785217
v -21.202711 24.904335 135.179016
v -20.238770 13.874950 136.730865
v 12.902620 13.874950 142.181519
v 12.902620 13.874950 136.730865
v -20.238770 18.212170 136.730865
v 17.603443 18.212170 136.730865
v -20.238770 20.547859 136.730865
v 20.135078 20.547859 136.730865
v -20.238770 23.483891 136.047760
v 20.135078 23.483891 136.047760
v 20.135078 25.349495 134.182220
v -20.238770 25.349495 134.182220
v -20.238770 26.032520 131.633575
v -20.238770 25.349495 129.084915
v 20.135078 28.925529 142.181534
v 20.135078 23.854305 140.287613
v 15.025347 23.347973 140.579865
v 20.135078 22.103092 138.537537
v 20.135078 27.834717 142.633514
v 20.135078 24.495426 142.679932
v 15.025347 23.910938 142.679932
v 20.135080 27.382759 143.724304
v 20.135080 23.854301 145.071136
v 15.025349 23.347969 144.780060
v 20.135080 27.382759 148.160110
v 20.135080 22.103096 146.822327
v 19.228907 19.711906 147.359238
v 20.135080 20.547863 147.239166
v 15.025349 21.810856 146.317139
v 15.025347 15.833443 142.181519
v 15.025349 19.711906 146.878983
v 15.025349 17.611828 146.317123
v 16.841114 17.508747 146.496094
v 15.262093 16.050934 144.792480
v 15.025349 16.074715 144.780060
v 15.025349 15.833439 143.878357
v 15.025347 21.810860 139.042740
v 15.025347 17.611832 139.042725
v 15.025347 15.833443 141.481506
v 15.025347 19.711903 138.480896
v 19.228905 19.711903 137.999496
v 16.841112 17.508743 138.863770
v 15.262091 16.050938 140.566254
v 15.025347 16.074718 140.579849
v 20.135078 20.547859 138.120667
v 16.108229 28.925529 148.160110
v 16.108229 46.214378 148.160110
v 20.135078 47.305191 142.633514
v 20.135078 46.214378 142.181534
v 20.135080 47.757149 148.160110
v 20.135080 47.757149 143.724304
v 20.135080 50.539162 144.979401
v 20.135078 49.924065 142.679947
v 15.025347 50.884605 140.579865
v 20.135078 50.539162 140.380508
v 15.025347 50.322784 142.679947
v 15.025349 50.884605 144.780075
v 20.135080 52.222359 146.661499
v 15.025349 52.421722 146.317139
v 15.025349 54.521797 146.878998
v 15.025349 56.621872 146.317139
v 20.135080 54.521797 147.277679
v 20.135080 56.821243 146.661499
v 15.025349 58.158974 144.780075
v 20.135080 58.504478 144.979401
v 15.025347 58.720825 142.679947
v 15.025347 58.158974 140.579865
v 15.025347 56.621872 139.042755
v 15.025347 54.521797 138.480911
v 20.135078 52.222359 138.697266
v 15.025347 52.421722 139.042755
v 12.902622 78.370270 148.160126
v 12.902620 78.370277 118.271866
v 12.902611 78.370285 82.876358
v 4.620095 87.825172 118.271866
v 4.620093 87.825180 88.383644
v 10.681339 80.905319 139.634048
v 10.080987 81.591751 137.258728
v 8.499697 83.396187 135.633209
v 3.454501 82.069763 137.533981
v 3.454501 83.605751 135.996857
v 6.476641 85.705826 135.183502
v 3.454501 85.705826 135.435013
v 4.620096 87.825165 135.905090
v 3.454501 87.805908 135.996857
v 4.620096 90.440628 136.204163
v 4.620096 89.426849 137.485291
v 3.454501 89.343018 137.533981
v 4.620105 90.002266 139.634048
v 3.454501 89.904839 139.634048
v 3.454501 89.343018 141.734131
v 4.620105 89.426849 141.781708
v 3.454501 87.805908 143.271271
v 4.620105 87.825165 143.363007
v 3.454501 85.705826 143.833069
v 6.476641 85.705826 144.084518
v 3.454501 83.605751 143.271271
v 8.499697 83.396187 143.633713
v 3.454501 82.069763 141.734131
v 10.080987 81.591751 142.009384
v 3.454501 81.506798 139.634048
v 8.403402 92.999466 142.181549
v 8.403402 92.999466 136.204163
v 8.403401 92.999466 130.226730
v 8.403401 92.999481 124.249237
v 4.620095 90.440643 118.271866
v 8.403401 92.999481 118.271866
v 8.403401 92.999481 112.293320
v 8.403400 92.999481 106.315926
v 8.403400 92.999481 100.338524
v 4.620093 90.440643 88.383644
v 8.403400 92.999481 94.361107
v 8.403399 92.999481 88.383644
v 8.403399 92.999481 82.406258
v 4.620093 89.426865 81.879539
v 4.620093 87.825180 83.459671
v 4.620093 90.440643 82.406258
v 8.403399 92.999481 76.427689
v 4.620093 90.002281 79.731880
v 4.620093 90.440643 76.427689
v 8.403399 92.999481 70.450302
v 4.620093 87.825180 76.002937
v 4.620093 89.426865 77.583099
v 4.620091 90.440628 37.573959
v 8.403399 92.999496 64.472908
v 8.403399 92.999496 58.495453
v 4.620090 90.440628 10.675068
v 4.620090 87.825172 11.924397
v 8.403398 92.999466 28.607254
v 8.403397 92.999466 22.629864
v 8.403398 92.999466 34.584690
v 4.620091 87.825172 37.573959
v 8.403398 92.999466 40.562103
v 8.403399 92.999466 46.540676
v 8.403399 92.999496 52.518059
v -0.673148 92.999496 52.518059
v 4.620092 96.856415 52.518066
v -0.673148 96.856415 58.495457
v -0.673148 96.856415 52.518066
v 4.620092 96.856415 58.495457
v -0.673148 92.999496 58.495453
v -0.673148 92.999496 64.472908
v -0.673147 96.856415 70.450302
v -0.673147 92.999481 70.450302
v 4.620092 96.856415 64.472916
v -0.673148 96.856415 64.472916
v 4.620093 96.856415 70.450302
v -0.673147 92.999481 76.427689
v -0.673147 96.856415 82.406258
v -0.673147 92.999481 82.406258
v 4.620093 96.856415 76.427689
v -0.673147 96.856415 76.427689
v 4.620093 96.856415 82.406258
v -0.673147 92.999481 88.383644
v -0.673146 96.856415 94.361107
v -0.673146 92.999481 94.361107
v 4.620093 96.856415 88.383644
v -0.673147 96.856415 88.383644
v 4.620094 96.856415 94.361107
v -0.673146 92.999481 100.338524
v -0.673146 96.856400 106.315926
v -0.673146 92.999481 106.315926
v 4.620094 96.856400 100.338524
v -0.673146 96.856400 100.338524
v 4.620094 96.856400 106.315926
v -0.673146 92.999481 112.293320
v -0.673146 96.856400 118.271866
v -0.673146 92.999481 118.271866
v 4.620095 96.856400 112.293320
v -0.673146 96.856400 112.293320
v 4.620095 96.856400 118.271866
v -0.673145 92.999481 124.249237
v -0.673145 96.856400 130.226730
v -0.673145 92.999466 130.226730
v 4.620095 96.856400 124.249237
v -0.673145 96.856400 124.249237
v 4.620095 96.856400 130.226730
v -0.673145 92.999466 136.204163
v -0.673144 96.856400 142.181549
v -0.673144 92.999466 142.181549
v 4.620096 96.856400 136.204163
v -0.673145 96.856400 136.204163
v 4.620105 96.856400 142.181549
v 8.403402 92.999466 148.160126
v -0.673149 92.999466 46.540676
v -0.673149 96.856384 46.540676
v -0.673149 92.999466 40.562103
v 4.620092 96.856384 46.540676
v 4.620091 96.856384 40.562103
v -0.673149 96.856384 40.562103
v 6.476638 85.705841 75.280281
v 12.902609 78.370270 37.573959
v 6.476635 85.705826 12.647152
v 3.454495 83.605751 11.832698
v 8.499691 83.396194 12.196278
v 3.454495 85.705826 12.395664
v 3.454495 87.805908 11.832698
v 4.620090 89.426857 10.344288
v 3.454495 89.343025 10.295574
v 4.620090 90.002281 8.196705
v 3.454495 89.904854 8.196705
v 3.454495 89.343025 6.096553
v 3.454495 87.805916 4.559443
v 4.620090 89.426857 6.047846
v 4.620090 90.440643 4.496006
v 4.620090 87.825180 4.467669
v 3.454495 85.705833 3.996482
v 4.620090 87.825180 -1.280851
v 6.476635 85.705833 3.745031
v 3.454495 83.605759 4.559447
v 8.499691 83.396202 4.195853
v 3.454495 82.069771 6.096557
v 12.902607 78.370277 4.696479
v 10.080981 81.591759 5.821273
v 3.454495 81.506805 8.196709
v 10.681325 80.905334 8.196709
v 10.080981 81.591759 10.571953
v 3.454495 82.069771 10.295578
v 12.902605 78.370270 -58.204010
v 6.476632 85.705818 -59.758163
v 3.454484 83.605743 -60.572556
v 8.499688 83.396187 -60.208847
v 3.454484 85.705818 -60.009537
v 4.620088 87.825165 -60.480759
v 3.454484 87.805908 -60.572540
v 4.620088 89.426842 -62.060928
v 4.620088 90.440628 -61.056168
v 8.403394 92.999466 -55.078766
v 8.403394 92.999466 -61.056168
v 8.403393 92.999466 -67.034744
v 4.620087 90.440628 -67.034744
v 4.620087 90.002266 -64.208557
v 8.403394 92.999481 -49.101357
v 8.403394 92.999481 -43.123940
v 8.403395 92.999481 -37.146530
v 8.403395 92.999481 -31.169136
v 8.403395 92.999481 -25.190567
v 4.620089 96.856415 -25.190567
v -0.673152 92.999481 -25.190567
v 8.403396 92.999481 -19.213150
v -0.673151 92.999481 -19.213150
v 8.403396 92.999481 -13.235760
v 4.620090 96.856400 -19.213150
v 4.620090 96.856400 -13.235764
v -0.673151 96.856400 -19.213150
v -0.673151 96.856400 -13.235764
v -0.673151 92.999481 -13.235760
v 8.403396 92.999481 -7.258329
v -0.673151 92.999481 -7.258329
v -0.673151 96.856400 -1.280843
v -0.673151 92.999481 -1.280851
v 4.620090 96.856400 -7.258321
v -0.673151 96.856400 -7.258321
v 4.620090 96.856400 -1.280843
v 8.403396 92.999481 -1.280851
v 8.403397 92.999481 4.696482
v 8.403397 92.999466 10.675068
v -0.673150 92.999481 4.696482
v 4.620090 96.856400 4.696482
v 4.620090 96.856400 10.675064
v -0.673150 96.856400 4.696482
v -0.673150 96.856400 10.675064
v -0.673150 92.999466 10.675068
v 8.403397 92.999466 16.652428
v -0.673150 92.999466 16.652428
v -0.673150 96.856400 22.629864
v -0.673150 92.999466 22.629864
v 4.620090 96.856400 16.652435
v -0.673150 96.856400 16.652435
v 4.620090 96.856400 22.629864
v -0.673149 92.999466 28.607254
v -0.673149 96.856400 34.584690
v -0.673149 92.999466 34.584690
v 4.620091 96.856400 28.607254
v -0.673149 96.856400 28.607254
v 4.620091 96.856400 34.584690
v -0.673152 96.856415 -25.190567
v -0.673152 92.999481 -31.167961
v -4.133633 92.999481 -90.944366
v -0.673155 92.999481 -90.944397
v -4.133633 75.936028 -90.944397
v -0.673154 92.999481 -84.967041
v -0.673154 92.999466 -78.989548
v -0.673154 92.999466 -73.012131
v -0.673154 92.999466 -67.034744
v -0.673153 92.999466 -61.056168
v -0.673153 92.999466 -55.078766
v -0.673153 92.999481 -49.101357
v -0.673152 92.999481 -43.123940
v -0.673152 92.999481 -37.146530
v -7.594120 92.999481 -90.944366
v -7.594120 92.999481 -84.967041
v -7.594120 92.999466 -78.989548
v -7.594119 92.999466 -73.012131
v -7.594119 92.999466 -67.034714
v -7.594119 92.999466 -61.056168
v -7.594118 92.999466 -55.078766
v -7.594118 92.999481 -49.101349
v -7.594118 92.999481 -43.123932
v -7.594118 92.999481 -37.146523
v -7.594117 92.999481 -31.167953
v -7.594117 92.999481 -25.190567
v -7.594117 96.856415 -25.190567
v -16.670689 92.999481 -25.190567
v -12.887375 96.856415 -25.190567
v -16.670689 92.999481 -19.213150
v -7.594117 92.999481 -19.213150
v -7.594117 92.999481 -13.235760
v -7.594117 96.856400 -13.235764
v -12.887374 96.856400 -19.213150
v -7.594117 96.856400 -19.213150
v -12.887374 96.856400 -13.235764
v -16.670689 92.999481 -13.235760
v -16.670689 92.999481 -7.258321
v -12.887373 90.440643 4.696482
v -16.670687 92.999481 4.696482
v -16.670689 92.999481 -1.280851
v -12.887373 89.426857 6.047846
v -12.887373 87.825180 4.467669
v -12.887373 90.002281 8.196705
v -12.887376 90.440628 -61.056168
v -16.670689 92.999466 -61.056168
v -16.670689 92.999466 -55.078766
v -16.670691 92.999466 -67.034714
v -12.887376 87.825165 -60.480759
v -12.887376 89.426842 -62.060928
v -12.887377 90.002266 -64.208557
v -12.887377 90.440628 -67.034744
v -16.670689 92.999481 -49.101349
v -16.670689 92.999481 -43.123932
v -16.670689 92.999481 -37.146523
v -16.670689 92.999481 -31.169136
v -12.887375 96.856415 -31.169136
v -7.594117 96.856415 -31.167953
v -12.887376 96.856415 -43.123932
v -12.887375 96.856415 -37.146523
v -7.594118 96.856415 -43.123932
v -7.594118 96.856415 -37.146523
v -12.887376 96.856384 -55.078766
v -12.887376 96.856415 -49.101349
v -7.594118 96.856384 -55.078766
v -7.594118 96.856415 -49.101349
v -12.887377 87.825165 -67.937561
v -12.887377 89.426842 -66.357361
v -16.670691 92.999466 -78.989548
v -16.670691 92.999466 -73.012131
v -12.887378 90.440643 -90.944366
v -16.670696 92.999481 -84.967041
v -16.670696 92.999481 -90.944366
v -12.887378 87.825172 -90.944397
v -14.743921 85.705818 -68.660156
v -20.238783 79.433914 -84.967041
v -21.169895 78.370277 -90.944397
v -21.169895 78.370277 -84.967041
v -21.169895 75.936028 -90.944397
v -21.169895 71.413048 -93.410355
v -21.169895 75.936028 -93.410355
v -4.133633 75.936028 -93.410355
v -21.169895 71.413048 -84.967041
v -25.509371 65.288391 -84.967041
v -20.238783 44.065582 -84.967041
v -25.509371 65.288391 -90.944397
v -25.509371 17.878017 -84.967041
v -21.169895 13.874947 -93.410324
v -25.509371 17.878010 -90.944366
v -21.169895 13.874947 -84.967041
v -20.238783 13.874947 -84.967041
v -4.133633 13.874947 -93.410324
v -20.238779 13.874946 -78.989563
v -4.133629 13.874949 -8.853230
v -28.402374 20.547859 -78.989563
v -21.169895 13.874946 -78.989563
v -20.238775 13.874949 -12.242329
v -20.238779 41.796745 -78.989517
v -20.238779 79.433914 -78.989548
v -28.402374 61.204895 -78.989548
v -21.169895 71.413048 -78.989548
v -21.169895 78.370277 -78.989548
v -21.169893 78.370270 -65.701508
v -21.169893 71.413040 -65.701508
v -21.724920 72.355469 -65.701508
v -22.667362 70.078697 -65.701508
v -21.969589 71.123062 -65.701508
v -28.402372 61.204903 -65.701508
v -29.302891 65.781113 -65.701508
v -23.711737 69.380928 -65.701508
v -24.944147 69.136253 -65.701508
v -26.175415 69.380928 -65.701508
v -27.219801 70.078697 -65.701508
v -24.944147 69.136253 -58.203995
v -26.175415 69.380928 -58.203995
v -29.302891 65.781113 -58.203995
v -27.219801 70.078697 -58.203995
v -31.020109 69.838547 -58.203995
v -27.918697 71.123062 -58.203995
v -31.520773 72.355469 -58.203995
v -28.163366 72.355469 -58.203995
v -27.917561 71.123062 -65.701508
v -31.020109 69.837418 -65.701508
v -28.163366 72.355469 -65.701508
v -31.520773 72.355469 -65.701508
v -27.917561 73.586754 -65.701508
v -27.219801 74.631134 -65.701508
v -29.595135 77.005333 -65.701508
v -27.917561 73.586754 -58.203995
v -31.020109 74.872398 -65.701508
v -31.020109 74.872398 -58.203995
v -29.595135 77.005333 -58.204010
v -27.461061 78.431435 -65.701508
v -27.219801 74.631134 -58.203995
v -27.461061 78.431435 -58.204010
v -24.944147 78.932098 -58.204010
v -26.175415 75.328896 -58.203995
v -24.944147 75.574692 -58.203995
v -23.711737 75.328896 -58.203995
v -24.944147 75.573563 -65.701508
v -26.175415 75.328896 -65.701508
v -24.944147 78.932098 -65.701508
v -23.711737 75.328896 -65.701508
v -22.667362 74.631134 -65.701508
v -22.667362 74.631134 -58.203995
v -21.969589 73.586754 -58.203995
v -21.969589 73.586754 -65.701508
v -21.724920 72.355469 -58.203995
v -21.969589 71.123062 -58.203995
v -22.667362 70.078697 -58.203995
v -23.711737 69.380928 -58.203995
v -18.348263 81.591743 -66.583908
v -18.948612 80.905319 -64.208557
v -18.348263 81.591743 -61.833313
v -11.721798 81.506798 -64.208557
v -11.721798 82.069763 -66.308640
v -11.721798 82.069763 -62.109619
v -11.721798 83.605743 -60.572540
v -16.766972 83.396187 -60.208847
v -14.743920 85.705818 -59.758163
v -11.721798 85.705818 -60.009521
v -11.721798 87.805908 -60.572540
v -11.721798 89.343018 -62.109619
v -11.721798 89.904839 -64.208557
v -11.721798 89.343018 -66.308640
v -11.721798 87.805908 -67.845779
v -11.721798 85.705818 -68.408768
v -11.721798 83.605743 -67.845779
v -16.766972 83.396187 -68.209381
v -21.169891 13.874949 -12.242329
v -20.238775 18.212177 -12.242329
v -20.238775 13.874949 -8.853230
v -20.238775 16.556110 -7.258320
v -20.238775 18.212170 -5.948887
v 11.971502 18.212170 -5.948887
v 11.971502 16.556110 -7.258320
v 11.971502 13.874949 -8.853230
v 11.971502 18.212177 -12.242329
v 12.902607 13.874949 -12.242329
v 11.971502 13.874949 -12.242329
v 17.603437 18.212177 -12.242329
v 12.902603 13.874946 -78.989563
v 20.135069 20.547859 -78.989563
v 17.603437 18.212170 -5.948887
v 20.135071 61.204903 -65.701538
v 20.135069 61.204895 -78.989548
v 11.971498 41.796745 -78.989563
v 11.971498 13.874946 -78.989563
v 11.971498 13.874947 -84.967041
v 11.971498 41.796745 -84.967041
v 17.242088 65.288391 -84.967072
v 12.902603 71.413048 -84.967072
v 11.971498 79.433914 -84.967072
v 17.242088 17.878017 -84.967041
v 17.242088 65.288391 -90.944397
v 17.242088 17.878010 -90.944366
v 12.902603 13.874947 -84.967041
v 12.902603 13.874947 -93.410324
v 12.902603 71.413048 -93.410355
v 12.902603 75.936028 -90.944397
v 12.902603 75.936028 -93.410355
v 12.902603 78.370277 -90.944397
v 12.902603 78.370277 -84.967072
v 4.620086 87.825172 -90.944397
v 4.620087 87.825165 -67.937561
v 6.476631 85.705818 -68.660156
v 11.971498 79.433914 -78.989548
v 4.620086 90.440643 -90.944397
v 8.403393 92.999481 -84.967041
v 8.403392 92.999481 -90.944397
v 8.403393 92.999466 -78.989548
v 4.620087 96.856384 -73.012131
v 4.620087 96.856384 -78.989548
v 8.403393 92.999466 -73.012131
v -0.673154 96.856384 -78.989548
v -0.673154 96.856384 -73.012131
v 6.770004 94.664581 -90.944397
v -0.673155 94.664581 -90.944397
v 6.770005 94.664581 -84.967041
v 4.620086 96.856400 -89.036896
v 4.620087 96.856400 -84.967041
v -0.673155 96.856400 -89.036896
v -0.673154 94.664581 -84.967041
v -0.673154 96.856400 -84.967041
v 12.902605 78.370270 -65.701508
v 12.902603 78.370277 -78.989548
v 10.080977 81.591743 -66.583908
v 12.902603 71.413048 -78.989548
v 8.499687 83.396187 -68.209381
v 3.454484 82.069763 -66.308640
v 3.454484 83.605743 -67.845779
v 3.454484 85.705818 -68.408798
v 3.454484 87.805908 -67.845779
v 3.454484 89.343018 -66.308640
v 4.620087 89.426842 -66.357361
v 3.454484 89.904839 -64.208557
v 3.454484 89.343018 -62.109619
v 3.454484 81.506798 -64.208557
v 10.681321 80.905319 -64.208557
v 10.080978 81.591743 -61.833328
v 3.454484 82.069763 -62.109634
v 12.902605 71.413040 -65.701508
v 14.400074 70.078697 -65.701508
v 13.702314 71.123062 -65.701508
v 13.457645 72.355469 -65.701508
v 13.702314 71.123062 -58.203995
v 13.457645 72.355469 -58.203995
v 13.702314 73.586754 -65.701508
v 14.400074 74.631134 -65.701508
v 13.702314 73.586754 -58.203995
v 14.400074 74.631134 -58.203995
v 15.444452 75.328896 -58.203995
v 15.444452 75.328896 -65.701508
v 16.676863 75.573563 -65.701508
v 16.676863 78.932098 -65.701508
v 16.676863 78.932098 -58.204010
v 17.908127 75.328896 -65.701508
v 19.193773 78.431435 -65.701508
v 21.327816 77.005333 -58.204010
v 19.193773 78.431435 -58.204010
v 18.952513 74.631134 -65.701508
v 21.327816 77.005333 -65.701508
v 22.752825 74.872398 -58.203995
v 19.650274 73.586754 -65.701508
v 22.752825 74.872398 -65.701508
v 23.253489 72.355469 -58.203995
v 23.253489 72.355469 -65.701508
v 19.896074 72.355469 -65.701508
v 22.752825 69.837418 -65.701508
v 21.035599 65.781113 -58.203995
v 22.752825 69.838547 -58.203995
v 18.952513 70.078697 -65.701508
v 21.035599 65.781113 -65.701508
v 19.650274 71.123062 -65.701508
v 19.896074 72.355469 -58.203995
v 19.650274 71.123062 -58.203995
v 18.952513 70.078697 -58.203995
v 17.908127 69.380928 -58.203995
v 16.676863 69.136253 -58.203995
v 17.908127 69.380928 -65.701508
v 16.676863 69.136253 -65.701508
v 15.444452 69.380928 -65.701508
v 15.444452 69.380928 -58.203995
v 14.400074 70.078697 -58.203995
v 12.902605 71.413040 -58.203995
v 19.650274 73.586754 -58.203995
v 18.952513 74.631134 -58.203995
v 17.908127 75.328896 -58.203995
v 16.676863 75.574692 -58.203995
v -25.870718 18.212177 -12.242329
v -25.870718 18.212170 -5.948887
v -15.037300 94.664581 -90.944366
v -15.037299 94.664581 -84.967041
v -12.887378 96.856400 -89.036896
v -7.594120 94.664581 -90.944366
v -7.594120 94.664581 -84.967041
v -7.594120 96.856400 -89.036896
v -7.594120 96.856400 -84.967041
v -12.887377 96.856400 -84.967041
v -12.887377 96.856384 -78.989548
v -12.887377 96.856384 -73.012131
v -7.594120 96.856384 -78.989548
v -7.594119 96.856384 -73.012131
v -12.887377 96.856384 -67.034714
v -12.887376 96.856384 -61.056168
v -7.594119 96.856384 -67.034714
v -7.594119 96.856384 -61.056168
v -11.721794 89.904854 8.196705
v -11.721795 89.343025 6.096553
v -11.721794 89.343025 10.295574
v -11.721795 87.805916 4.559443
v -11.721795 85.705833 3.996482
v -14.743917 85.705833 3.745031
v -11.721795 83.605759 4.559447
v -12.887374 96.856400 -7.258321
v -12.887374 96.856400 -1.280843
v -7.594116 92.999481 -1.280851
v -7.594116 92.999481 -7.258321
v -7.594116 96.856400 -1.280843
v -7.594116 92.999481 4.696482
v -7.594115 92.999466 10.675068
v -7.594115 96.856400 10.675064
v -12.887373 96.856400 4.696482
v -7.594116 96.856400 4.696482
v -12.887373 96.856400 10.675064
v -16.670687 92.999466 10.675068
v -16.670687 92.999466 16.652435
v -12.887373 96.856400 16.652435
v -7.594115 92.999466 16.652435
v -7.594115 92.999466 22.629864
v -7.594115 96.856400 22.629864
v -7.594115 96.856400 16.652435
v -12.887373 96.856400 22.629864
v -7.594115 92.999466 28.607254
v -7.594114 92.999466 34.584690
v -7.594114 96.856400 34.584690
v -12.887372 96.856400 28.607262
v -7.594115 96.856400 28.607262
v -12.887372 96.856400 34.584690
v -7.594116 96.856400 -7.258321
v -0.673152 96.856415 -37.146530
v 4.620089 96.856415 -37.146530
v -0.673152 96.856415 -43.123940
v 4.620088 96.856415 -43.123940
v -0.673153 96.856415 -49.101357
v 4.620088 96.856415 -49.101357
v -0.673153 96.856384 -55.078766
v 4.620088 96.856384 -55.078766
v -0.673153 96.856384 -61.056168
v 4.620088 96.856384 -61.056168
v -0.673154 96.856384 -67.034744
v 4.620087 96.856384 -67.034744
v 4.620089 96.856415 -31.169136
v -0.673152 96.856415 -31.167961
v 10.080984 81.591766 77.356575
v 10.681328 80.905342 79.731880
v 8.499694 83.396202 75.731087
v 3.454498 82.069778 77.631798
v 3.454498 83.605766 76.094688
v 3.454498 85.705841 75.531723
v 3.454498 87.805923 76.094688
v 3.454498 89.343033 77.631798
v 3.454498 89.904861 79.731880
v 3.454498 89.343033 81.830826
v 3.454498 87.805923 83.367920
v 3.454499 85.705841 83.930908
v 6.476638 85.705841 84.182373
v 3.454498 83.605766 83.367920
v 8.499694 83.396202 83.731529
v 3.454498 82.069778 81.830826
v 10.080984 81.591766 82.106110
v 3.454498 81.506813 79.731880
v -21.169888 72.258064 76.198898
v -21.169888 72.911667 76.747169
v -21.169888 73.430443 77.448303
v -21.169888 73.763481 78.233284
v -18.348257 81.591766 77.356575
v -11.721792 81.506813 79.731888
v -11.721792 82.069778 77.631798
v -11.721792 82.069778 81.830826
v -11.721792 83.605766 83.367920
v -11.721791 85.705841 83.930908
v -11.721792 87.805923 83.367920
v -12.887370 87.825180 83.459679
v -12.887370 89.426865 81.879539
v -11.721792 89.343033 81.830826
v -11.721792 89.904861 79.731888
v -11.721792 89.343033 77.631798
v -11.721792 87.805923 76.094688
v -11.721792 85.705841 75.531723
v -14.743911 85.705841 75.280281
v -11.721792 83.605766 76.094688
v -16.766966 83.396202 75.731087
v -18.348255 81.591751 142.009384
v -16.766964 83.396187 143.633713
v -11.721788 82.069763 141.734131
v -11.721788 83.605751 143.271271
v -14.743908 85.705826 144.084518
v -11.721788 85.705826 143.833069
v -11.721788 87.805908 143.271271
v -11.721788 81.506798 139.634048
v -23.292618 23.347969 144.708832
v -23.292620 23.910938 142.608734
v -23.292620 23.347973 140.508621
v -23.292620 21.810860 138.971558
v -23.292620 15.833443 143.107147
v -23.292620 19.711903 138.409698
v -23.292620 17.611832 138.971542
v -23.292620 16.074718 140.508606
v -23.292620 15.833443 141.410309
v -23.292618 21.810856 146.245941
v -23.292618 17.611828 146.245941
v -23.292618 15.833439 143.807159
v -23.292618 19.711906 146.807770
v -23.292618 16.074715 144.708817
v 3.454498 82.069786 77.630692
v 3.454498 83.605774 76.093559
v 3.454498 85.705849 75.531723
v 3.454498 87.805931 76.093559
v 3.454498 89.343040 77.630692
v 3.454498 89.904869 79.730743
v 3.454498 89.343040 81.830826
v 3.454498 87.805931 83.367966
v 3.454499 85.705849 83.929779
v 3.454498 83.605774 83.367966
v 3.454498 82.069786 81.830826
v 3.454498 81.506821 79.730743
v 3.454495 82.069771 6.095450
v 3.454495 83.605759 4.558310
v 3.454495 85.705833 3.996482
v 3.454495 87.805916 4.558307
v 3.454495 89.343025 6.095446
v 3.454495 89.904854 8.195492
v 3.454495 89.343025 10.295574
v 3.454495 87.805908 11.832714
v 3.454495 85.705826 12.394527
v 3.454495 83.605751 11.832714
v 3.454495 82.069771 10.295578
v 3.454495 81.506805 8.195495
v 3.454484 82.069748 -66.309830
v 3.454484 83.605736 -67.846954
v 3.454484 85.705811 -68.408798
v 3.454484 87.805893 -67.846954
v 3.454484 89.343010 -66.309830
v 3.454484 89.904831 -64.209747
v 3.454484 89.343010 -62.109665
v 3.454484 87.805893 -60.572525
v 3.454484 85.705811 -60.010712
v 3.454484 83.605736 -60.572540
v 3.454484 82.069748 -62.109680
v 3.454484 81.506790 -64.209778
v 15.025347 50.885750 140.579910
v 15.025347 52.421730 139.042770
v 15.025347 54.521805 138.480942
v 15.025347 56.621895 139.042770
v 15.025347 58.159004 140.579910
v 15.025347 58.720825 142.679962
v 15.025349 58.159004 144.780060
v 15.025349 56.621895 146.317184
v 15.025349 54.521805 146.878998
v 15.025349 52.421730 146.317184
v 15.025349 50.885750 144.780060
v 15.025347 50.322784 142.679962
v -11.721789 82.069763 137.533997
v -11.721789 83.605751 135.996857
v -11.721789 85.705826 135.435028
v -11.721789 87.805908 135.996857
v -11.721789 89.343018 137.533997
v -11.721788 89.904839 139.634048
v -11.721788 89.343018 141.734131
v -11.721788 87.805908 143.271271
v -11.721788 85.705826 143.833069
v -11.721788 83.605751 143.271271
v -11.721788 82.069763 141.734131
v -11.721788 81.506798 139.634048
v -11.721792 82.069786 77.630699
v -11.721792 83.605774 76.093559
v -11.721792 85.705849 75.531723
v -11.721792 87.805931 76.093559
v -11.721792 89.343040 77.630699
v -11.721792 89.904869 79.730743
v -11.721792 89.343040 81.830826
v -11.721792 87.805931 83.367966
v -11.721791 85.705849 83.929779
v -11.721792 83.605774 83.367966
v -11.721792 82.069786 81.830826
v -11.721792 81.506821 79.730743
v -11.721795 82.069771 6.095450
v -11.721795 83.605759 4.558310
v -11.721795 85.705833 3.996482
v -11.721795 87.805916 4.558307
v -11.721795 89.343025 6.095446
v -11.721794 89.904854 8.195492
v -11.721794 89.343025 10.295574
v -11.721794 87.805908 11.832714
v -11.721794 85.705826 12.394527
v -11.721794 83.605751 11.832714
v -11.721794 82.069771 10.295578
v -11.721794 81.506805 8.195495
v -11.721798 82.069748 -66.309799
v -11.721798 83.605736 -67.846924
v -11.721798 85.705811 -68.408768
v -11.721798 87.805893 -67.846924
v -11.721798 89.343010 -66.309799
v -11.721798 89.904831 -64.209747
v -11.721798 89.343010 -62.109665
v -11.721798 87.805893 -60.572525
v -11.721798 85.705811 -60.010712
v -11.721798 83.605736 -60.572540
v -11.721798 82.069748 -62.109680
v -11.721798 81.506790 -64.209778
v -23.292637 50.885750 140.579926
v -23.292637 52.421730 139.042786
v -23.292637 54.521805 138.480942
v -23.292637 56.621895 139.042786
v -23.292637 58.159004 140.579926
v -23.292637 58.720825 142.679962
v -23.292635 58.159004 144.780060
v -23.292635 56.621895 146.317184
v -23.292635 54.521805 146.878998
v -23.292635 52.421730 146.317184
v -23.292635 50.885750 144.780060
v -23.292637 50.322784 142.679962
v 8.541599 92.999481 -26.417313
v 4.758286 90.440659 -26.417313
v 4.758284 90.440628 -76.064865
v 4.758286 96.824707 -26.417313
v 8.541597 92.999466 -76.064865
v 9.860085 102.258423 -26.417313
v 9.860085 91.959641 -26.417313
v 9.860083 91.959625 -76.064865
v 7.617288 89.716820 -76.064865
v 7.617290 89.716835 -26.417313
v 4.758286 89.716835 -26.417313
v 4.758284 89.716820 -76.064865
v 9.860083 103.781921 -76.064865
v 4.758284 96.824692 -76.064865
v 3.579110 115.688614 -64.517822
v 6.959177 115.297760 -65.182816
v -4.133632 103.781921 -76.064835
v -4.133632 96.824692 -76.064835
v -4.133632 115.688614 -64.517776
v -18.127380 103.781921 -76.064835
v -13.025574 96.824692 -76.064835
v -11.846390 115.688614 -64.517776
v -15.226460 115.297760 -65.182816
v -4.133631 115.148300 -52.970749
v -11.846390 115.148300 -52.970749
v -11.846390 115.297760 -65.182816
v -11.846390 115.900360 -63.948120
v -11.846389 113.468414 -45.418945
v -15.108658 115.900360 -63.948120
v -15.532299 113.468414 -45.418945
v -15.261577 114.985138 -46.575462
v -15.022571 116.341003 -62.446091
v -15.064468 116.096344 -48.319862
v -14.990842 116.502975 -61.081192
v -11.846390 116.341003 -62.446091
v -11.846389 114.985138 -46.575462
v -11.846390 116.502975 -61.081192
v -11.846390 116.096344 -48.319862
v -14.990842 116.503006 -50.184372
v -11.846390 116.503006 -50.184372
v -11.846389 102.258423 -26.417313
v -18.127380 102.258423 -26.417313
v -18.127380 91.959641 -26.417313
v -18.127380 91.959625 -76.064835
v -13.025572 96.824707 -26.417313
v -16.808872 92.999481 -26.417313
v -13.025574 90.440628 -76.064835
v -13.025572 90.440659 -26.417313
v -16.808876 92.999466 -76.064835
v -15.884578 89.716820 -76.064865
v -13.025574 89.716820 -76.064865
v -15.884576 89.716835 -26.417313
v -13.025572 89.716835 -26.417313
v -4.133630 96.824707 -26.417313
v -4.133630 102.258423 -26.417313
v 3.579111 102.258423 -26.417313
v -4.133631 102.981110 -48.516853
v 3.579110 102.981110 -48.516861
v 3.579111 113.468414 -45.418945
v 7.265017 113.468414 -45.418945
v 3.579110 115.148300 -52.970749
v 3.579110 115.297760 -65.182816
v 3.579110 115.900360 -63.948135
v 6.841371 115.900360 -63.948135
v 6.994295 114.985138 -46.575470
v 6.755288 116.341003 -62.446091
v 3.579110 116.341003 -62.446091
v 6.797199 116.096344 -48.319870
v 6.723556 116.502975 -61.081192
v 6.723556 116.503006 -50.184387
v 3.579110 116.502975 -61.081192
v 3.579111 116.503006 -50.184387
v 3.579111 116.096344 -48.319870
v 3.579111 114.985138 -46.575470
v -11.846390 102.981110 -48.516853
v 16.316641 104.130829 -47.719414
v 11.321314 104.130829 -47.719414
v 11.321314 103.615448 -50.308838
v 16.316641 101.361298 -47.719414
v 16.316641 103.615448 -50.308838
v 16.316641 103.615433 -45.131172
v 11.321314 103.615433 -45.131172
v 16.316641 100.191193 -44.894440
v 16.316641 102.148544 -42.935905
v 16.316641 101.056595 -46.190323
v 15.533937 100.005417 -46.626343
v 15.533937 99.385818 -45.698631
v 15.533937 98.458115 -50.360947
v 15.533937 97.365005 -50.578430
v 15.533937 100.222916 -47.719414
v 16.316641 101.056595 -49.249741
v 15.533937 100.005417 -48.813637
v 15.533937 99.385818 -49.741348
v 16.316641 100.191177 -50.545532
v 16.316641 98.894196 -51.412125
v 16.316641 102.148529 -52.504028
v 11.321314 102.148529 -52.504028
v 11.321314 99.954422 -53.970947
v 16.316641 99.954422 -53.970947
v 11.321314 97.365005 -54.485214
v 16.316641 97.365005 -54.485214
v 11.321314 94.775574 -53.970963
v 16.316641 95.835815 -51.412125
v 16.316641 97.365005 -51.716873
v 16.316641 94.775574 -53.970963
v 11.321314 92.580368 -52.504028
v 16.316641 94.538849 -50.545532
v 16.316641 92.580368 -52.504028
v 11.321314 91.113480 -50.308838
v 16.316641 91.113480 -50.308838
v 11.321314 90.599243 -47.719421
v 16.316641 93.368759 -47.719421
v 16.316641 93.672318 -49.249741
v 16.316641 90.599243 -47.719421
v 11.321314 91.113480 -45.131180
v 16.316641 93.672318 -46.190331
v 16.316641 91.113480 -45.131180
v 11.321314 92.580383 -42.935905
v 16.316641 92.580383 -42.935905
v 11.321315 94.775589 -41.469017
v 16.316641 94.538864 -44.894440
v 16.316641 94.775589 -41.469017
v 11.321315 97.365021 -40.953629
v 16.316641 97.365021 -43.723152
v 16.316641 95.835831 -44.027809
v 16.316641 97.365021 -40.953629
v 11.321315 99.954453 -41.469017
v 16.316641 98.894211 -44.027809
v 16.316641 99.954453 -41.469017
v 15.533937 97.365021 -44.861595
v 15.533937 98.458115 -45.079025
v 15.533937 95.343124 -49.741348
v 15.533937 96.270828 -50.360947
v 15.533937 94.723511 -48.813637
v 15.533937 94.506027 -47.719421
v 15.533937 96.270813 -45.079025
v 15.533937 95.343109 -45.698631
v 15.533937 94.723511 -46.626343
v 11.321314 102.148544 -42.935905
v 11.321314 97.365021 -42.111282
v 11.321314 99.511551 -42.537186
v 11.321314 101.330719 -43.753693
v 11.321314 102.547256 -45.572899
v 8.328645 99.511551 -42.537186
v 8.328645 101.330719 -43.753693
v 8.328645 102.547256 -45.572899
v 11.321314 102.974304 -47.719414
v 8.328645 102.974304 -47.719414
v 11.321314 102.547256 -49.865944
v 8.328645 102.547256 -49.865944
v 11.321314 101.330704 -51.686279
v 8.328645 101.330704 -51.686279
v 11.321314 99.511536 -52.901703
v 8.328645 99.511536 -52.901703
v 11.321314 97.365005 -53.328705
v 8.328645 97.365005 -53.328705
v 11.321314 95.218491 -52.901703
v 8.328645 95.218491 -52.901703
v 11.321314 93.398193 -51.686295
v 8.328645 93.398193 -51.686295
v 11.321314 92.182800 -49.865952
v 8.328645 92.182800 -49.865952
v 11.321314 91.755753 -47.719421
v 8.328645 91.755753 -47.719421
v 11.321314 92.182785 -45.572899
v 8.328645 92.182785 -45.572899
v 11.321314 93.398209 -43.753693
v 8.328645 93.398209 -43.753693
v 8.328645 95.218506 -42.537186
v 11.321314 95.218506 -42.537186
v 8.328645 97.365021 -42.111282
v 8.403402 92.999466 148.160126
v 8.403402 92.999496 154.187347
v 4.620105 96.856430 154.187347
v 4.620105 90.440628 148.160126
v -0.673144 92.999466 148.160126
v 4.620105 96.856400 148.160126
v -0.673144 96.856430 154.187347
v -0.673144 96.856400 148.160126
v -0.673144 92.999496 154.074081
v -0.673144 92.999496 159.989182
v -0.673137 92.999512 300.794250
v -0.673137 92.999512 306.709351
v -0.673142 92.999496 189.563629
v -0.673143 92.999496 183.649628
v -0.673143 92.999496 177.734558
v -0.673143 92.999496 171.819443
v -0.673143 92.999496 165.904297
v 2.931202 78.353279 148.160126
v 1.985372 77.407448 148.160126
v 1.530019 75.708359 148.160126
v 4.620114 90.440689 365.474274
v 4.620115 86.094414 377.157196
v 4.620116 78.847198 396.639008
v -0.673135 92.999527 358.481873
v 1.530030 75.708412 405.076721
v 1.985383 77.407501 400.509583
v 2.931213 78.353333 397.165741
v -0.673136 92.999512 336.283752
v -0.673136 92.999512 342.198883
v -0.673136 92.999512 330.368683
v -0.673136 92.999512 324.453583
v -0.673137 92.999512 318.539612
v -0.673137 92.999512 312.624451
v -0.673135 92.999512 348.114014
v -0.673135 96.856430 348.114014
v 8.403411 92.999512 342.236267
v 8.403411 92.999512 348.114014
v 4.620113 96.856430 348.114014
v 8.403411 92.999512 336.358521
v 4.620113 96.856430 342.236267
v -0.673136 96.856430 336.358521
v 4.620113 96.856430 336.358521
v -0.673136 96.856430 342.236267
v 8.403411 92.999512 330.481995
v 8.403410 92.999512 324.604187
v 4.620113 96.856430 330.481995
v 4.620112 96.856430 324.604187
v -0.673136 96.856430 330.481995
v -0.673136 96.856430 324.604187
v 8.403410 92.999512 318.726471
v 8.403410 92.999512 312.849884
v 4.620112 96.856430 318.726471
v 4.620112 96.856430 312.849884
v -0.673137 96.856430 318.726471
v -0.673137 96.856430 312.849884
v 8.403409 92.999512 306.972168
v 8.403409 92.999512 301.094391
v 4.620111 96.856430 306.972168
v 4.620111 96.856430 301.094391
v -0.673137 96.856430 306.972168
v -0.673137 96.856430 301.094391
v 8.403404 92.999481 189.902313
v 8.403404 92.999496 184.024567
v 4.620107 96.856400 189.902313
v 4.620107 96.856415 184.024567
v -0.673142 96.856400 189.902313
v -0.673143 96.856415 184.024567
v 8.403404 92.999496 178.146866
v 8.403403 92.999496 172.270279
v 4.620107 96.856415 178.146866
v 4.620106 96.856415 172.270279
v -0.673143 96.856415 178.146866
v -0.673143 96.856415 172.270279
v 8.403403 92.999496 166.241852
v 8.403403 92.999496 160.214630
v 4.620106 96.856415 166.241852
v 4.620106 96.856415 160.214630
v -0.673143 96.856415 166.241852
v -0.673144 96.856415 160.214630
v 1.985377 77.407478 270.484680
v 2.931208 78.353310 269.788055
v 4.620111 78.847176 269.294189
v 6.627314 78.434891 390.772614
v 10.306412 79.405609 268.735748
v 6.627300 78.434868 269.706482
v 7.314874 77.747299 270.394043
v 7.654695 77.407501 389.963837
v 7.654690 77.407478 270.484680
v 10.306412 77.747299 270.394043
v 10.306417 77.407509 380.753632
v 10.306412 77.407478 270.484680
v 6.989780 86.094414 368.924530
v 10.306411 82.777740 261.003723
v 6.989772 86.094376 172.270279
v 10.306398 82.777740 172.270279
v 10.306411 77.747299 262.546509
v 10.306412 79.405609 264.204834
v 10.306398 77.407471 172.270279
v 10.306411 77.407478 262.454742
v 10.306412 80.012756 266.470276
v 4.620111 78.847176 263.646423
v 2.931207 78.353310 263.152527
v 1.985377 77.407478 262.454742
v 1.530024 75.708389 261.999390
v 1.985377 74.009293 262.333557
v 1.985373 74.009285 172.270279
v 3.229109 72.765549 172.270279
v 3.229113 72.765556 262.997345
v 4.928206 72.310188 172.270279
v 4.928210 72.310196 263.452667
v 6.860643 71.558060 264.204773
v 6.627299 72.549179 263.212585
v 7.221988 73.216385 262.546509
v 6.627295 72.549179 172.270279
v 7.928793 74.009277 200.077637
v 7.928795 74.009293 262.333557
v 10.428740 73.886948 200.111633
v 7.928790 74.009262 148.160126
v 10.306397 74.009262 148.160126
v 12.902622 71.413040 148.160126
v 6.627295 72.549156 148.160126
v 4.928205 72.310165 148.160126
v 3.229108 72.765526 148.160126
v 1.985372 74.009262 148.160126
v 1.530020 75.708382 172.270279
v 1.985373 77.407471 172.270279
v 2.931203 78.353302 172.270279
v 4.620105 78.847153 148.160126
v 4.620110 78.847176 261.559875
v 4.620106 78.847176 172.270279
v 4.620106 86.094376 172.270279
v 6.627295 78.434860 172.270279
v 6.627299 78.434868 257.160400
v 7.654685 77.407471 172.270279
v 6.627299 78.434868 263.234070
v 7.314873 77.747299 262.546509
v 7.654689 77.407478 262.454742
v 12.902624 59.946442 190.832275
v 12.858444 71.458374 200.655304
v 16.108229 46.214378 148.160110
v 20.135080 53.281441 180.225372
v 20.135080 61.204910 148.160110
v 20.135080 47.757149 148.160110
v 20.135080 47.757141 166.614532
v 16.108229 46.214378 152.738617
v 16.108229 28.925529 152.738617
v 20.135080 27.382767 166.614532
v 20.135080 27.382759 148.160110
v 20.135080 20.547863 148.160110
v 20.135080 20.547867 167.235245
v 12.902622 13.874951 148.160110
v 12.902622 13.874950 178.674683
v 5.947664 8.722164 179.292038
v 7.215182 8.722164 179.292038
v 12.902634 13.874985 445.118652
v 12.902632 54.121971 368.693420
v 12.902630 54.121979 357.087463
v 12.902630 54.121971 318.734375
v 12.902624 54.710968 191.893204
v 12.902628 54.331535 317.951691
v 10.675684 54.121971 318.734375
v 12.902628 54.904663 317.379639
v 10.675684 54.331535 317.951691
v 10.675684 53.042480 315.942200
v 10.675684 54.904663 317.379639
v 12.902628 55.686279 317.170105
v 10.675684 53.850121 315.344177
v 10.675684 55.686279 317.170105
v 12.902628 57.452194 317.170105
v 10.675684 57.445404 315.125519
v 10.675684 57.452194 317.170105
v 12.902628 59.254364 317.170105
v 10.675684 59.254364 317.170105
v 12.902628 60.037071 317.379639
v 10.675684 61.092781 315.344177
v 10.675684 60.037071 317.379639
v 12.902628 60.609116 317.951691
v 10.675684 61.900414 315.942200
v 10.675684 60.609116 317.951691
v 12.902630 60.818680 318.734375
v 10.675684 60.818680 318.734375
v 12.902630 60.818687 357.087463
v 10.675686 60.818687 357.087463
v 12.902630 60.609116 357.870178
v 10.675686 60.818672 368.693420
v 10.675686 60.609116 367.911865
v 10.675686 62.196068 362.890472
v 10.675686 60.609116 357.870178
v 12.902630 60.037071 358.442230
v 10.675686 60.037071 358.442230
v 12.902630 59.254364 358.651764
v 10.675686 59.254364 358.651764
v 10.675686 60.037071 367.338715
v 12.902632 60.037071 367.338715
v 10.675686 59.254364 367.129150
v 12.902632 59.254364 367.129150
v 10.675686 57.452194 358.651764
v 10.675686 57.452194 367.129150
v 12.902632 57.452194 367.129150
v 12.902632 55.686272 367.129150
v 10.675686 55.686272 367.129150
v 10.675686 55.686272 358.651764
v 12.902630 54.904663 358.442230
v 12.902630 55.686272 358.651764
v 10.675686 54.904663 358.442230
v 12.902630 54.331543 357.870178
v 10.675686 54.331543 357.870178
v 10.675686 54.904663 367.338715
v 12.902632 54.904663 367.338715
v 10.675686 54.331535 367.911865
v 10.675686 54.121979 357.087463
v 12.902632 54.331535 367.911865
v 10.675686 54.121971 368.693420
v 10.675686 52.746819 362.890472
v 10.675688 54.121979 407.046539
v 10.675688 53.042480 409.838715
v 10.675688 53.850128 410.436798
v 10.675688 54.331543 407.829285
v 10.675688 54.904663 408.401306
v 12.902634 54.331543 407.829285
v 12.902634 54.904663 408.401306
v 10.675688 55.686279 408.612000
v 12.902634 55.686279 408.612000
v 12.902634 57.452202 408.612000
v 10.675688 57.452202 408.612000
v 10.675688 57.445412 410.656525
v 10.675688 61.092789 410.436798
v 10.675688 59.254372 408.612000
v 12.902634 59.254372 408.612000
v 10.675688 60.037079 408.401306
v 12.902634 60.037079 408.401306
v 10.675688 60.609123 407.829285
v 10.675688 61.900421 409.838715
v 10.675688 60.818680 407.046539
v 12.902634 60.609123 407.829285
v 12.902634 60.818680 407.046539
v 12.902632 60.818672 368.693420
v 12.902632 71.413086 396.864441
v 12.902626 71.413063 268.196533
v 12.902626 70.950920 266.470276
v 12.757635 71.558060 268.735718
v 6.860643 71.558060 268.735718
v 6.627300 72.549179 269.726868
v 4.928211 72.310196 269.487854
v 7.221989 73.216385 270.394043
v 11.099319 73.216385 270.394043
v 10.306417 74.009315 398.905640
v 10.306412 74.009293 270.606995
v 7.928796 74.009293 270.606995
v 7.928802 74.009315 407.165497
v 7.215200 73.138229 411.987518
v 6.627315 72.549202 413.568817
v 4.928217 72.310211 414.212189
v 7.215201 64.172668 436.087463
v 12.902634 57.957413 433.031342
v 7.215202 62.875725 438.228363
v 12.902634 56.581146 434.109711
v 7.215202 60.819817 440.079193
v 7.195944 58.405975 441.183594
v 5.473063 58.805824 441.028412
v 5.473063 58.805824 431.044556
v 7.195943 58.405975 431.127228
v 8.657166 57.266449 439.566071
v 8.657165 57.266449 431.361725
v 3.536090 50.600327 432.731171
v 9.632432 55.560547 431.711731
v 9.975658 53.548828 432.125183
v 7.345448 46.790977 433.515015
v 10.412892 18.377583 439.355408
v 7.345448 31.451546 436.667389
v 3.536090 27.642181 437.450104
v 5.770969 13.735664 440.309082
v 7.215202 14.023376 440.250214
v 9.053611 15.094936 440.029297
v 10.059471 16.601463 439.720093
v 10.412892 18.377586 447.250488
v 10.059471 16.601467 448.173645
v 9.053611 15.094936 449.889740
v 7.215202 14.023376 452.592438
v 5.770969 13.735664 452.663818
v 7.215202 8.722202 453.872375
v 5.947676 8.722202 453.872375
v 5.947676 6.092003 453.872375
v -0.673131 6.092003 453.872375
v 5.947664 6.091968 179.608063
v -0.673143 -0.087079 180.349945
v 8.403404 2.663198 180.019241
v 8.403404 2.663199 194.802872
v 8.403409 2.663231 306.293640
v 8.403410 2.663232 312.209869
v 8.403410 2.663232 318.127258
v 8.403410 2.663236 324.043488
v 8.403411 2.663232 329.960876
v 8.403411 2.663232 335.877106
v 8.403411 2.663228 341.794464
v 8.403411 2.663228 347.710693
v 8.403412 2.663232 353.628082
v 8.403412 2.663228 359.544342
v 8.403412 2.663232 365.461731
v 8.403412 2.663228 371.377991
v 6.683908 -0.087079 180.349945
v 6.683917 -0.087083 182.721283
v -0.673142 2.663199 194.802872
v -0.673143 -0.087083 182.721283
v -0.674273 6.091968 179.608063
v -0.673137 2.663231 306.293640
v -0.673137 -0.087047 306.293640
v -0.673137 2.663232 312.209869
v 6.683922 -0.087047 306.293640
v 6.683923 -0.087047 312.209869
v -0.673137 -0.087047 312.209869
v -0.673137 2.663232 318.127258
v -0.673137 -0.087047 318.127258
v -0.673136 2.663236 324.043488
v 6.683923 -0.087047 318.127258
v 6.683923 -0.087047 324.043488
v -0.673136 -0.087047 324.043488
v -0.673136 2.663232 329.960876
v -0.673136 -0.087047 329.960876
v -0.673136 2.663232 335.877106
v 6.683924 -0.087047 329.960876
v 6.683924 -0.087047 335.877106
v -0.673136 -0.087047 335.877106
v -0.673136 2.663228 341.794464
v -0.673136 -0.087050 341.794464
v -0.673136 2.663228 347.710693
v 6.683924 -0.087050 341.794464
v 6.683924 -0.087050 347.710693
v -0.673136 -0.087050 347.710693
v -0.673135 2.663232 353.628082
v -0.673135 -0.087046 353.628082
v -0.673135 2.663228 359.544342
v 6.683925 -0.087046 353.628082
v 6.683925 -0.087050 359.544342
v -0.673135 -0.087050 359.544342
v -0.673135 2.663232 365.461731
v -0.673135 -0.087046 365.461731
v -0.673134 2.663228 371.377991
v 6.683925 -0.087046 365.461731
v 6.683925 -0.087050 371.377991
v -0.673134 -0.087050 371.377991
v -0.673134 2.663228 377.295349
v 8.403421 2.663228 377.295349
v -0.673134 -0.087050 377.295349
v 6.683926 -0.087050 377.295349
v -0.673134 2.663232 383.211609
v -0.673134 -0.087046 383.211609
v 6.683926 -0.087046 383.211609
v 8.403421 2.663232 383.211609
v 8.403421 2.663229 389.128967
v 8.403422 2.663233 395.045227
v 6.683926 -0.087050 389.128967
v -0.673134 2.663229 389.128967
v -0.673133 2.663233 395.045227
v -0.673134 -0.087050 389.128967
v -0.673133 -0.087046 395.045227
v 6.683927 -0.087046 395.045227
v -0.673133 2.663229 400.962646
v 8.403422 2.663229 400.962646
v 8.403422 2.663233 406.878845
v 6.683927 -0.087050 400.962646
v 6.683927 -0.087046 406.878845
v -0.673133 -0.087050 400.962646
v -0.673133 2.663233 406.878845
v -0.673133 -0.087046 406.878845
v -0.673133 2.663233 412.796265
v 8.403422 2.663233 412.796265
v 8.403423 2.663233 418.712494
v 6.683927 -0.087046 412.796265
v 6.683928 -0.087045 418.712494
v -0.673133 -0.087046 412.796265
v -0.673132 -0.087045 418.712494
v -0.673132 2.663233 418.712494
v -0.673132 2.663233 424.629883
v 8.403423 2.663233 424.629883
v 8.403423 2.663230 430.546112
v 6.683928 -0.087045 424.629883
v 6.683928 -0.087045 430.546112
v -0.673132 -0.087045 424.629883
v -0.673132 -0.087045 430.546112
v -0.673132 2.663230 430.546112
v -0.673131 2.663233 436.463501
v 8.403423 2.663233 436.463501
v 8.403424 2.663233 453.087433
v 6.683928 -0.087045 436.463501
v 6.683928 -0.087045 452.457611
v -0.673131 -0.087045 452.457611
v -0.673131 -0.087045 436.463501
v 9.975659 53.548828 438.775452
v 9.632433 55.560547 438.710846
v 3.229120 72.765579 412.987701
v 1.985383 74.009315 409.645020
v 3.229114 72.765556 269.943207
v 1.985377 74.009293 270.606995
v 1.530025 75.708389 270.940002
v 12.902626 71.413063 264.743958
v 12.757635 71.558060 264.204773
v 11.099319 73.216385 262.546509
v 10.306411 74.009293 262.333557
v 12.902632 60.609116 367.911865
v 12.902634 54.121979 407.046539
v 12.902630 57.452194 358.651764
v 14.449930 56.923195 191.722595
v 16.108229 28.925529 148.160110
v -16.657078 92.999466 148.160126
v -16.657078 92.999496 154.187347
v -12.873771 96.856430 154.187347
v -12.873771 90.440628 148.160126
v -7.580530 92.999466 148.160126
v -12.873771 96.856400 148.160126
v -7.580530 96.856430 154.187347
v -7.580530 96.856400 148.160126
v -7.580530 92.999496 154.074081
v -7.580530 92.999496 159.989182
v -4.126837 92.999466 148.160126
v -7.580523 92.999512 300.794250
v -7.580523 92.999512 306.709351
v -7.580529 92.999496 189.563629
v -7.580529 92.999496 183.649628
v -7.580529 92.999496 177.734558
v -7.580529 92.999496 171.819443
v -7.580530 92.999496 165.904297
v -11.184868 78.353279 148.160126
v -10.239046 77.407448 148.160126
v -9.783686 75.708359 148.160126
v -4.126837 13.874951 148.160110
v -4.126828 92.999527 358.481873
v -12.873761 90.440689 365.474274
v -12.873760 86.094414 377.157227
v -12.873759 78.847198 396.639038
v -7.580513 92.999527 358.481903
v -4.126825 64.172668 436.087463
v -9.783674 75.708412 405.076752
v -10.239027 77.407501 400.509613
v -11.184857 78.353333 397.165771
v -7.580523 92.999512 336.283783
v -7.580522 92.999512 342.198914
v -7.580523 92.999512 330.368683
v -7.580523 92.999512 324.453583
v -7.580523 92.999512 318.539612
v -7.580523 92.999512 312.624451
v -7.580522 92.999512 348.114044
v -7.580522 96.856430 348.114044
v -16.657068 92.999512 342.236298
v -16.657068 92.999512 348.114044
v -12.873762 96.856430 348.114044
v -16.657068 92.999512 336.358551
v -12.873762 96.856430 342.236298
v -7.580523 96.856430 336.358551
v -12.873762 96.856430 336.358551
v -7.580522 96.856430 342.236298
v -16.657068 92.999512 330.481995
v -16.657070 92.999512 324.604187
v -12.873762 96.856430 330.481995
v -12.873763 96.856430 324.604187
v -7.580523 96.856430 330.481995
v -7.580523 96.856430 324.604187
v -16.657070 92.999512 318.726471
v -16.657070 92.999512 312.849884
v -12.873763 96.856430 318.726471
v -12.873763 96.856430 312.849884
v -7.580523 96.856430 318.726471
v -7.580523 96.856430 312.849884
v -16.657070 92.999512 306.972168
v -16.657070 92.999512 301.094391
v -12.873764 96.856430 306.972168
v -12.873764 96.856430 301.094391
v -7.580523 96.856430 306.972168
v -7.580523 96.856430 301.094391
v -16.657074 92.999481 189.902313
v -16.657074 92.999496 184.024567
v -12.873769 96.856400 189.902313
v -12.873769 96.856415 184.024567
v -7.580528 96.856400 189.902313
v -7.580529 96.856415 184.024567
v -16.657074 92.999496 178.146866
v -16.657076 92.999496 172.270279
v -12.873769 96.856415 178.146866
v -12.873770 96.856415 172.270279
v -7.580529 96.856415 178.146866
v -7.580529 96.856415 172.270279
v -16.657076 92.999496 166.241852
v -16.657076 92.999496 160.214630
v -12.873770 96.856415 166.241852
v -12.873770 96.856415 160.214630
v -7.580530 96.856415 166.241852
v -7.580530 96.856415 160.214630
v -10.239040 77.407478 270.484680
v -11.184862 78.353310 269.788086
v -4.126832 79.405609 268.735748
v -4.126832 78.353310 269.788055
v -12.873765 78.847176 269.294220
v -14.880955 78.434891 390.772614
v -18.560066 79.405609 268.735748
v -14.880963 78.434868 269.706482
v -15.568529 77.747299 270.394073
v -15.908340 77.407501 389.963898
v -15.908349 77.407478 270.484680
v -18.560066 77.747299 270.394073
v -18.560062 77.407509 380.753662
v -18.560066 77.407478 270.484680
v -15.243431 86.094414 368.924561
v -18.560068 82.777740 261.003784
v -15.243440 86.094376 172.270279
v -18.560072 82.777740 172.270279
v -18.560068 77.747299 262.546539
v -18.560066 79.405609 264.204834
v -18.560072 77.407471 172.270279
v -18.560068 77.407478 262.454773
v -18.560066 80.012756 266.470276
v -4.126832 79.405609 264.204834
v -4.126832 80.012756 266.470276
v -12.873765 78.847176 263.646423
v -11.184863 78.353310 263.152527
v -4.126832 78.353310 263.152527
v -10.239040 77.407478 262.454773
v -4.126832 77.407478 262.454742
v -9.783680 75.708389 261.999390
v -4.126832 75.708389 261.999390
v -4.126832 74.009293 262.333557
v -4.126832 72.765556 262.997345
v -10.239040 74.009293 262.333588
v -10.239044 74.009285 172.270279
v -11.482780 72.765549 172.270279
v -11.482777 72.765556 262.997345
v -13.181870 72.310188 172.270279
v -4.126832 71.558060 264.204773
v -13.181867 72.310196 263.452698
v -15.114303 71.558060 264.204834
v -14.880964 72.549179 263.212585
v -15.475645 73.216385 262.546539
v -14.880968 72.549179 172.270279
v -16.182457 74.009277 200.077637
v -16.182457 74.009293 262.333588
v -18.682404 73.886948 200.111633
v -16.182461 74.009262 148.160126
v -18.560074 74.009262 148.160126
v -21.156286 71.413040 148.160126
v -14.880969 72.549156 148.160126
v -13.181871 72.310165 148.160126
v -11.482782 72.765526 148.160126
v -10.239046 74.009262 148.160126
v -9.783684 75.708382 172.270279
v -10.239044 77.407471 172.270279
v -11.184867 78.353302 172.270279
v -12.873771 78.847153 148.160126
v -12.873766 78.847176 261.559937
v -12.873770 78.847176 172.270279
v -12.873770 86.094376 172.270279
v -14.880968 78.434860 172.270279
v -14.880964 78.434868 257.160400
v -15.908354 77.407471 172.270279
v -14.880964 78.434868 263.234070
v -15.568530 77.747299 262.546539
v -15.908350 77.407478 262.454773
v -21.156284 59.946442 190.832275
v -21.112108 71.458374 200.655304
v -24.361902 46.214378 148.160110
v -28.388754 53.281441 180.225372
v -28.388754 61.204910 148.160110
v -28.388754 47.757149 148.160110
v -28.388754 47.757141 166.614532
v -24.361902 46.214378 152.738617
v -24.361902 28.925529 152.738617
v -28.388754 27.382767 166.614532
v -28.388754 27.382759 148.160110
v -28.388754 20.547863 148.160110
v -28.388754 20.547867 167.235245
v -21.156286 13.874951 148.160110
v -21.156286 13.874950 178.674683
v -4.126836 13.874950 178.674683
v -14.201331 8.722164 179.292038
v -15.468854 8.722164 179.292038
v -21.156275 13.874985 445.118683
v -21.156277 54.121971 368.693451
v -21.156279 54.121979 357.087494
v -21.156279 54.121971 318.734375
v -21.156284 54.710968 191.893204
v -21.156281 54.331535 317.951691
v -18.929335 54.121971 318.734375
v -21.156281 54.904663 317.379639
v -18.929335 54.331535 317.951691
v -18.929335 53.042480 315.942200
v -18.929335 54.904663 317.379639
v -21.156281 55.686279 317.170105
v -18.929335 53.850121 315.344177
v -18.929335 55.686279 317.170105
v -21.156281 57.452194 317.170105
v -18.929335 57.445404 315.125519
v -18.929335 57.452194 317.170105
v -21.156281 59.254364 317.170105
v -18.929335 59.254364 317.170105
v -21.156281 60.037071 317.379639
v -18.929335 61.092781 315.344177
v -18.929335 60.037071 317.379639
v -21.156281 60.609116 317.951691
v -18.929335 61.900414 315.942200
v -18.929335 60.609116 317.951691
v -21.156279 60.818680 318.734375
v -18.929335 60.818680 318.734375
v -21.156279 60.818687 357.087494
v -18.929333 60.818687 357.087494
v -21.156279 60.609116 357.870178
v -18.929333 60.818672 368.693451
v -18.929333 60.609116 367.911896
v -18.929333 62.196068 362.890503
v -18.929333 60.609116 357.870178
v -21.156279 60.037071 358.442230
v -18.929333 60.037071 358.442230
v -21.156279 59.254364 358.651794
v -18.929333 59.254364 358.651794
v -18.929333 60.037071 367.338715
v -21.156277 60.037071 367.338715
v -18.929333 59.254364 367.129181
v -21.156277 59.254364 367.129181
v -18.929333 57.452194 358.651794
v -18.929333 57.452194 367.129181
v -21.156277 57.452194 367.129181
v -21.156277 55.686272 367.129181
v -18.929333 55.686272 367.129181
v -18.929333 55.686272 358.651794
v -21.156279 54.904663 358.442230
v -21.156279 55.686272 358.651794
v -18.929333 54.904663 358.442230
v -21.156279 54.331543 357.870178
v -18.929333 54.331543 357.870178
v -18.929333 54.904663 367.338715
v -21.156277 54.904663 367.338715
v -18.929333 54.331535 367.911896
v -18.929333 54.121979 357.087494
v -21.156277 54.331535 367.911896
v -18.929333 54.121971 368.693451
v -18.929333 52.746819 362.890503
v -18.929331 54.121979 407.046570
v -18.929331 53.042480 409.838745
v -4.126826 53.042480 409.838715
v -18.929331 53.850128 410.436829
v -4.126826 53.850128 410.436798
v -18.929331 54.331543 407.829315
v -18.929331 54.904663 408.401337
v -21.156275 54.331543 407.829315
v -21.156275 54.904663 408.401337
v -18.929331 55.686279 408.612030
v -21.156275 55.686279 408.612030
v -21.156275 57.452202 408.612030
v -18.929331 57.452202 408.612030
v -18.929331 57.445412 410.656586
v -4.126826 57.445412 410.656525
v -18.929331 61.092789 410.436829
v -4.126826 61.092789 410.436798
v -18.929331 59.254372 408.612030
v -21.156275 59.254372 408.612030
v -18.929331 60.037079 408.401337
v -21.156275 60.037079 408.401337
v -18.929331 60.609123 407.829315
v -18.929331 61.900421 409.838745
v -4.126826 61.900421 409.838715
v -4.126828 62.196068 362.890472
v -18.929331 60.818680 407.046570
v -21.156275 60.609123 407.829315
v -21.156275 60.818680 407.046570
v -21.156277 60.818672 368.693451
v -21.156277 71.413086 396.864471
v -21.156282 71.413063 268.196594
v -21.156282 70.950920 266.470276
v -21.011293 71.558060 268.735748
v -15.114303 71.558060 268.735748
v -14.880963 72.549179 269.726868
v -13.181866 72.310196 269.487885
v -15.475644 73.216385 270.394073
v -4.126832 71.558060 268.735718
v -4.126832 70.950920 266.470276
v -19.352978 73.216385 270.394073
v -18.560062 74.009315 398.905670
v -18.560066 74.009293 270.607025
v -16.182455 74.009293 270.607025
v -16.182449 74.009315 407.165527
v -15.468840 73.138229 411.987549
v -14.880954 72.549202 413.568848
v -13.181860 72.310211 414.212219
v -15.468839 64.172668 436.087494
v -21.156275 57.957413 433.031372
v -15.468838 62.875725 438.228394
v -4.126824 62.875725 438.228363
v -4.126824 60.819817 440.079193
v -21.156275 56.581146 434.109741
v -15.468838 60.819817 440.079254
v -15.449583 58.405975 441.183624
v -13.726704 58.805824 441.028442
v -4.126824 58.805824 441.028412
v -13.726705 58.805824 431.044586
v -15.449584 58.405975 431.127258
v -16.910805 57.266449 439.566132
v -16.910807 57.266449 431.361755
v -11.789731 50.600327 432.731201
v -4.126825 58.805824 431.044556
v -17.886074 55.560547 431.711761
v -18.229305 53.548828 432.125214
v -15.599094 46.790977 433.515045
v -4.126825 50.600327 432.307556
v -18.666536 18.377583 439.355438
v -15.599094 31.451546 436.667419
v -11.789731 27.642181 437.450134
v -14.024609 13.735664 440.309143
v -4.126824 13.735664 440.309082
v -15.468838 14.023376 440.250244
v -17.307247 15.094936 440.029358
v -18.313110 16.601463 439.720123
v -4.126824 27.642181 437.874878
v -18.666536 18.377586 447.250519
v -18.313110 16.601467 448.173676
v -17.307247 15.094936 449.889771
v -15.468838 14.023376 452.592468
v -14.024609 13.735664 452.663849
v -15.468838 8.722202 453.872406
v -14.201315 8.722202 453.872406
v -14.201315 6.092003 453.872406
v -7.580508 6.092003 453.872406
v -4.126824 8.722202 453.872375
v -14.201331 6.091968 179.608063
v -7.580529 -0.087079 180.349945
v -16.657074 2.663198 180.019241
v -16.657074 2.663199 194.802872
v -16.657070 2.663231 306.293640
v -16.657070 2.663232 312.209869
v -16.657070 2.663232 318.127258
v -16.657070 2.663236 324.043488
v -16.657068 2.663232 329.960876
v -16.657068 2.663232 335.877106
v -16.657068 2.663228 341.794495
v -16.657068 2.663228 347.710724
v -16.657066 2.663232 353.628113
v -16.657066 2.663228 359.544342
v -16.657066 2.663232 365.461792
v -16.657066 2.663228 371.378021
v -14.937579 -0.087079 180.349945
v -14.937579 -0.087083 182.721283
v -7.580528 2.663199 194.802872
v -7.580529 -0.087083 182.721283
v -7.579390 6.091968 179.608063
v -7.580523 2.663231 306.293640
v -7.580523 -0.087047 306.293640
v -7.580523 2.663232 312.209869
v -14.937574 -0.087047 306.293640
v -14.937573 -0.087047 312.209869
v -7.580523 -0.087047 312.209869
v -7.580523 2.663232 318.127258
v -7.580523 -0.087047 318.127258
v -7.580523 2.663236 324.043488
v -14.937573 -0.087047 318.127258
v -14.937573 -0.087047 324.043488
v -7.580523 -0.087047 324.043488
v -7.580523 2.663232 329.960876
v -7.580523 -0.087047 329.960876
v -7.580523 2.663232 335.877106
v -14.937572 -0.087047 329.960876
v -14.937572 -0.087047 335.877106
v -7.580523 -0.087047 335.877106
v -7.580522 2.663228 341.794495
v -7.580522 -0.087050 341.794495
v -7.580522 2.663228 347.710724
v -14.937572 -0.087050 341.794495
v -14.937572 -0.087050 347.710724
v -7.580522 -0.087050 347.710724
v -7.580522 2.663232 353.628113
v -7.580522 -0.087046 353.628113
v -7.580513 2.663228 359.544342
v -14.937572 -0.087046 353.628113
v -14.937572 -0.087050 359.544342
v -7.580513 -0.087050 359.544342
v -7.580512 2.663232 365.461792
v -7.580512 -0.087046 365.461792
v -7.580512 2.663228 371.378021
v -14.937572 -0.087046 365.461792
v -14.937572 -0.087050 371.378021
v -7.580512 -0.087050 371.378021
v -7.580512 2.663228 377.295410
v -16.657063 2.663228 377.295410
v -7.580512 -0.087050 377.295410
v -14.937571 -0.087050 377.295410
v -7.580512 2.663232 383.211639
v -7.580512 -0.087046 383.211639
v -14.937571 -0.087046 383.211639
v -16.657063 2.663232 383.211639
v -16.657063 2.663229 389.129028
v -16.657063 2.663233 395.045258
v -14.937571 -0.087050 389.129028
v -7.580511 2.663229 389.129028
v -7.580511 2.663233 395.045258
v -7.580511 -0.087050 389.129028
v -7.580511 -0.087046 395.045258
v -14.937570 -0.087046 395.045258
v -7.580511 2.663229 400.962677
v -16.657063 2.663229 400.962677
v -16.657063 2.663233 406.878876
v -14.937570 -0.087050 400.962677
v -14.937570 -0.087046 406.878876
v -7.580511 -0.087050 400.962677
v -7.580511 2.663233 406.878876
v -7.580511 -0.087046 406.878876
v -7.580510 2.663233 412.796295
v -16.657063 2.663233 412.796295
v -16.657061 2.663233 418.712524
v -14.937570 -0.087046 412.796295
v -14.937569 -0.087045 418.712524
v -7.580510 -0.087046 412.796295
v -7.580510 -0.087045 418.712524
v -7.580510 2.663233 418.712524
v -7.580510 2.663233 424.629913
v -16.657061 2.663233 424.629913
v -16.657061 2.663230 430.546173
v -14.937569 -0.087045 424.629913
v -14.937569 -0.087045 430.546173
v -7.580510 -0.087045 424.629913
v -7.580509 -0.087045 430.546173
v -7.580509 2.663230 430.546173
v -7.580509 2.663233 436.463531
v -16.657061 2.663233 436.463531
v -16.657059 2.663233 453.087463
v -14.937569 -0.087045 436.463531
v -14.937568 -0.087045 452.457642
v -7.580508 -0.087045 452.457642
v -7.580509 -0.087045 436.463531
v -4.126836 6.091968 179.608063
v -4.126824 6.092003 453.872375
v -4.126824 13.735664 452.663818
v -18.229303 53.548828 438.775482
v -17.886074 55.560547 438.710907
v -11.482771 72.765579 412.987732
v -10.239027 74.009315 409.645050
v -11.482777 72.765556 269.943237
v -10.239040 74.009293 270.607025
v -4.126832 72.765556 269.943207
v -4.126832 74.009293 270.606995
v -9.783680 75.708389 270.940063
v -4.126832 75.708389 270.940002
v -4.126832 77.407478 270.484680
v -21.156282 71.413063 264.744019
v -21.011293 71.558060 264.204834
v -19.352978 73.216385 262.546539
v -18.560068 74.009293 262.333588
v -21.156277 60.609116 367.911896
v -4.126830 61.900414 315.942200
v -4.126830 61.092781 315.344177
v -4.126830 57.445404 315.125519
v -4.126830 53.850121 315.344177
v -4.126830 53.042480 315.942200
v -4.126828 52.746819 362.890472
v -21.156275 54.121979 407.046570
v -21.156279 57.452194 358.651794
v -22.703594 56.923195 191.722595
v -24.361902 28.925529 148.160110
v 15.048019 47.168159 422.016693
v 17.696339 50.176697 404.266876
v 17.696341 50.176697 410.183075
v 17.696339 50.176697 398.349457
v 17.696339 50.176697 392.433167
v 17.696339 50.176704 386.515808
v 17.696339 50.176704 380.599548
v 17.696341 50.176697 416.100464
v 17.696341 50.176689 422.016693
v 15.048019 41.100128 422.016663
v 12.416689 47.168159 422.016693
v 17.696339 50.176689 374.682159
v 17.696339 50.176689 368.765930
v 12.416683 47.168159 309.597778
v 15.048014 47.168159 309.597778
v 17.696339 50.176689 362.848572
v 17.696337 50.176697 356.932281
v 20.135098 48.457245 356.932281
v 17.696339 41.100136 362.848572
v 20.135099 48.457237 362.848572
v 20.135098 41.100143 356.932281
v 20.135099 41.100136 362.848572
v 17.696337 41.100143 356.932281
v 17.696337 41.100143 351.014923
v 15.048016 41.099022 356.932281
v 15.048018 41.099007 362.848572
v 15.048016 34.179161 356.932281
v 15.048016 41.099022 351.014923
v 15.048016 41.099022 345.098663
v 15.048016 34.179161 345.098663
v 17.696337 41.100143 345.098663
v 15.048016 34.179161 351.014923
v 17.696337 34.179161 351.014923
v 17.696337 34.179161 345.098663
v 20.135098 34.179161 345.098663
v 15.048016 34.179161 339.181274
v 17.696337 34.179161 339.181274
v 17.696337 25.102592 339.181274
v 20.135098 26.822098 345.098663
v 17.696337 25.102600 345.098663
v 15.048014 28.111145 309.597778
v 17.696337 25.102600 351.014923
v 17.696337 25.102596 356.932281
v 20.135098 26.822098 351.014923
v 20.135098 34.179161 351.014923
v 20.135098 26.822090 356.932281
v 17.696339 25.102596 362.848572
v 17.696337 34.179161 356.932281
v 17.696339 34.179153 362.848572
v 20.135098 34.179161 356.932281
v 20.135099 26.822090 362.848572
v 20.135099 34.179153 362.848572
v 15.048018 34.179153 368.765930
v 15.048018 34.179153 362.848572
v 17.696339 25.102600 368.765930
v 17.696339 34.179153 368.765930
v 15.048018 34.179153 374.682159
v 17.696339 34.179153 374.682159
v 20.135099 34.179153 368.765930
v 20.135099 26.822098 368.765930
v 17.696339 25.102600 374.682159
v 20.135099 26.822098 374.682159
v 20.135099 34.179153 374.682159
v 15.048019 28.111153 422.016663
v 17.696339 25.102600 380.599548
v 20.135099 26.822098 380.599548
v 17.696339 25.102596 386.515808
v 17.696339 34.179169 380.599548
v 15.048018 34.179169 380.599548
v 17.696339 34.178024 386.515808
v 20.135099 34.179169 380.599548
v 20.135099 26.822090 386.515808
v 20.135099 34.179169 386.515808
v 15.048018 34.179153 392.433167
v 15.048018 34.179169 386.515808
v 17.696339 25.102604 392.433167
v 17.696339 34.178017 392.433167
v 15.048018 34.179153 398.349426
v 17.696339 34.178017 398.349426
v 20.135099 34.178017 392.433167
v 20.135099 26.822098 392.433167
v 17.696339 25.102596 398.349426
v 20.135099 26.822090 398.349426
v 20.135099 34.178017 398.349426
v 17.696339 25.102596 404.266846
v 17.696339 34.178017 404.266846
v 17.696341 25.102596 410.183044
v 20.135101 26.822090 410.183044
v 20.135099 26.822090 404.266846
v 20.135099 34.178017 404.266846
v 20.135101 34.178017 410.183044
v 17.696341 34.178017 410.183044
v 15.048019 34.179153 416.100403
v 15.048019 34.179153 410.183044
v 17.696341 25.102592 416.100403
v 17.696341 34.178017 416.100403
v 15.048018 34.179153 404.266846
v 15.048018 41.100136 404.266846
v 15.048018 41.100136 398.349426
v 15.048018 41.100136 392.433167
v 17.696339 41.100136 398.349426
v 17.696339 41.100136 392.433167
v 20.135099 41.100136 392.433167
v 20.135099 48.457237 392.433167
v 17.696339 41.100151 386.515808
v 20.135099 48.457253 386.515808
v 15.048018 41.100151 386.515808
v 15.048018 41.100151 380.599548
v 20.135099 41.100151 380.599548
v 17.696339 41.100151 380.599548
v 20.135099 41.100151 386.515808
v 17.696339 41.100136 374.682159
v 20.135099 48.457253 380.599548
v 15.048018 41.100136 374.682159
v 20.135099 41.100136 368.765930
v 17.696339 41.100136 368.765930
v 20.135099 48.457237 374.682159
v 20.135099 41.100136 374.682159
v 20.135099 48.457237 368.765930
v 15.048018 41.100136 368.765930
v 20.135099 48.457237 398.349457
v 20.135099 41.100136 398.349426
v 17.696339 41.100136 404.266846
v 17.696341 41.100136 410.183044
v 20.135101 41.100136 410.183044
v 20.135099 41.100136 404.266846
v 20.135099 48.457237 404.266876
v 20.135101 48.457237 410.183075
v 15.048019 41.100136 410.183044
v 17.696341 41.100136 416.100403
v 15.048019 41.100136 416.100403
v 15.048019 34.179146 422.016663
v 20.135101 26.822098 422.016663
v 17.696341 25.102600 422.016663
v 12.416689 28.111153 422.016663
v 20.135101 34.178009 422.016663
v 20.135101 34.178017 416.100403
v 20.135101 26.822090 416.100403
v 12.416683 28.111145 309.597778
v 15.048014 34.179153 309.597778
v 17.696335 34.179153 315.514038
v 15.048014 34.179153 315.514038
v 20.135096 34.179153 309.597778
v 20.135096 26.822090 309.597778
v 15.048014 41.099014 309.597778
v 17.696335 25.102592 309.597778
v 17.696335 25.102592 315.514038
v 17.696337 25.102600 321.431427
v 20.135096 26.822090 315.514038
v 20.135096 34.179153 315.514038
v 17.696337 25.102596 327.347656
v 20.135098 26.822098 321.431427
v 17.696337 34.179153 321.431427
v 15.048016 34.179153 327.347656
v 15.048016 34.179153 321.431427
v 17.696337 34.179153 327.347656
v 20.135098 34.179153 321.431427
v 20.135098 26.822090 327.347656
v 20.135098 34.179153 327.347656
v 17.696337 34.179161 333.265015
v 15.048016 34.179161 333.265015
v 20.135098 34.179161 333.265015
v 20.135098 26.822090 333.265015
v 17.696337 25.102596 333.265015
v 20.135098 26.822090 339.181274
v 20.135098 34.179161 339.181274
v 15.048016 41.099022 339.181274
v 15.048016 41.099022 333.265015
v 15.048016 41.099014 327.347656
v 15.048016 41.099014 321.431427
v 17.696337 41.100143 333.265015
v 17.696337 41.100136 321.431427
v 17.696337 41.100136 327.347656
v 20.135098 41.100136 321.431427
v 17.696337 50.176689 327.347656
v 20.135098 48.457237 327.347656
v 20.135098 41.100136 327.347656
v 20.135098 48.457237 321.431427
v 17.696337 50.176689 321.431427
v 17.696335 50.176689 315.514038
v 17.696335 41.100136 315.514038
v 20.135096 48.457237 315.514038
v 15.048014 41.099014 315.514038
v 20.135096 41.100136 309.597778
v 20.135096 41.100136 315.514038
v 20.135096 48.457237 309.597778
v 17.696335 50.176689 309.597778
v 17.696337 50.176697 333.265015
v 17.696337 50.176697 339.181274
v 20.135098 48.457245 333.265015
v 20.135098 48.457245 339.181274
v 17.696337 41.100143 339.181274
v 20.135098 41.100143 333.265015
v 20.135098 41.100143 339.181274
v 17.696337 50.176697 345.098663
v 17.696337 50.176697 351.014923
v 20.135098 48.457245 345.098663
v 20.135098 48.457245 351.014923
v 20.135098 41.100143 345.098663
v 20.135098 41.100143 351.014923
v 20.135101 41.100136 416.100403
v 20.135101 48.457237 416.100464
v 20.135101 41.100128 422.016663
v 20.135101 48.457230 422.016693
v -23.301666 47.168159 422.016724
v -25.949989 50.176697 404.266907
v -25.949987 50.176697 410.183105
v -25.949989 50.176697 398.349487
v -25.949989 50.176697 392.433197
v -25.949989 50.176704 386.515808
v -25.949989 50.176704 380.599579
v -25.949987 50.176697 416.100494
v -25.949987 50.176689 422.016724
v -23.301666 41.100128 422.016693
v -20.670334 47.168159 422.016724
v -25.949989 50.176689 374.682190
v -25.949989 50.176689 368.765961
v -20.670340 47.168159 309.597778
v -23.301672 47.168159 309.597778
v -25.949989 50.176689 362.848602
v -25.949991 50.176697 356.932312
v -28.388746 48.457245 356.932312
v -25.949989 41.100136 362.848602
v -28.388744 48.457237 362.848602
v -28.388746 41.100143 356.932312
v -28.388744 41.100136 362.848602
v -25.949991 41.100143 356.932312
v -25.949991 41.100143 351.014923
v -23.301670 41.099022 356.932312
v -23.301668 41.099007 362.848602
v -23.301670 34.179161 356.932312
v -23.301670 41.099022 351.014923
v -23.301670 41.099022 345.098663
v -23.301670 34.179161 345.098663
v -25.949991 41.100143 345.098663
v -23.301670 34.179161 351.014923
v -25.949991 34.179161 351.014923
v -25.949991 34.179161 345.098663
v -28.388746 34.179161 345.098663
v -23.301670 34.179161 339.181305
v -25.949991 34.179161 339.181305
v -25.949991 25.102592 339.181305
v -28.388746 26.822098 345.098663
v -25.949991 25.102600 345.098663
v -23.301672 28.111145 309.597778
v -25.949991 25.102600 351.014923
v -25.949991 25.102596 356.932312
v -28.388746 26.822098 351.014923
v -28.388746 34.179161 351.014923
v -28.388746 26.822090 356.932312
v -25.949989 25.102596 362.848602
v -25.949991 34.179161 356.932312
v -25.949989 34.179153 362.848602
v -28.388746 34.179161 356.932312
v -28.388744 26.822090 362.848602
v -28.388744 34.179153 362.848602
v -23.301668 34.179153 368.765961
v -23.301668 34.179153 362.848602
v -25.949989 25.102600 368.765961
v -25.949989 34.179153 368.765961
v -23.301668 34.179153 374.682190
v -25.949989 34.179153 374.682190
v -28.388744 34.179153 368.765961
v -28.388744 26.822098 368.765961
v -25.949989 25.102600 374.682190
v -28.388744 26.822098 374.682190
v -28.388744 34.179153 374.682190
v -23.301666 28.111153 422.016693
v -25.949989 25.102600 380.599579
v -28.388744 26.822098 380.599579
v -25.949989 25.102596 386.515808
v -25.949989 34.179169 380.599579
v -23.301668 34.179169 380.599579
v -25.949989 34.178024 386.515808
v -28.388744 34.179169 380.599579
v -28.388744 26.822090 386.515808
v -28.388744 34.179169 386.515808
v -23.301668 34.179153 392.433197
v -23.301668 34.179169 386.515808
v -25.949989 25.102604 392.433197
v -25.949989 34.178017 392.433197
v -23.301668 34.179153 398.349457
v -25.949989 34.178017 398.349457
v -28.388744 34.178017 392.433197
v -28.388744 26.822098 392.433197
v -25.949989 25.102596 398.349457
v -28.388744 26.822090 398.349457
v -28.388744 34.178017 398.349457
v -25.949989 25.102596 404.266876
v -25.949989 34.178017 404.266876
v -25.949987 25.102596 410.183075
v -28.388742 26.822090 410.183075
v -28.388744 26.822090 404.266876
v -28.388744 34.178017 404.266876
v -28.388742 34.178017 410.183075
v -25.949987 34.178017 410.183075
v -23.301666 34.179153 416.100464
v -23.301666 34.179153 410.183075
v -25.949987 25.102592 416.100464
v -25.949987 34.178017 416.100464
v -23.301668 34.179153 404.266876
v -23.301668 41.100136 404.266876
v -23.301668 41.100136 398.349457
v -23.301668 41.100136 392.433197
v -25.949989 41.100136 398.349457
v -25.949989 41.100136 392.433197
v -28.388744 41.100136 392.433197
v -28.388744 48.457237 392.433197
v -25.949989 41.100151 386.515808
v -28.388744 48.457253 386.515808
v -23.301668 41.100151 386.515808
v -23.301668 41.100151 380.599579
v -28.388744 41.100151 380.599579
v -25.949989 41.100151 380.599579
v -28.388744 41.100151 386.515808
v -25.949989 41.100136 374.682190
v -28.388744 48.457253 380.599579
v -23.301668 41.100136 374.682190
v -28.388744 41.100136 368.765961
v -25.949989 41.100136 368.765961
v -28.388744 48.457237 374.682190
v -28.388744 41.100136 374.682190
v -28.388744 48.457237 368.765961
v -23.301668 41.100136 368.765961
v -28.388744 48.457237 398.349487
v -28.388744 41.100136 398.349457
v -25.949989 41.100136 404.266876
v -25.949987 41.100136 410.183075
v -28.388742 41.100136 410.183075
v -28.388744 41.100136 404.266876
v -28.388744 48.457237 404.266907
v -28.388742 48.457237 410.183105
v -23.301666 41.100136 410.183075
v -25.949987 41.100136 416.100464
v -23.301666 41.100136 416.100464
v -23.301666 34.179146 422.016693
v -28.388742 26.822098 422.016693
v -25.949987 25.102600 422.016693
v -20.670334 28.111153 422.016693
v -28.388742 34.178009 422.016693
v -28.388742 34.178017 416.100464
v -28.388742 26.822090 416.100464
v -20.670340 28.111145 309.597778
v -23.301672 34.179153 309.597778
v -25.949993 34.179153 315.514038
v -23.301672 34.179153 315.514038
v -28.388748 34.179153 309.597778
v -28.388748 26.822090 309.597778
v -23.301672 41.099014 309.597778
v -25.949993 25.102592 309.597778
v -25.949993 25.102592 315.514038
v -25.949991 25.102600 321.431427
v -28.388748 26.822090 315.514038
v -28.388748 34.179153 315.514038
v -25.949991 25.102596 327.347656
v -28.388746 26.822098 321.431427
v -25.949991 34.179153 321.431427
v -23.301670 34.179153 327.347656
v -23.301670 34.179153 321.431427
v -25.949991 34.179153 327.347656
v -28.388746 34.179153 321.431427
v -28.388746 26.822090 327.347656
v -28.388746 34.179153 327.347656
v -25.949991 34.179161 333.265045
v -23.301670 34.179161 333.265045
v -28.388746 34.179161 333.265045
v -28.388746 26.822090 333.265045
v -25.949991 25.102596 333.265045
v -28.388746 26.822090 339.181305
v -28.388746 34.179161 339.181305
v -23.301670 41.099022 339.181305
v -23.301670 41.099022 333.265045
v -23.301670 41.099014 327.347656
v -23.301670 41.099014 321.431427
v -25.949991 41.100143 333.265045
v -25.949991 41.100136 321.431427
v -25.949991 41.100136 327.347656
v -28.388746 41.100136 321.431427
v -25.949991 50.176689 327.347656
v -28.388746 48.457237 327.347656
v -28.388746 41.100136 327.347656
v -28.388746 48.457237 321.431427
v -25.949991 50.176689 321.431427
v -25.949993 50.176689 315.514038
v -25.949993 41.100136 315.514038
v -28.388748 48.457237 315.514038
v -23.301672 41.099014 315.514038
v -28.388748 41.100136 309.597778
v -28.388748 41.100136 315.514038
v -28.388748 48.457237 309.597778
v -25.949993 50.176689 309.597778
v -25.949991 50.176697 333.265045
v -25.949991 50.176697 339.181305
v -28.388746 48.457245 333.265045
v -28.388746 48.457245 339.181305
v -25.949991 41.100143 339.181305
v -28.388746 41.100143 333.265045
v -28.388746 41.100143 339.181305
v -25.949991 50.176697 345.098663
v -25.949991 50.176697 351.014923
v -28.388746 48.457245 345.098663
v -28.388746 48.457245 351.014923
v -28.388746 41.100143 345.098663
v -28.388746 41.100143 351.014923
v -28.388742 41.100136 416.100464
v -28.388742 48.457237 416.100494
v -28.388742 41.100128 422.016693
v -28.388742 48.457230 422.016724
v 5.550082 45.591408 448.652771
v 3.007112 49.807426 448.786469
v 6.552550 46.261986 448.786438
v 8.471395 41.629128 448.786438
v 7.289951 41.393517 448.652771
v 7.289951 36.849014 448.652771
v 8.471395 36.613419 448.786438
v 5.550082 32.651108 448.652771
v 6.552550 31.980537 448.786438
v 2.336535 29.437546 448.652771
v 3.007112 28.435097 448.786438
v -1.861361 27.697701 448.652771
v -1.625756 26.516251 448.786438
v -6.641455 26.516251 448.786469
v -6.405858 27.697701 448.652832
v -11.274330 28.435097 448.786469
v -10.603763 29.437546 448.652832
v -14.819774 31.980537 448.786469
v -13.817309 32.651108 448.652832
v -16.738628 36.613419 448.786469
v -15.557182 36.849014 448.652832
v -16.738628 41.629128 448.786469
v -15.557182 41.393517 448.652832
v -13.817309 45.591408 448.652832
v -14.819774 46.261986 448.786469
v -11.274330 49.807426 448.786499
v -10.603763 48.804962 448.652863
v -6.405858 50.544823 448.652863
v -6.641455 51.726250 448.786499
v -1.861361 50.544823 448.652832
v -1.625756 51.726250 448.786469
v 2.336535 48.804962 448.652832
v -10.925455 40.472603 340.290253
v 1.624026 35.273384 340.290222
v -9.891289 42.968010 340.290253
v -0.286877 33.363602 340.290222
v -7.980368 44.878952 340.290253
v -2.782266 32.329414 340.290222
v -2.782266 45.913132 340.290222
v -5.484971 45.913132 340.290253
v -5.484971 32.329414 340.290253
v -0.286877 44.878952 340.290222
v -7.980368 33.363602 340.290253
v 1.624026 42.968010 340.290222
v -9.891289 35.273384 340.290253
v 2.658227 40.472603 340.290222
v -10.925455 37.769920 340.290253
v 2.658227 37.769920 340.290222
v 3.804551 27.241196 442.024078
v -1.504556 25.906837 441.021606
v 3.351451 27.918564 441.021606
v -16.013683 31.183090 442.024109
v -17.348038 36.492203 441.021637
v -15.336308 31.636192 441.021637
v -6.921267 53.134254 442.024139
v -11.618696 50.323959 441.021667
v -12.071770 51.001328 442.024139
v 9.879381 36.333626 442.024078
v 9.080803 41.750336 441.021606
v 9.879381 41.908905 442.024078
v -6.921267 25.108265 442.024109
v -1.345970 25.108265 442.024078
v -18.146614 36.333626 442.024109
v -17.348038 41.750336 441.021637
v -1.345970 53.134254 442.024109
v 3.351451 50.323959 441.021637
v -1.504556 52.335678 441.021637
v -6.762680 52.335678 441.021667
v 7.069073 31.636192 441.021606
v 9.080803 36.492203 441.021606
v -11.618696 27.918564 441.021637
v -6.762680 25.906837 441.021637
v -18.146614 41.908905 442.024109
v -15.336308 46.606339 441.021637
v 3.804551 51.001328 442.024109
v 7.069073 46.606339 441.021606
v 7.746451 31.183090 442.024078
v -12.071770 27.241196 442.024109
v -16.013683 47.059425 442.024109
v 7.746451 47.059425 442.024078
v 9.879381 41.908905 447.650330
v 7.746451 47.059425 447.650330
v -16.013683 47.059425 447.650360
v -12.071770 27.241196 447.650360
v -16.013683 31.183090 447.650360
v 7.746451 31.183090 447.650330
v 3.804551 27.241196 447.650330
v 3.804551 51.001328 447.650360
v -18.146614 41.908905 447.650360
v -6.921267 25.108269 447.650360
v 9.879381 36.333626 447.650330
v -6.921267 53.134254 447.650421
v -1.345969 53.134254 447.650360
v -18.146614 36.333626 447.650360
v -1.345969 25.108269 447.650330
v -12.071770 51.001328 447.650421
v 7.069071 46.606331 412.780426
v -15.336310 31.636192 412.780426
v 9.080801 41.750328 412.780396
v -17.348042 36.492195 412.780426
v 9.080801 36.492195 412.780396
v -17.348042 41.750328 412.780426
v 7.069071 31.636192 412.780396
v -15.336310 46.606331 412.780457
v 3.351450 27.918564 412.780396
v -11.618697 50.323952 412.780457
v -1.504558 25.906834 412.780396
v -1.504558 52.335670 412.780426
v -6.762681 52.335670 412.780457
v -6.762681 25.906834 412.780426
v 3.351450 50.323952 412.780426
v -11.618697 27.918564 412.780426
v 11.072135 71.615829 264.237671
v 11.072135 71.017754 266.470276
v 11.072135 71.615829 268.701782
v 11.072135 75.481834 270.934387
v 11.072134 73.249207 262.604309
v 11.072135 73.249207 270.336304
v 11.072135 77.714447 270.336304
v 11.072134 77.714447 262.604309
v 11.072134 75.481834 262.006226
v 11.072135 79.347839 268.701782
v 11.072135 79.347839 264.237671
v 11.072135 79.945923 266.470276
v -19.325790 71.615829 264.237671
v -19.325790 71.017754 266.470276
v -19.325790 71.615829 268.701782
v -4.126832 71.615829 264.237671
v -4.126832 71.017754 266.470276
v -4.126832 73.249207 262.604309
v -19.325790 75.481834 270.934387
v -19.325790 73.249207 262.604309
v -19.325790 73.249207 270.336304
v -4.126832 71.615829 268.701782
v -4.126832 73.249207 270.336304
v -4.126832 75.481834 270.934387
v -4.126832 77.714447 270.336304
v -19.325790 77.714447 270.336304
v -4.126832 79.347839 268.701782
v -19.325790 77.714447 262.604309
v -19.325790 75.481834 262.006226
v -19.325790 79.347839 268.701782
v -4.126832 79.945923 266.470276
v -19.325790 79.347839 264.237701
v -19.325790 79.945923 266.470276
v -4.126832 79.347839 264.237671
v -4.126832 77.714447 262.604309
v -4.126832 75.481834 262.006226
v 8.541615 92.999512 349.549194
v 4.758302 90.440674 349.549194
v 4.758301 90.440674 308.172821
v 4.758302 97.097717 349.549194
v 8.541615 92.999512 308.172821
v 9.860101 91.959656 349.549194
v 9.860101 102.258438 349.549194
v 9.860100 91.959671 308.172821
v -1.944047 102.258438 349.549194
v 0.817541 103.011703 348.474945
v 2.839440 105.069855 345.565094
v 3.579136 107.881317 342.304077
v 7.265033 111.031540 338.283417
v 6.959193 112.860901 326.068787
v 9.860100 103.781967 308.172821
v 4.758301 97.097733 308.172821
v 3.579126 107.782150 316.083618
v 2.839438 105.890930 312.237061
v -1.944049 103.781967 308.172821
v 0.817539 104.481979 309.261414
v -4.133614 102.258438 349.549194
v -4.133615 103.781967 308.172821
v -4.133615 97.097733 308.172821
v -6.323191 103.781967 308.172821
v -13.025548 97.097733 308.172821
v -4.133614 97.097717 349.549194
v -13.025547 97.097717 349.549194
v -6.323189 102.258438 349.549194
v -18.127363 102.258438 349.549194
v -9.084785 103.011703 348.474945
v -9.084787 104.481979 309.261414
v -11.106703 105.818726 312.237061
v -18.127365 103.781967 308.172821
v -18.127365 91.959671 308.172821
v -16.808853 92.999512 308.172821
v -11.846365 107.782150 316.083618
v -15.226440 112.860901 326.068787
v -15.532278 111.031540 338.283417
v -15.108638 113.463486 327.303497
v -11.846365 112.860901 326.068787
v -11.846365 113.463486 327.303497
v -11.846364 107.881317 342.304108
v -11.846364 111.031540 338.283417
v -15.261557 112.548248 336.404938
v -11.846364 112.548248 336.404938
v -15.064447 113.659454 334.660583
v -11.846364 113.659454 334.660583
v -11.846365 113.904129 328.805481
v -11.846365 114.066101 330.170410
v -14.990822 114.066101 330.170410
v -15.022551 113.904129 328.805481
v -11.846365 114.066101 332.797241
v -14.990822 114.066101 332.797241
v -11.106701 105.069855 345.565094
v -16.808853 92.999512 349.549194
v -13.025548 90.440674 308.172821
v -13.025547 90.440674 349.549194
v -13.025548 89.716866 308.172821
v -15.884557 89.716866 308.172821
v -15.884556 89.716858 349.549194
v -13.025547 89.716858 349.549194
v -18.127363 91.959656 349.549194
v 3.579127 112.860901 326.068787
v 6.841395 113.463486 327.303497
v 3.579135 113.463486 327.303497
v 3.579136 111.031540 338.283417
v 6.994311 112.548248 336.404938
v 3.579136 112.548248 336.404938
v 6.797215 113.659454 334.660583
v 3.579135 113.904129 328.805450
v 3.579136 113.659454 334.660583
v 3.579135 114.066101 330.170410
v 6.723580 114.066101 332.797241
v 3.579135 114.066101 332.797241
v 6.723580 114.066101 330.170410
v 6.755303 113.904129 328.805450
v 7.617313 89.716866 308.172821
v 4.758302 89.716858 349.549194
v 7.617314 89.716858 349.549194
v 4.758301 89.716866 308.172821
v -4.133615 107.219788 326.369019
v -4.133615 100.255768 326.369019
v -3.239890 100.255768 326.609161
v -4.133615 108.175812 327.178925
v -3.239890 107.219788 326.609161
v -5.027349 107.219788 326.609161
v -5.027349 100.255768 326.609161
v -4.622962 108.175812 327.310303
v -5.682067 107.219788 327.263855
v -5.682067 100.255768 327.263855
v -5.112300 108.175812 328.157593
v -5.922204 107.219788 328.157593
v -4.980906 108.175812 327.668243
v -4.492565 113.988640 327.950287
v -4.340924 113.988640 327.798615
v -3.774668 113.988640 327.950287
v -3.718993 113.988640 328.157593
v -3.926309 113.988640 327.798615
v -4.133615 113.988640 327.742981
v -3.644276 108.175812 327.310303
v -3.286332 108.175812 327.668243
v -3.154912 108.175812 328.157593
v -2.585171 107.219788 327.263855
v -2.585171 100.255768 327.263855
v -2.345033 100.255768 328.157593
v -2.345033 107.219788 328.157593
v -2.585171 100.255768 329.051331
v -3.286332 108.175812 328.646912
v -2.585171 107.219788 329.051331
v -3.239889 100.255768 329.706024
v -3.644276 108.175812 329.004883
v -3.239889 107.219788 329.706024
v -4.133615 100.255768 329.946167
v -4.133615 108.175812 329.136230
v -4.133615 107.219788 329.946167
v -5.027349 100.255768 329.706024
v -5.027349 107.219788 329.706024
v -5.682067 100.255768 329.051331
v -4.622962 108.175812 329.004883
v -5.682067 107.219788 329.051331
v -5.922204 100.255768 328.157593
v -4.980906 108.175812 328.646912
v -4.492565 113.988640 328.364899
v -4.548229 113.988640 328.157593
v -3.774668 113.988640 328.364899
v -3.926309 113.988640 328.516571
v -4.133615 113.988640 328.572205
v -4.340924 113.988640 328.516571
v 25.950523 37.279404 147.786285
v 16.108229 28.925529 147.786285
v 16.108229 28.925529 153.057999
v 22.869501 36.087776 147.786285
v 24.156288 36.947517 147.786285
v 25.950523 42.064056 147.786285
v 25.950523 37.279404 153.057999
v 25.317333 39.751022 147.786285
v 25.016027 38.233170 147.786285
v 25.016027 38.233170 153.057999
v 24.156288 36.947517 153.057999
v 25.317333 39.751022 153.057999
v 25.016027 41.267746 153.057999
v 25.950523 42.064056 153.057999
v 25.016027 41.267746 147.786285
v 24.156288 42.554527 147.786285
v 24.156288 42.554527 153.057999
v 21.801340 46.214378 147.786285
v 22.869501 43.413132 147.786285
v 22.869501 43.413132 153.057999
v 21.352781 43.715569 147.786285
v 19.836054 43.413132 147.786285
v 21.352781 43.715569 153.057999
v 19.836054 43.413132 153.057999
v 21.801340 46.214378 153.057999
v 16.108229 46.214378 153.057999
v 18.549259 42.554527 153.057999
v 17.689535 41.267746 153.057999
v 17.689535 41.267746 147.786285
v 18.549259 42.554527 147.786285
v 16.108229 46.214378 147.786285
v 17.388212 39.751022 147.786285
v 17.388212 39.751022 153.057999
v 17.689535 38.233170 147.786285
v 17.689535 38.233170 153.057999
v 18.549259 36.947517 147.786285
v 18.549259 36.947517 153.057999
v 19.836054 36.087776 147.786285
v 21.352781 35.786469 147.786285
v 19.836054 36.087776 153.057999
v 21.352781 35.786469 153.057999
v 22.869501 36.087776 153.057999
v -34.204197 37.279404 147.786285
v -24.361902 28.925529 147.786285
v -24.361902 28.925529 153.057999
v -31.123175 36.087776 147.786285
v -32.409958 36.947517 147.786285
v -34.204197 42.064056 147.786285
v -34.204197 37.279404 153.057999
v -33.571003 39.751022 147.786285
v -33.269695 38.233170 147.786285
v -33.269695 38.233170 153.057999
v -32.409958 36.947517 153.057999
v -33.571003 39.751022 153.057999
v -33.269695 41.267746 153.057999
v -34.204197 42.064056 153.057999
v -33.269695 41.267746 147.786285
v -32.409958 42.554527 147.786285
v -32.409958 42.554527 153.057999
v -30.055010 46.214378 147.786285
v -31.123175 43.413132 147.786285
v -31.123175 43.413132 153.057999
v -29.606451 43.715569 147.786285
v -28.089725 43.413132 147.786285
v -29.606451 43.715569 153.057999
v -28.089725 43.413132 153.057999
v -30.055010 46.214378 153.057999
v -24.361902 46.214378 153.057999
v -26.802931 42.554527 153.057999
v -25.943205 41.267746 153.057999
v -25.943205 41.267746 147.786285
v -26.802931 42.554527 147.786285
v -24.361902 46.214378 147.786285
v -25.641886 39.751022 147.786285
v -25.641886 39.751022 153.057999
v -25.943205 38.233170 147.786285
v -25.943205 38.233170 153.057999
v -26.802931 36.947517 147.786285
v -26.802931 36.947517 153.057999
v -28.089725 36.087776 147.786285
v -29.606451 35.786469 147.786285
v -28.089725 36.087776 153.057999
v -29.606451 35.786469 153.057999
v -31.123175 36.087776 153.057999
v 12.900341 71.469681 -79.111893
v 12.900341 71.469681 -84.844711
v 17.407469 65.074303 -84.844711
v 11.971498 71.469681 -79.111893
v 12.900341 13.874946 -79.111893
v 11.971498 13.874946 -79.111893
v 20.135069 61.204895 -79.111893
v 17.407469 65.074303 -90.944397
v 20.135069 20.547859 -79.111893
v 20.135069 61.204895 -103.242432
v 17.407469 65.074303 -105.711823
v 17.407469 59.725548 -105.711823
v 17.407469 28.476974 -105.711823
v 20.135069 20.547859 -103.242432
v 17.407469 18.032063 -105.711823
v 17.407469 18.032059 -91.100693
v 12.983030 28.476967 -93.569992
v 17.407469 18.032066 -84.844681
v 12.983030 13.874947 -93.569992
v 12.983030 13.874946 -105.711823
v -21.250305 28.476967 -93.569992
v -21.250305 13.874946 -96.365631
v -21.250305 13.874947 -93.569992
v -25.674761 18.032059 -91.100693
v -28.402374 20.547855 -91.821167
v -25.674761 65.074303 -90.944397
v -25.674761 18.032066 -84.844681
v -21.167629 13.874946 -79.111862
v -21.167629 13.874947 -84.844681
v -28.402374 20.547859 -79.111862
v -25.674761 65.074303 -84.844666
v -21.167629 71.469681 -84.844666
v -21.167629 71.469681 -79.111893
v -28.402374 61.204895 -91.821152
v -28.402374 61.204895 -79.111893
v -28.402374 57.926781 -79.111893
v -28.402374 57.926781 -105.711823
v -28.402374 31.631622 -79.111862
v -34.517967 57.926781 -88.776352
v -34.517967 31.631622 -88.776321
v -34.517967 31.631622 -104.966415
v -34.517967 57.926781 -104.966446
v -28.402374 31.631622 -105.711792
v -28.402374 26.468628 -91.821167
v -21.250305 61.204895 -105.711823
v -28.402374 26.468636 -105.711823
v -21.250305 26.468636 -105.711823
v -21.250305 13.874946 -105.711823
v 4.146605 29.369553 -105.711823
v -12.413872 29.369553 -105.711792
v -14.524171 31.479828 -105.711792
v -21.250305 26.861687 -96.365631
v 8.883683 28.476974 -105.711823
v 12.247885 33.035065 -111.786606
v 8.883683 59.725548 -105.711823
v 8.883682 33.035065 -111.786606
v 6.256883 31.479828 -105.711823
v 3.717288 30.134148 -103.035156
v 6.256883 56.722687 -105.711853
v 5.717701 56.067963 -103.035187
v 5.717701 32.134544 -103.035156
v 3.717288 58.068367 -103.035187
v 4.146605 58.832954 -105.711823
v -11.984581 58.068367 -103.035187
v -11.984581 30.134148 -103.035156
v -12.413872 58.832954 -105.711823
v -13.984993 56.067963 -103.035187
v -13.984993 32.134544 -103.035156
v -14.524171 56.722687 -105.711823
v -21.250305 78.370277 -105.711823
v 12.983030 78.370277 -105.711823
v 12.983030 71.413048 -105.711823
v -21.331879 75.936028 -93.410355
v -21.250305 78.370277 -91.004456
v -21.250305 71.413048 -96.365616
v 8.508750 83.429047 -105.680054
v -16.776039 83.429047 -105.680054
v -12.887378 87.825172 -101.255569
v 4.620086 87.825172 -90.944397
v -12.887378 87.825172 -90.944397
v 4.620086 87.825172 -101.255569
v 12.983030 78.370277 -91.004486
v 12.902603 75.936028 -93.410355
v 12.983030 75.936028 -91.004486
v -21.250305 75.936028 -91.004456
v 12.983030 71.413048 -93.410355
v -21.250305 71.413048 -93.410355
v -21.250305 61.204895 -96.365616
v -28.402374 61.204895 -105.711823
v 8.883682 55.167458 -111.786636
v 12.247885 55.167458 -111.786636
v -20.238783 71.469681 -84.844666
v -20.238779 71.469681 -79.111893
v -20.238779 13.874946 -79.111862
v -20.238783 13.874947 -84.844681
v 12.900341 13.874947 -84.844681
v 11.971498 13.874947 -84.844681
v 11.971498 71.469681 -84.844711
v 17.046133 25.293995 131.632401
v 15.120502 25.293995 131.632401
v 15.120502 24.686852 129.366943
v 17.046133 24.686852 129.366943
v 17.046133 24.686852 133.897858
v 15.120502 24.686852 133.897858
v 17.046133 23.028538 127.708672
v 17.046133 20.763081 127.101486
v 17.046133 23.028534 135.556198
v 15.120502 20.763077 136.163361
v 15.120502 23.028534 135.556198
v 17.046133 18.497620 127.708672
v 17.046133 20.763077 136.163361
v 17.046133 16.838169 129.366943
v 17.046133 18.497616 135.556198
v 15.120502 18.497616 135.556198
v 17.046133 16.838169 133.897858
v 15.120502 16.232159 131.632385
v 15.120502 16.838169 133.897858
v 17.046133 16.232159 131.632385
v 15.120502 16.838169 129.366943
v 15.120502 18.497620 127.708672
v 15.120502 20.763081 127.101486
v 15.120502 23.028538 127.708672
v -24.206718 19.239555 128.993149
v -24.206718 18.123817 133.154816
v -24.206718 17.716022 131.632401
v -19.207994 19.239555 128.993149
v -24.206718 18.123817 130.108902
v -24.206718 20.763077 128.585403
v -19.207994 22.285477 128.993149
v -24.206718 22.285477 128.993149
v -24.206718 19.239555 134.270523
v -19.207994 20.763077 128.585403
v -19.207993 19.239555 134.270523
v -24.206718 20.763077 134.678360
v -19.207993 18.123817 133.154816
v -19.207994 17.716022 131.632401
v -19.207994 18.123817 130.108902
v -19.207993 20.763077 134.678360
v -24.206718 22.285477 134.270523
v -19.207993 22.285477 134.270523
v -24.206718 23.401199 133.154816
v -24.206718 23.401199 130.108902
v -19.207994 23.808987 131.632401
v -24.206718 23.808987 131.632401
v -19.207994 23.401199 130.108902
v -19.207993 23.401199 133.154816
v -16.672951 -14.114792 65.770996
v -16.672951 -16.509388 67.593559
v 8.405653 -16.509388 67.593559
v -16.672951 -12.514244 63.222355
v 8.405652 -14.114792 65.770996
v -21.169888 -9.993922 68.347984
v -21.169888 -12.713615 70.417450
v -20.730371 -2.709349 146.330719
v -21.169880 13.874950 123.834709
v -20.730373 -9.283699 141.219849
v -21.169888 -16.670229 71.415390
v -20.730373 -16.469749 137.539581
v -21.169888 -31.914499 72.605858
v -16.672951 -19.992523 68.471420
v -8.163863 -19.992523 68.471420
v -16.672951 -14.382127 80.457993
v -16.672951 -29.218578 69.091019
v -16.672951 -34.642094 76.855904
v -21.169888 -34.642094 76.601044
v -16.672951 -43.052620 78.039589
v -16.672951 -42.772839 80.097778
v -21.169888 -43.052620 78.039589
v -16.672951 -38.934029 83.765526
v -19.289555 -38.984982 83.772331
v -19.289555 -35.091812 83.247894
v -21.573139 -38.128662 88.442566
v -19.289555 -29.201614 128.553635
v -19.289555 -2.400100 124.947075
v -19.289555 -8.290310 79.641251
v 11.022284 -8.290310 79.641251
v -0.103389 -14.376453 80.456856
v -8.163862 -14.376453 80.456856
v -8.163862 -38.928368 83.764374
v -8.163862 -34.642094 76.855904
v -8.163863 -31.914499 72.605858
v -0.103389 -31.914499 72.605858
v -0.103389 -56.553646 69.821671
v -8.142368 -34.621738 61.662594
v -8.163863 -56.553646 69.821671
v -0.154356 -56.553642 54.754074
v -8.112914 -56.553642 54.754074
v -8.124240 -43.042423 57.218895
v -0.143030 -43.042423 57.218895
v -8.112915 -47.700226 52.539589
v -0.154356 -47.700226 52.539589
v -8.106104 -49.322296 48.752876
v -0.161158 -49.322296 48.752876
v -8.106104 -55.707493 49.140274
v -0.161158 -55.707493 49.140274
v 3.562100 -54.659714 39.031742
v -11.829389 -54.659714 39.031750
v 3.521345 -50.794849 10.176651
v -11.788628 -50.794849 10.176651
v -11.788628 -45.065514 11.983353
v -11.829389 -48.693630 39.721626
v 3.562100 -48.693630 39.721619
v 3.521345 -45.065514 11.983353
v 3.498692 -39.897976 -10.230602
v 3.500929 -32.899975 -3.549797
v -11.768238 -32.899975 -3.549789
v 3.498693 -29.602600 -3.640388
v -11.765967 -11.952410 6.949505
v 3.498693 -11.952410 6.949505
v 3.506599 -39.680511 -28.551346
v 3.506600 -11.952414 -11.913868
v -11.765967 -29.602600 -3.640388
v -11.773893 -39.680511 -28.551346
v -11.765968 -39.897976 -10.230602
v -11.773893 -11.952414 -11.913868
v -16.682018 -11.952414 -11.913868
v -21.169891 -7.538166 -11.913860
v -21.169891 -7.538164 11.150776
v -16.672955 -11.952410 21.066681
v -21.169889 -7.538166 21.066681
v -8.828804 -11.952415 11.478115
v -8.828804 -11.952415 12.055821
v -16.672951 -11.952412 60.335045
v 8.405652 -12.514244 63.222351
v 0.561523 -11.952415 11.478115
v -21.169888 -7.538163 62.173473
v 8.405652 -11.952412 60.335045
v 12.902609 -7.538166 21.066681
v 8.405650 -11.952410 21.066673
v 12.902611 -7.538163 62.173470
v 12.902611 13.874950 87.373306
v 12.902611 -8.175903 65.452705
v 12.902611 -9.993922 68.347977
v 12.902611 -12.713615 70.417450
v 12.463120 -2.709349 146.330719
v 12.463118 -9.283699 141.219849
v 12.902611 -16.670229 71.415382
v 12.902611 -31.914499 72.605858
v 8.405653 -19.992523 68.471420
v 12.463118 -16.469749 137.539581
v 6.683907 -20.646116 143.802475
v 6.683907 -13.646971 146.959396
v 12.902611 -34.642094 76.601044
v 12.463118 -25.955212 135.651337
v 6.683907 -34.022507 142.615387
v 6.683907 -27.844589 142.670868
v 17.038206 -39.222855 84.701187
v 16.719904 -33.684959 128.575226
v 16.719904 -36.608513 128.176453
v 17.038206 -41.822479 84.974152
v 5.570459 -34.226395 140.545883
v 14.649275 -36.775032 127.511566
v 14.957382 -41.834949 85.539368
v 13.305866 -38.128662 88.442566
v 13.039679 -33.778980 124.516602
v 5.739241 -31.588276 135.720444
v 11.022285 -29.201614 128.553635
v 5.997498 -27.695084 135.195953
v 11.022285 -2.400100 124.947075
v 11.022284 -35.091812 83.247894
v 11.022284 -38.984982 83.772331
v 8.405653 -38.934029 83.765526
v 8.405653 -35.040829 83.241096
v 8.405653 -14.382127 80.457993
v -0.103389 -19.992523 68.471420
v 8.405653 -34.642094 76.855904
v 8.405653 -29.218578 69.091019
v 8.405653 -42.772839 80.097778
v 8.405653 -43.052620 78.039589
v 12.902611 -43.052620 78.039581
v 11.716642 -42.831741 80.105698
v -0.124910 -34.621738 61.662594
v 7.169860 -0.893587 131.588242
v -15.437141 -0.893587 131.588242
v -14.264764 -27.695084 135.195953
v -14.006503 -31.588276 135.720444
v -13.837722 -34.226395 140.545883
v -21.306942 -33.778980 124.516602
v -22.916538 -36.775032 127.511566
v -24.987181 -36.608513 128.176453
v -23.224659 -41.834949 85.539368
v -25.305470 -41.822479 84.974159
v -19.983919 -42.831741 80.105698
v -25.305470 -39.222855 84.701187
v -20.730373 -25.955212 135.651337
v -24.987181 -33.684959 128.575226
v -14.951173 -34.022507 142.615387
v -14.951173 -27.844589 142.670868
v -14.951173 -20.646116 143.802475
v -14.951173 -13.646971 146.959396
v -14.951173 -7.533634 151.832367
v 6.683907 -7.533634 151.832367
v -20.730371 2.608825 152.370392
v -14.951172 -2.903036 157.944580
v 6.683908 -2.903036 157.944580
v -20.730371 6.150862 158.751099
v -14.951172 -0.087084 165.215607
v -14.951171 -0.087079 179.913864
v 6.683908 -0.087079 179.913864
v 6.683908 -0.087084 165.215607
v -20.730371 8.722164 178.992996
v -20.730371 8.722164 165.215637
v -21.169878 13.874950 178.238556
v -21.202711 13.904415 136.668533
v -21.137033 27.037270 123.834717
v -21.169880 27.067863 136.668549
v -23.387766 18.180454 120.006119
v -23.387766 26.996490 120.006119
v -23.387766 18.180454 116.157074
v -23.387766 26.996490 116.157074
v -25.870712 26.956841 116.157074
v -25.870716 18.212173 22.616249
v -25.870718 26.956833 9.489037
v -25.870712 18.212177 116.157074
v -21.169889 13.874947 30.032234
v -25.870716 -2.967602 13.749252
v -25.870716 8.722157 12.709408
v -25.870718 -2.967602 12.211044
v -21.169891 8.449173 11.150776
v -21.169891 13.874947 11.150776
v -21.169891 13.874949 -11.913868
v -25.870718 18.212177 -6.361158
v -25.870718 18.212177 -11.913868
v -21.169891 15.920647 10.621830
v -21.169891 18.212177 -6.361158
v -21.169891 26.956833 9.489037
v -21.169891 18.212166 9.489040
v -25.870718 26.956841 -6.361161
v -21.169891 26.956841 -6.361161
v -25.870718 26.956841 -11.913865
v -25.870718 18.212166 9.489040
v -25.870718 15.920647 11.527965
v -25.870718 13.874947 12.351460
v 12.902622 13.874950 178.238556
v 12.463120 8.722164 165.215637
v 12.463120 8.722164 178.992996
v 12.902620 13.874950 136.668533
v 15.120502 15.920651 136.668533
v 15.120502 15.920650 126.550995
v 12.463120 6.150862 158.751099
v 12.463120 2.608825 152.370392
v 17.603441 18.212170 87.373306
v 17.603443 18.212177 126.550995
v 15.120502 26.805054 136.668549
v 15.120502 26.805061 126.550995
v 17.603443 26.956841 126.550995
v 17.603441 18.212173 71.972717
v 17.603437 26.956833 9.489037
v 17.603439 18.212173 22.616249
v 17.603437 18.212166 9.489040
v 12.902607 18.212166 9.489040
v 12.902607 26.956833 9.489037
v 12.902607 18.212177 -6.361158
v 12.902607 26.956841 -6.361161
v 17.603437 26.956841 -6.361161
v 17.603437 18.212177 -11.913868
v 17.603437 18.212177 -6.361158
v 17.603437 26.956841 -11.913865
v 15.120497 26.956841 -11.913865
v 12.990959 26.956841 -11.913865
v 12.990959 13.874949 -11.913868
v 12.902607 13.874947 11.150776
v 12.902607 8.722157 11.150768
v 12.902607 -7.538166 -11.913868
v 12.902607 15.920647 10.621830
v 17.603437 15.920647 11.527965
v 17.603437 13.874947 12.351460
v 17.603439 8.722157 12.709408
v 17.603437 -2.967602 12.211044
v 17.603439 -2.967602 13.749245
v 12.902609 13.874947 30.032234
v 12.902607 -7.538164 11.150776
v 8.414721 -11.952414 -11.913868
v 12.902611 13.874951 71.972717
v 12.902611 18.212170 87.373306
v 12.902611 18.212173 71.972717
v 0.561522 -11.952415 12.055821
v 0.561522 -5.441482 12.055817
v -8.828804 -5.441482 12.055817
v 0.561523 -5.441485 29.854412
v -8.828804 -5.441485 29.854420
v -21.169888 -8.175903 65.452705
v -0.103389 -34.642094 76.855904
v -8.163862 -41.023914 77.754135
v -0.103389 -41.023914 77.754135
v -0.103388 -38.928368 83.764374
v 4.099009 -113.600151 -53.551849
v 7.912932 -112.588654 -55.902252
v 9.802323 -123.770966 -53.914398
v 4.800195 -124.694107 -50.730225
v 4.099010 -40.929890 -12.921970
v 7.912934 -40.834740 -15.785511
v 11.605633 -40.630848 -21.996292
v 7.912934 -33.457275 -11.660137
v 11.605634 -33.457275 -17.985275
v 11.605634 -24.489464 -13.003532
v 12.902607 -24.489464 -20.821632
v 12.902607 -33.457287 -25.665176
v 12.902605 -24.489464 -38.650795
v 12.902605 -33.457283 -45.475479
v 12.902607 -40.331821 -29.652382
v 11.605632 -110.394531 -61.000671
v 12.902605 -39.163982 -49.264503
v 12.902605 -107.195740 -68.432526
v 16.467302 -118.854897 -71.098969
v 12.902603 -94.671127 -86.117828
v 16.608898 -105.364090 -96.560440
v 11.605630 -90.998795 -91.302368
v 17.043844 -107.349785 -98.546158
v 14.908670 -101.379150 -104.118011
v 17.001953 -121.259666 -72.261200
v 17.223970 -123.537590 -73.876404
v 15.420662 -126.605034 -63.084900
v 15.206577 -124.286339 -61.619202
v 10.283737 -128.699432 -55.673477
v 10.143279 -126.358116 -54.335678
v 14.692316 -121.773956 -60.867020
v 4.979163 -129.661133 -52.253723
v 4.927057 -127.311852 -50.982849
v 4.979163 -138.241531 -60.492020
v 3.794325 -136.483551 -64.226654
v 10.283736 -137.498459 -63.972961
v 8.409072 -135.837891 -67.255630
v 15.420662 -135.887695 -71.523743
v 12.877684 -134.435577 -73.823181
v 17.223969 -133.539581 -82.529388
v 17.223969 -117.188637 -106.804916
v 14.447620 -118.167336 -104.519058
v 17.223969 -109.460037 -100.477478
v 14.447620 -132.393250 -83.399368
v 12.922993 -110.282372 -97.318253
v 12.922993 -123.340515 -77.930511
v 11.483284 -125.216301 -69.140472
v 7.380536 -126.503090 -63.110931
v 3.144147 -127.096634 -60.331207
v 11.483283 -106.228355 -102.850494
v 7.380533 -102.787148 -107.547882
v 1.241132 -100.485405 -110.690109
v 1.721432 -107.494751 -119.084778
v 2.597029 -104.921173 -123.546631
v 2.597029 -99.484100 -119.300049
v 2.589104 -97.470100 -117.229370
v 2.570976 -95.715485 -114.851791
v 2.386346 -85.804115 -98.635620
v 9.981297 -97.987762 -110.547379
v 7.912930 -87.884926 -95.698471
v 2.386348 -38.338219 -67.106110
v 2.386348 -33.457275 -63.864288
v 7.912932 -38.531914 -62.919525
v 7.912932 -33.457275 -59.549622
v 11.605632 -38.821884 -56.654343
v 11.605632 -33.457279 -53.091949
v 7.912932 -24.489462 -52.644531
v 11.605632 -24.489464 -46.224266
v 7.912932 -16.653252 -50.132141
v 11.605632 -16.653255 -43.728813
v 11.605632 -9.561221 -44.013130
v 12.902605 -16.653250 -36.174667
v 12.902605 -9.561224 -36.410255
v 12.902605 -4.584008 -38.000603
v 12.902607 -16.653254 -16.590881
v 12.902607 -4.513790 -12.761131
v 12.902607 -9.561222 -12.761127
v 11.605634 -16.653248 -8.650478
v 11.605634 -9.561220 -4.710834
v 7.912934 -16.653250 -2.326420
v 7.912934 -9.561222 1.613209
v 11.605634 -4.513793 -4.710835
v 12.902607 0.533661 -12.761131
v 11.605634 0.533661 -4.710838
v 7.912934 0.533661 1.613213
v 7.912934 -4.513790 1.613205
v 4.099011 -4.513790 4.528854
v 4.099011 -9.561222 4.528858
v 4.099010 -16.653252 0.589222
v 4.099011 4.253544 4.528852
v 4.099011 0.533661 4.528854
v 7.912934 4.253544 1.613213
v 4.099011 10.628544 4.528850
v 11.605634 4.253541 -4.710838
v 7.912934 10.628544 1.613209
v 11.605634 14.635010 -4.710835
v 11.605634 10.628544 -4.710835
v 7.912934 14.635010 1.613209
v 4.099011 14.635010 4.528850
v 12.902607 14.635010 -12.761128
v 12.902607 10.628547 -12.761128
v 12.902607 4.253544 -12.761124
v 12.902605 0.385272 -41.465622
v 12.902605 4.469882 -47.930099
v 11.605632 0.344493 -49.377739
v 11.605632 4.520869 -56.252274
v 12.902605 10.628548 -67.027924
v 11.605631 10.628544 -74.848328
v 12.902605 14.635010 -67.965820
v 11.605631 14.635006 -75.740891
v 7.912931 10.628548 -81.477020
v 7.912931 14.635006 -82.331161
v 2.386347 10.628544 -85.905991
v 2.386347 14.635006 -86.735153
v 2.386348 4.593364 -68.022476
v 2.386348 0.286712 -60.566833
v 2.386348 -4.637247 -56.648727
v 2.386348 -9.561220 -54.764954
v 2.386348 -16.653250 -54.411591
v 2.386348 -24.489460 -56.934174
v 7.912932 -9.561222 -50.458359
v 7.912932 -4.624787 -52.272995
v 11.605632 -4.606660 -45.724724
v 7.912932 0.309383 -56.084625
v 7.912932 4.565055 -63.307999
v 4.099010 -24.489460 -3.762725
v 4.099010 -33.457275 -8.744487
v 7.912934 -24.489460 -6.678405
v 10.195382 -99.789909 -112.841171
v 15.270006 -103.260605 -106.279327
v 15.420660 -105.327835 -108.272873
v 15.420660 -112.112869 -113.732620
v 10.283734 -101.824303 -114.883499
v 10.283734 -107.802841 -119.613724
v 8.409062 -110.002602 -115.661713
v 12.877682 -113.751945 -110.545197
v -12.352709 -113.600151 -53.551834
v -16.166630 -112.588654 -55.902252
v -18.056019 -123.770966 -53.914398
v -4.126846 -114.569801 -51.298843
v -13.053887 -124.694107 -50.730225
v -12.352698 -40.929890 -12.921963
v -16.166626 -40.834740 -15.785511
v -19.859324 -40.630848 -21.996277
v -16.166626 -33.457275 -11.660130
v -19.859322 -33.457275 -17.985268
v -19.859322 -24.489464 -13.003532
v -21.156300 -24.489464 -20.821617
v -21.156300 -33.457287 -25.665176
v -21.156301 -24.489464 -38.650787
v -21.156301 -33.457283 -45.475471
v -21.156300 -40.331821 -29.652374
v -19.859325 -110.394531 -61.000671
v -21.156301 -39.163982 -49.264496
v -21.156301 -107.195740 -68.432495
v -24.720999 -118.854897 -71.098969
v -21.156303 -94.671127 -86.117828
v -24.862595 -105.364090 -96.560440
v -19.859325 -90.998795 -91.302368
v -25.297541 -107.349785 -98.546158
v -23.162365 -101.379150 -104.118011
v -25.255650 -121.259666 -72.261200
v -25.477663 -123.537590 -73.876404
v -23.674358 -126.605034 -63.084900
v -23.460274 -124.286339 -61.619186
v -18.537430 -128.699432 -55.673477
v -18.396971 -126.358116 -54.335678
v -22.946012 -121.773956 -60.867004
v -13.232855 -129.661133 -52.253723
v -13.180749 -127.311852 -50.982849
v -4.126846 -128.239563 -47.769249
v -4.126846 -125.622948 -47.675247
v -4.126846 -130.582031 -48.976784
v -4.126846 -138.952896 -57.157272
v -4.126846 -137.103119 -61.324631
v -13.232855 -138.241531 -60.492020
v -12.048027 -136.483551 -64.226654
v -18.537430 -137.498459 -63.972961
v -16.662762 -135.837891 -67.255600
v -23.674358 -135.887695 -71.523743
v -21.131378 -134.435577 -73.823181
v -25.477665 -133.539581 -82.529388
v -25.477665 -117.188637 -106.804916
v -22.701321 -118.167336 -104.519058
v -25.477665 -109.460037 -100.477448
v -22.701321 -132.393250 -83.399368
v -21.176693 -110.282372 -97.318253
v -21.176693 -123.340515 -77.930511
v -4.126847 -118.723518 -74.958115
v -19.736977 -125.216301 -69.140472
v -4.126847 -122.898750 -66.885269
v -15.634232 -126.503090 -63.110931
v -4.126846 -125.638817 -61.586304
v -11.397840 -127.096634 -60.331207
v -4.126846 -126.689987 -59.551895
v -4.126846 -127.665276 -57.667084
v -4.126848 -107.791527 -96.099442
v -19.736984 -106.228355 -102.850494
v -4.126848 -104.490738 -102.483490
v -15.634234 -102.787148 -107.547882
v -4.126848 -101.868469 -107.553558
v -9.494829 -100.485405 -110.690109
v -4.126849 -100.078766 -111.041260
v -4.126849 -99.676651 -111.793396
v -9.975130 -107.494751 -119.084778
v -4.126849 -106.613480 -120.286697
v -10.850735 -104.921173 -123.546631
v -4.126849 -103.908531 -124.929657
v -4.126849 -98.661728 -120.851837
v -10.850735 -99.484100 -119.300018
v -4.126849 -96.659058 -118.776672
v -10.842802 -97.470100 -117.229370
v -4.126849 -94.929352 -116.387756
v -10.824682 -95.715485 -114.851791
v -4.126848 -85.074638 -99.667526
v -4.126847 -38.270241 -68.575287
v -10.640042 -85.804115 -98.635590
v -18.234995 -97.987762 -110.547379
v -16.166630 -87.884926 -95.698471
v -10.640041 -38.338219 -67.106110
v -4.126847 -33.457275 -65.378677
v -10.640041 -33.457275 -63.864288
v -16.166630 -38.531914 -62.919510
v -16.166630 -33.457275 -59.549622
v -19.859325 -38.821884 -56.654327
v -19.859325 -33.457279 -53.091934
v -16.166630 -24.489462 -52.644531
v -19.859325 -24.489464 -46.224258
v -16.166630 -16.653252 -50.132141
v -19.859325 -16.653255 -43.728813
v -19.859325 -9.561221 -44.013130
v -21.156301 -16.653250 -36.174667
v -21.156301 -9.561224 -36.410248
v -21.156301 -4.584008 -38.000603
v -21.156300 -16.653254 -16.590881
v -21.156300 -4.513790 -12.761124
v -21.156300 -9.561222 -12.761127
v -19.859322 -16.653248 -8.650471
v -19.859322 -9.561220 -4.710834
v -16.166626 -16.653250 -2.326420
v -16.166626 -9.561222 1.613209
v -19.859322 -4.513793 -4.710835
v -21.156300 0.533661 -12.761124
v -19.859322 0.533661 -4.710838
v -16.166626 0.533661 1.613213
v -16.166626 -4.513790 1.613205
v -12.352697 -4.513790 4.528854
v -12.352697 -9.561222 4.528858
v -12.352698 -16.653252 0.589222
v -4.126843 -16.743858 3.332714
v -4.126843 -9.650705 7.272328
v -4.126843 -4.603279 7.272326
v -4.126843 0.444180 7.272324
v -12.352697 4.253544 4.528852
v -4.126843 4.162914 7.272324
v -12.352697 0.533661 4.528854
v -16.166626 4.253544 1.613213
v -12.352697 10.628544 4.528850
v -19.859322 4.253541 -4.710835
v -16.166626 10.628544 1.613209
v -19.859322 14.635010 -4.710835
v -19.859322 10.628544 -4.710835
v -16.166626 14.635010 1.613209
v -12.352697 14.635010 4.528866
v -4.126843 10.539051 7.272327
v -4.126843 14.544399 7.272327
v -21.156300 14.635010 -12.761128
v -21.156300 10.628547 -12.761128
v -21.156300 4.253544 -12.761124
v -21.156301 0.385272 -41.465614
v -21.156301 4.469882 -47.930099
v -19.859325 0.344493 -49.377731
v -19.859325 4.520869 -56.252274
v -21.156301 10.628548 -67.027924
v -19.859325 10.628544 -74.848328
v -21.156301 14.635010 -67.965820
v -19.859325 14.635006 -75.740860
v -16.166630 10.628548 -81.477020
v -16.166630 14.635006 -82.331116
v -10.640041 10.628544 -85.905991
v -10.640041 14.635006 -86.735153
v -4.126848 14.635006 -88.282516
v -4.126848 10.628544 -87.461319
v -4.126847 4.603572 -69.677383
v -10.640041 4.593364 -68.022476
v -4.126846 0.277663 -62.140198
v -10.640041 0.286712 -60.566818
v -4.126846 -4.641778 -58.184738
v -10.640040 -4.637247 -56.648727
v -4.126846 -9.561220 -56.277176
v -10.640040 -9.561220 -54.764954
v -4.126846 -16.653250 -55.913574
v -10.640040 -16.653250 -54.411575
v -4.126846 -24.489460 -58.440704
v -10.640040 -24.489460 -56.934174
v -16.166630 -9.561222 -50.458359
v -16.166630 -4.624787 -52.272995
v -19.859325 -4.606660 -45.724724
v -16.166630 0.309383 -56.084625
v -16.166630 4.565055 -63.307999
v -4.126844 -24.580090 -1.019233
v -12.352698 -24.489460 -3.762718
v -4.126844 -33.547909 -6.001021
v -12.352698 -33.457275 -8.744487
v -4.126844 -41.019390 -10.178478
v -16.166626 -24.489460 -6.678405
v -18.449080 -99.789909 -112.841171
v -23.523706 -103.260605 -106.279297
v -23.674360 -105.327835 -108.272873
v -23.674360 -112.112869 -113.732620
v -18.537434 -101.824303 -114.883453
v -18.537434 -107.802841 -119.613693
v -16.662769 -110.002602 -115.661713
v -21.131380 -113.751945 -110.545151
v -6.229186 -11.376995 51.846333
v -6.229186 -13.045506 51.846329
v -4.133627 -13.045506 51.284519
v -4.133627 -11.376995 51.284523
v -7.762903 -11.376997 53.380051
v -7.762903 -13.045507 53.380043
v -8.324738 -11.376997 55.475601
v -8.324738 -13.045507 55.475597
v -7.762903 -11.376992 57.571167
v -7.762903 -13.045504 57.571167
v -6.229186 -11.376992 59.104836
v -6.229186 -13.045504 59.104836
v -4.133626 -11.376992 59.666695
v -4.133626 -13.045504 59.666695
v -2.038067 -11.376992 59.104836
v -2.038067 -13.045504 59.104836
v -0.504392 -11.376992 57.571167
v -0.504392 -13.045504 57.571167
v 0.057458 -11.376997 55.475601
v 0.057458 -13.045507 55.475597
v -0.504392 -11.376997 53.380051
v -0.504392 -13.045507 53.380043
v -2.038067 -11.376995 51.846333
v -2.038067 -13.045506 51.846329
v -4.133627 -13.642445 51.902920
v -2.347316 -13.642445 52.381027
v -1.039017 -13.642447 53.689301
v -0.561013 -13.642447 55.475597
v -1.039017 -13.642443 57.261909
v -2.347315 -13.642443 58.570236
v -5.919955 -13.642445 52.381027
v -7.228253 -13.642447 53.689301
v -7.706266 -13.642447 55.475597
v -4.133626 -13.642443 59.048244
v -5.919954 -13.642443 58.570236
v -7.228253 -13.642443 57.261909
v -28.061419 63.502068 -111.422989
v -28.061419 26.188850 -111.422989
v -25.590939 26.188850 -110.931412
v -34.026363 63.502068 -107.436890
v -32.626320 63.502068 -109.531296
v -25.590939 63.502068 -110.931442
v -30.531902 63.502068 -110.931442
v -30.531902 26.188850 -110.931412
v -32.626320 26.188850 -109.531265
v -34.026363 26.188850 -107.436859
v -34.517967 63.502060 -104.966446
v -34.517967 26.188850 -104.966415
v -34.026363 63.502060 -102.495972
v -34.026363 26.188850 -102.495941
v -32.626320 63.502060 -100.400406
v -22.096466 26.188850 -107.436859
v -23.495375 26.188850 -109.531265
v -32.626320 26.188850 -100.400375
v -30.531902 63.502060 -99.001480
v -30.531902 26.188850 -99.001480
v -22.096466 26.188850 -102.495941
v -21.604862 26.188850 -104.966415
v -28.061419 26.188850 -98.509903
v -28.061419 63.502060 -98.509933
v -25.590939 63.502060 -99.001480
v -25.590939 26.188850 -99.001480
v -23.495375 63.502060 -100.400406
v -23.495375 26.188850 -100.400375
v -22.096466 63.502060 -102.495972
v -21.604862 63.502060 -104.966446
v -22.096466 63.502068 -107.436890
v -23.495375 63.502068 -109.531296
v -4.133634 49.425652 -104.821426
v -4.133634 49.425652 -102.555954
v -6.828405 48.998619 -102.555954
v -6.828405 48.998619 -104.821426
v -1.438887 48.998619 -104.821426
v -1.438879 48.998619 -102.556000
v -9.260380 47.759430 -104.821426
v -11.189404 45.829239 -104.821426
v 0.993087 47.759430 -104.821426
v 0.993087 47.759430 -102.556000
v 2.922127 45.830376 -104.821426
v 2.922127 45.830376 -102.556000
v -12.428624 43.398399 -104.821426
v -12.855662 40.703644 -104.821426
v 4.161332 43.398399 -104.821426
v 4.161332 43.398399 -102.556000
v -12.428624 38.007744 -104.821426
v 4.588370 40.703644 -104.821426
v 4.588370 40.703644 -102.556000
v -11.189404 35.576904 -104.821426
v 4.161332 38.007744 -104.821426
v 4.161332 38.007744 -102.556000
v -9.260380 33.646744 -104.821426
v 2.922127 35.576904 -104.821426
v 2.922127 35.576897 -102.556000
v 0.993087 33.646744 -104.821426
v -6.828405 32.407532 -104.821426
v -4.133634 31.981628 -104.821426
v 0.993087 33.646736 -102.556000
v -1.438887 32.407532 -104.821426
v -1.438879 32.407532 -102.556000
v -4.133634 31.981628 -102.555954
v -6.828405 32.407532 -102.555954
v -9.260380 33.646736 -102.555954
v -11.189404 35.576897 -102.555954
v -12.428624 38.007744 -102.555954
v -12.855662 40.703644 -102.555954
v -12.428624 43.398399 -102.555954
v -11.189404 45.829239 -102.555954
v -9.260380 47.759430 -102.555954
v 17.765417 20.416462 1.473879
v 13.064585 20.416462 1.473879
v 13.064585 19.640541 -2.428373
v 17.765417 19.640541 -2.428373
v 17.765417 3.013199 8.682594
v 17.765417 6.320790 10.891392
v 17.765417 10.221886 11.668453
v 17.765417 19.640541 5.374987
v 13.064585 19.640541 5.374987
v 17.765417 17.430584 8.682606
v 13.064594 17.430584 8.682606
v 17.765417 14.123028 10.891392
v 13.064594 14.123028 10.891392
v 13.064594 10.221886 11.668453
v 13.064585 14.123028 -7.944760
v 13.064585 0.803253 5.374985
v 13.064594 3.013199 8.682594
v 13.064594 6.320790 10.891392
v 17.765417 0.803253 5.374985
v 17.765417 17.430584 -5.734800
v 17.765417 14.123028 -7.944760
v 17.765417 0.027321 1.473885
v 13.064585 0.027321 1.473885
v 17.765417 0.906319 -3.664177
v 13.064585 0.906319 -3.664177
v 17.765417 10.201509 -10.431095
v 18.841511 0.905197 -10.371094
v 13.064585 0.905197 -10.371094
v 13.064585 10.201509 -10.431095
v 13.064585 7.859024 -14.993752
v 13.064585 0.962955 -18.529007
v 13.064585 0.962955 -23.298882
v 13.064585 7.007209 -23.298882
v 20.043320 0.962955 -18.529007
v 13.064585 7.007210 -18.529007
v 20.043320 7.007210 -18.529007
v 18.841511 7.859024 -14.993752
v 20.043320 7.007209 -23.298882
v 20.043320 0.962955 -23.298882
v 13.064585 17.430584 -5.734800
v -26.019104 20.416462 1.473879
v -21.318277 20.416462 1.473879
v -21.318277 19.640541 -2.428373
v -26.019104 19.640541 -2.428373
v -26.019104 3.013199 8.682594
v -26.019104 6.320790 10.891392
v -26.019104 10.221886 11.668453
v -26.019104 19.640541 5.374987
v -21.318277 19.640541 5.374987
v -26.019104 17.430584 8.682606
v -21.318277 17.430584 8.682606
v -26.019104 14.123028 10.891399
v -21.318277 14.123028 10.891399
v -21.318277 10.221886 11.668453
v -21.318277 14.123028 -7.944760
v -21.318277 0.803253 5.374985
v -21.318277 3.013199 8.682594
v -21.318277 6.320790 10.891392
v -26.019104 0.803253 5.374985
v -26.019104 17.430584 -5.734800
v -26.019104 14.123028 -7.944760
v -26.019104 0.027321 1.473885
v -21.318277 0.027321 1.473885
v -26.019104 0.906319 -3.664177
v -21.318277 0.906319 -3.664177
v -26.019104 10.201509 -10.431095
v -27.095200 0.905197 -10.371094
v -21.318277 0.905197 -10.371094
v -21.318277 10.201509 -10.431095
v -21.318277 7.859024 -14.993752
v -21.318277 0.962955 -18.529007
v -21.318277 0.962955 -23.298882
v -21.318277 7.007209 -23.298882
v -28.297012 0.962955 -18.529007
v -21.318277 7.007210 -18.528999
v -28.297012 7.007210 -18.528999
v -27.095200 7.859024 -14.993752
v -28.297012 7.007209 -23.298882
v -28.297012 0.962955 -23.298882
v -21.318277 17.430584 -5.734800
v 4.774151 78.976280 137.580399
v 4.774156 78.977440 262.180634
v 3.075042 78.522079 262.180634
v 6.473236 78.522079 262.180634
v 3.075036 78.522049 137.580399
v 6.473231 78.522049 137.580399
v 7.716968 77.277184 137.580399
v 8.172342 75.579254 262.180634
v 7.716981 77.278343 262.180634
v 8.172338 75.578079 137.580399
v 7.716968 73.878998 137.580399
v 7.716981 73.880157 262.180634
v 6.473231 72.635262 137.580399
v 6.473236 72.635292 262.180634
v 1.375969 75.579254 262.180634
v 1.831316 77.278313 137.580399
v 1.831331 77.278343 262.180634
v 1.375964 75.578079 137.580399
v 1.831331 73.880157 262.180634
v 1.831316 73.878998 137.580399
v 3.075042 72.635292 262.180634
v 4.774156 72.181068 262.180603
v 4.774151 72.179901 137.580399
v 3.075036 72.635262 137.580399
v 7.716980 73.880135 223.903458
v 7.716981 73.880135 245.931641
v 11.706464 74.026253 245.931641
v 7.716980 77.278320 223.903458
v 11.706463 74.026253 223.903458
v 11.706463 77.131073 223.903458
v 7.716981 77.278320 245.931641
v 11.706464 77.131073 245.931641
v -22.986782 38.040604 98.017548
v -22.986780 38.040611 131.028687
v -22.986780 34.261818 131.028687
v -22.986782 38.398544 96.679794
v -8.426676 38.398544 96.679794
v -8.426676 38.040604 98.017548
v -22.986784 34.261810 51.879204
v -22.986784 55.033768 51.879204
v -22.986782 45.305916 95.340942
v -8.426678 34.261810 51.879204
v -8.426674 34.261818 131.028687
v -22.986782 40.716118 95.340927
v -22.986782 39.378357 95.700005
v -8.426676 39.378357 95.700005
v -8.426676 40.716118 95.340927
v -8.426676 45.305916 95.340942
v -8.426676 46.643677 95.700012
v -22.986782 46.643677 95.700012
v -8.426676 47.623497 96.679810
v -22.986782 47.623497 96.679810
v -8.426676 47.982582 98.017563
v -22.986782 47.982582 98.017563
v -18.654091 47.982574 112.854050
v -22.986780 47.982574 104.960052
v -8.426674 47.982590 131.028687
v -18.654091 60.645340 131.028687
v -8.426674 63.862297 131.028687
v -22.986780 55.033783 131.028687
v -22.986780 47.982590 131.028687
v -18.654091 47.982574 121.667816
v -22.986780 47.982574 124.341064
v -22.986780 55.033768 124.341034
v -18.654091 60.645325 121.667786
v -18.654091 73.879005 117.261475
v -18.654091 63.862297 131.028687
v -18.654091 60.645325 112.854019
v -18.654097 60.645332 51.879204
v -18.654097 73.879021 51.879211
v -22.986780 55.033768 104.960022
v -8.426678 73.879021 51.879211
v -8.426675 73.879005 117.261475
v -8.426674 73.878998 145.887848
v -18.654089 63.862289 145.887848
v -18.654089 73.878998 145.887848
v -8.426674 63.862289 145.887848
v -8.426674 38.040611 131.028687
v -18.654089 47.715263 132.991699
v -18.654089 38.307930 132.991699
v -22.885967 38.307915 115.223740
v -21.992233 47.982574 115.504639
v -17.759232 47.982590 132.991699
v -22.885967 47.715248 115.223740
v -22.885969 38.307930 98.238426
v -21.992235 47.982582 98.017563
v -22.885969 47.715256 98.238434
v -22.885969 47.375427 96.939194
v -22.885969 40.839577 95.638809
v -22.885969 46.448853 95.987686
v -22.885969 45.182472 95.638824
v -21.992235 45.305916 95.340942
v -21.992235 40.716118 95.340927
v -9.685139 40.716118 95.340927
v -9.685139 46.643677 95.700012
v -21.992235 46.643677 95.700012
v -9.685139 45.305916 95.340942
v -9.685139 47.623497 96.679810
v -21.992235 47.623497 96.679810
v -9.685139 47.982582 98.017563
v -9.685139 47.982574 115.504639
v -7.087766 47.982590 132.991699
v -7.087766 38.040611 132.991699
v -17.759232 38.040611 132.991699
v -9.685139 38.040596 115.504623
v -21.992233 38.040596 115.504623
v -9.685139 38.040604 98.017548
v -21.992235 38.040604 98.017548
v -9.685139 38.398544 96.679794
v -21.992235 38.398544 96.679794
v -22.885969 38.646606 96.939186
v -22.885969 39.574318 95.987671
v -21.992235 39.378357 95.700005
v -9.685139 39.378357 95.700005
v 12.324919 23.640205 85.378548
v 12.324919 14.657665 75.384476
v 12.324919 23.640209 74.637985
v 17.065397 23.640205 85.378548
v 17.065397 9.706509 85.795410
v 12.324919 -0.613793 86.104652
v 12.324919 -5.644240 81.326767
v 21.367504 -0.613793 86.104652
v 18.380482 7.000412 85.875839
v 19.431662 4.679451 85.946060
v 20.504364 2.017527 86.025352
v 20.504364 4.147072 85.961899
v 20.504362 -2.951755 50.962826
v 20.504362 -5.158313 51.195034
v 21.367504 1.490815 86.041191
v 21.367502 -5.668025 51.249405
v 21.367504 -5.644240 81.326767
v 12.324917 -6.139243 51.299248
v 21.367502 -6.139243 51.299248
v 19.431660 -2.400100 50.903900
v 12.324917 4.571835 50.167679
v 17.065395 3.422112 50.288857
v 12.324917 5.653603 50.992260
v 18.380480 0.736424 50.573143
v 12.324919 8.894341 70.767471
v 12.324919 10.024803 73.124702
v 17.065397 8.894341 70.767471
v 17.065395 5.653603 50.992260
v 17.065395 4.571835 50.167679
v 17.065397 10.024803 73.124702
v 17.065397 12.110168 74.796616
v 12.324919 12.110168 74.796616
v 17.065397 14.657665 75.384476
v 17.065397 23.640209 74.637985
v 18.380480 2.885201 50.345490
v 19.431660 0.108891 50.638889
v 19.431662 6.535995 85.890541
v 18.380482 9.165050 85.811226
v -32.626320 63.725220 -100.400406
v -30.531902 63.725220 -99.001480
v -28.061419 63.725220 -98.509933
v -32.626320 74.533722 -100.400406
v -34.026363 63.725220 -102.495972
v -34.026363 74.533722 -102.495972
v -25.590939 74.533722 -99.001480
v -28.061419 74.533722 -98.509933
v -34.517967 74.533722 -104.966446
v -34.517967 63.725220 -104.966446
v -23.495375 74.533722 -100.400406
v -34.026363 74.533722 -107.436890
v -34.026363 63.725227 -107.436890
v -32.626320 74.533730 -109.531296
v -21.604862 74.533722 -104.966446
v -22.096466 74.533722 -102.495972
v -21.604862 63.725220 -104.966446
v -22.096466 63.725220 -102.495972
v -23.495375 63.725220 -100.400406
v -25.590939 63.725220 -99.001480
v -22.096466 63.725227 -107.436890
v -32.626320 63.725227 -109.531296
v -30.531902 63.725227 -110.931442
v -30.531902 74.533730 -110.931442
v -7.952074 63.725212 -126.838303
v -22.096466 74.533722 -107.436890
v -7.952074 74.533730 -126.838303
v -7.952074 74.533730 -112.418655
v -7.952074 63.725227 -112.418655
v -30.531902 74.533722 -99.001480
v -32.626320 25.965698 -100.400375
v -28.061419 25.965698 -98.509903
v -30.531902 25.965698 -99.001480
v -34.026363 25.965698 -102.495941
v -32.626320 14.101494 -100.400375
v -30.531902 14.101494 -99.001480
v -28.061419 14.101494 -98.509903
v -34.026363 14.101494 -102.495941
v -25.590939 14.101494 -99.001480
v -25.590939 25.965698 -99.001480
v -34.517967 14.101494 -104.966415
v -23.495375 14.101494 -100.400375
v -34.026363 14.101490 -107.436859
v -23.495375 25.965698 -100.400375
v -22.096466 14.101494 -102.495941
v -22.096466 25.965698 -102.495941
v -21.604862 14.101494 -104.966415
v -21.604862 25.965698 -104.966415
v -32.626320 14.101490 -109.531265
v -22.096466 14.101490 -107.436859
v -22.096466 25.965698 -107.436859
v -11.590380 25.965698 -107.482224
v -11.590380 14.101490 -107.482224
v -11.590381 14.101490 -121.128204
v -30.531902 14.101494 -110.931412
v -30.531902 25.965698 -110.931412
v -32.626320 25.965698 -109.531265
v -11.590381 25.965698 -121.128204
v -34.026363 25.965698 -107.436859
v -34.517967 25.965698 -104.966415
v 6.835705 58.394608 -116.870316
v 6.835705 29.809059 -116.870285
v 6.835705 29.072784 -112.226028
v 6.835705 56.259407 -121.059143
v 6.835705 31.943108 -121.059113
v 8.883682 59.128616 -116.936035
v 6.835705 59.129745 -112.226059
v 8.883682 56.884674 -121.340042
v 8.883681 65.647453 -133.297150
v 8.883682 53.389069 -124.836884
v 6.835705 52.934830 -124.384872
v 8.883682 48.983879 -127.080719
v 6.835705 48.744865 -126.518875
v 8.883682 44.101822 -127.854355
v 6.835705 44.101822 -127.253998
v 6.835705 39.457626 -126.518875
v 8.883681 16.491566 -130.418869
v 8.889345 39.217499 -127.081863
v 6.835705 35.267685 -124.384842
v 8.883682 34.813454 -124.836853
v 8.883682 31.317848 -121.341217
v 8.883682 29.073906 -116.936005
v 8.883682 28.300270 -112.052780
v 8.883683 16.654667 -105.680054
v 8.883683 28.300262 -105.680054
v 6.835706 29.072777 -105.680054
v 6.835706 33.471169 -105.680054
v 6.381467 27.836975 -105.680054
v -9.394045 33.471169 -105.680023
v 6.381467 18.089836 -105.680054
v -14.648771 27.836975 -105.680054
v 5.377884 27.048599 -109.704681
v 5.377884 18.402454 -109.704681
v -13.645178 18.402454 -109.704681
v -13.645178 27.048599 -109.704681
v -14.648771 18.089836 -105.680054
v -11.715006 16.376015 -105.680054
v -12.392376 13.874946 -105.680054
v -17.150970 16.654667 -105.680054
v -12.392381 13.259877 -200.648132
v -17.150974 16.022591 -201.829529
v -17.150972 33.471153 -131.024857
v -17.150970 33.471169 -105.680023
v -14.837926 33.471169 -105.680023
v -15.429214 33.471169 -122.687958
v -17.150972 54.642990 -131.024857
v -14.837926 54.582962 -105.680054
v -15.429214 54.643005 -122.687988
v -17.150970 54.642998 -105.680054
v -14.648771 60.265862 -105.680054
v -17.150970 73.772530 -105.680054
v -17.150974 42.195442 -213.014069
v -7.589589 82.659927 -105.680054
v -14.648771 72.958092 -105.680054
v -8.863932 52.900864 -215.396179
v -8.863926 85.160995 -105.680054
v -0.677713 82.659927 -105.680054
v 0.596634 85.160995 -105.680054
v 8.883683 73.772530 -105.680054
v 0.596629 52.900864 -215.396179
v -8.863935 52.900864 -318.015839
v 0.596616 52.900864 -318.015839
v 8.883665 42.173920 -315.218994
v 8.883678 42.195442 -213.014069
v 8.883666 3.921637 -296.845123
v 8.883677 3.930711 -228.915375
v 8.883678 16.022591 -201.829529
v 4.125079 13.259877 -200.648132
v 4.125084 13.874946 -105.680054
v -12.392382 0.662789 -228.915375
v 4.125078 0.662789 -228.915375
v 2.416917 0.662793 -230.622345
v -10.684212 0.662793 -230.622345
v 4.125075 0.662788 -295.279755
v 5.442438 4.480075 -297.113647
v 2.416914 1.222358 -295.548065
v 5.442441 3.921643 -230.622345
v -13.709744 3.921643 -230.622345
v 5.442441 41.163521 -230.622314
v 5.442437 41.721962 -315.101349
v -0.378656 50.688622 -230.622314
v -7.888648 50.688622 -230.622314
v -0.378660 51.248215 -317.584290
v -7.888659 51.248215 -317.584290
v -17.150986 42.173920 -315.218994
v -13.709748 41.721962 -315.101349
v -13.709747 4.480075 -297.113647
v -13.709744 41.163521 -230.622314
v -12.392385 0.662788 -295.279755
v -10.684215 1.222358 -295.548065
v -17.150984 3.921637 -296.845123
v -17.150976 3.930711 -228.915375
v 3.447688 16.376015 -105.680054
v 2.723900 16.852894 -109.704681
v -10.991194 16.852894 -109.704681
v 6.381467 72.958092 -105.680054
v 8.883683 59.902252 -105.680054
v 8.883682 59.902260 -112.052811
v 6.835706 59.129738 -105.680054
v 6.381467 60.265862 -105.680054
v 6.835706 56.424782 -105.680084
v -9.394045 56.424782 -105.680054
v 6.835706 56.424782 -97.071304
v 6.835706 33.471161 -97.071274
v -9.394045 33.471161 -97.071228
v -9.394045 56.424782 -97.071259
v 5.494551 61.379341 -109.704712
v 5.494551 72.810852 -109.704712
v -13.761845 61.379341 -109.704681
v -13.761845 72.810852 -109.704681
v -7.298493 81.693710 -109.704681
v -0.968799 81.693710 -109.704712
v 0.948898 30.821709 -292.497681
v 0.948897 30.821709 -310.856995
v 0.948898 -10.857081 -296.862122
v 0.948901 2.702835 -231.689362
v 0.948898 41.721947 -292.497681
v 0.948897 41.721962 -316.306519
v -0.378659 51.248199 -292.497681
v -0.378660 51.248215 -318.775879
v -4.133642 51.248199 -292.497681
v -4.133643 51.248215 -318.775879
v -7.889791 51.248215 -318.775879
v -7.889790 51.248199 -292.497681
v -9.216217 41.721962 -316.306519
v -9.216216 41.721947 -292.497681
v -9.216217 30.821709 -310.856995
v -9.216216 30.821709 -292.497681
v -9.216216 -10.857081 -296.862122
v -9.216213 2.702835 -231.689362
v -4.133639 2.702835 -231.689362
v -4.133642 -10.857081 -296.862122
v 0.948897 -76.208755 -313.489563
v -9.216217 -76.208755 -313.489563
v -4.133643 -76.208755 -313.489563
v 0.948897 -82.875992 -320.453461
v -4.133644 -92.116798 -329.377106
v -9.216217 -82.875992 -320.453461
v -17.150986 -92.116798 -329.377106
v -9.216218 24.063843 -331.189331
v -17.150986 -82.875992 -320.453461
v -17.150986 24.063843 -331.188293
v -17.150986 44.298920 -342.750122
v -17.150986 26.649864 -330.931274
v -9.216217 26.649864 -330.932312
v -9.216217 30.307449 -327.623657
v -9.216217 30.821709 -325.076111
v -9.216217 28.842842 -329.680725
v -17.150986 28.842842 -329.679413
v -17.150986 30.307449 -327.623657
v -17.150986 42.035721 -332.997284
v -9.189026 52.627861 -333.244232
v -9.189025 52.627876 -318.775879
v -17.150986 30.821709 -325.077271
v -17.150986 42.035736 -316.306519
v -17.150986 44.298920 -334.128967
v -9.569630 54.891052 -334.375885
v -4.133644 54.891052 -334.375885
v -9.569631 54.891052 -342.997009
v -4.133644 54.891052 -342.997009
v 1.302308 54.891052 -342.997009
v 1.302309 54.891052 -334.375885
v 8.883664 44.298920 -342.750122
v 8.883664 44.298920 -334.128967
v 8.883664 42.035721 -332.997284
v 8.883664 24.063843 -331.188293
v 8.883664 -92.116798 -329.377106
v 8.883664 26.649864 -330.931274
v 8.883664 28.842842 -329.679413
v 0.948897 28.842842 -329.680725
v 0.948897 30.307449 -327.623657
v 8.883664 30.307449 -327.623657
v 8.883665 30.821709 -325.077271
v 0.948897 30.821709 -325.076111
v 0.948897 26.649864 -330.932312
v 0.948896 24.063843 -331.189331
v 8.883665 42.035736 -316.306519
v 8.883665 30.821709 -310.700592
v 0.921714 52.627876 -318.775879
v 0.921713 52.627861 -333.244232
v -4.133643 52.627876 -318.775879
v -4.133644 52.627861 -333.244232
v 8.883665 -82.875992 -320.453461
v -17.150986 30.821709 -310.700592
v 2.416914 -37.884003 -302.387512
v 2.416914 -47.381939 -304.571564
v 2.096356 -46.054379 -303.937073
v 1.723685 -30.844091 -300.057587
v 2.416914 -30.978886 -300.799469
v 2.416913 -3.701630 -326.634918
v 1.591160 -38.375595 -301.662659
v -0.013921 -42.079620 -300.858398
v -0.013921 -35.456554 -299.334900
v -0.001456 -38.872875 -300.105225
v -0.013921 -46.697762 -301.919830
v -0.013921 -50.005329 -302.681061
v -0.013921 -55.028984 -303.836273
v 2.096356 -54.385590 -305.852570
v 2.416914 -55.202301 -306.370300
v 2.416914 -63.222023 -308.214325
v -0.013921 -62.807446 -305.624878
v 2.416913 -64.404594 -315.596375
v 2.416913 1.087569 -326.537323
v 2.416913 5.147266 -324.518799
v 2.416913 7.860164 -320.886169
v 2.416913 8.812776 -316.192108
v 2.416917 2.090027 -232.137970
v 2.416917 8.812778 -232.137970
v -0.013920 -10.990742 -281.511353
v -0.013918 -0.395183 -232.137970
v 2.416914 -8.656185 -282.218292
v -0.013920 -13.018328 -286.644836
v 2.416914 -10.880856 -287.852386
v 2.416914 -14.938303 -293.164886
v -0.013921 -21.428835 -295.179993
v -0.013921 -16.682709 -291.445404
v 2.416914 -20.190762 -297.299377
v 2.416914 -25.792118 -299.606720
v -0.013921 -27.700768 -297.550781
v -0.013921 -26.531792 -297.282440
v -0.013921 -31.374197 -298.395874
v -10.670636 -37.884003 -302.387512
v -10.670636 -47.381939 -304.571564
v -10.350079 -46.054379 -303.937073
v -9.977407 -30.844091 -300.057587
v -10.670636 -30.978886 -300.799469
v -10.670637 -3.701630 -326.634918
v -9.844873 -38.375595 -301.662659
v -8.239801 -42.079620 -300.858398
v -8.239801 -35.456554 -299.334900
v -4.126857 -38.375595 -301.662659
v -8.252258 -38.872875 -300.105225
v -4.126857 -38.872875 -300.105225
v -4.126857 -42.079620 -300.858398
v -4.126857 -46.054379 -303.937073
v -8.239801 -46.697762 -301.919830
v -4.126857 -46.697762 -301.919830
v -8.239801 -50.005329 -302.681061
v -4.126857 -50.005329 -302.681061
v -4.126857 -54.385590 -305.852570
v -8.239801 -55.028984 -303.836273
v -4.126857 -55.028984 -303.836273
v -10.350079 -54.385590 -305.852570
v -10.670636 -55.202301 -306.370300
v -10.670636 -63.222023 -308.214325
v -8.239801 -62.807446 -305.624878
v -4.126857 -62.807446 -305.624878
v -4.126857 -64.404594 -315.596375
v -10.670637 -64.404594 -315.596375
v -4.126858 -3.701630 -326.634918
v -4.126858 1.087569 -326.537323
v -10.670637 1.087569 -326.537323
v -4.126858 5.147266 -324.518799
v -10.670637 5.147266 -324.518799
v -4.126858 7.860164 -320.886169
v -10.670637 7.860164 -320.886169
v -4.126858 8.812776 -316.192108
v -10.670637 8.812776 -316.192108
v -4.126854 8.812778 -232.137970
v -10.670633 2.090027 -232.137970
v -4.126854 -0.395183 -232.137970
v -10.670633 8.812778 -232.137970
v -8.239799 -10.990742 -281.511353
v -4.126856 -10.990742 -281.511353
v -8.239798 -0.395183 -232.137970
v -10.670635 -8.656185 -282.218292
v -8.239799 -13.018328 -286.644836
v -10.670635 -10.880856 -287.852386
v -10.670635 -14.938303 -293.164886
v -8.239800 -21.428835 -295.179993
v -8.239800 -16.682709 -291.445404
v -10.670635 -20.190762 -297.299377
v -10.670636 -25.792118 -299.606720
v -8.239800 -27.700768 -297.550781
v -8.239800 -26.531792 -297.282440
v -4.126857 -26.531792 -297.282440
v -4.126857 -21.428835 -295.179993
v -4.126856 -16.682709 -291.445404
v -4.126856 -13.018328 -286.644836
v -4.126857 -27.700768 -297.550781
v -4.126857 -30.844091 -300.057587
v -8.239801 -31.374197 -298.395874
v -4.126857 -31.374197 -298.395874
v -4.126857 -35.456554 -299.334900
v 2.256063 53.965622 -367.789154
v 2.147329 55.384895 -342.997009
v -7.705153 54.498009 -356.646454
v -7.705153 42.239624 -365.853271
v 9.659581 42.733490 -365.853271
v -7.705153 53.965622 -367.789154
v -7.705153 43.731422 -356.417694
v -10.438435 54.498009 -356.646454
v -17.845350 43.731422 -356.385895
v -7.705153 40.965302 -356.417694
v -7.705153 39.663795 -365.408112
v -17.845350 40.965302 -356.385895
v -7.705153 29.180382 -355.214691
v -7.705153 26.842430 -361.759552
v -17.847616 29.180382 -355.182953
v -17.827213 14.300850 -339.983917
v -17.926905 10.259270 -359.198486
v -17.926905 26.842430 -361.727814
v -17.819296 42.035721 -342.750122
v -17.819296 44.792786 -342.750122
v 9.550848 44.792786 -342.750122
v 9.550848 42.035721 -342.750122
v 9.659581 39.976440 -365.408112
v 9.659581 26.842430 -361.727814
v 9.659581 10.259270 -359.198486
v 9.550848 -92.671829 -329.377106
v 9.659581 -14.009466 -355.495605
v 9.659581 3.392665 -358.150726
v -24.790115 3.392665 -358.150726
v -24.790115 -14.009466 -355.495605
v -24.681372 7.358363 -339.290680
v -24.681370 -37.150002 -334.856049
v -24.790115 -35.007992 -353.507538
v -21.126863 -40.297844 -334.542358
v -21.235607 -38.158112 -353.209778
v -21.235607 -41.221024 -352.919739
v 9.659581 -59.554237 -351.184418
v -24.790115 -43.677914 -352.687744
v -21.126863 -43.359623 -334.236633
v -24.681370 -45.814247 -333.991882
v -24.681370 -92.671829 -329.377106
v -24.790115 -59.554237 -351.184418
v 9.659581 -92.291245 -351.327148
v -24.790115 -92.291245 -351.327148
v 2.181306 -98.187088 -351.353180
v -17.234806 -98.470276 -334.964905
v -17.310699 -98.187088 -351.353180
v 2.104280 -98.470276 -334.964905
v -10.414642 55.384895 -342.997009
v 0.034783 10.417866 -306.804016
v 0.034791 10.417861 -300.985229
v 5.187574 10.417861 -300.985229
v 0.034782 23.396671 -312.641022
v 5.187573 10.417866 -306.804016
v 5.187573 24.970032 -307.439514
v 5.187573 23.396671 -312.641022
v 5.187573 25.812782 -308.159943
v 5.187573 24.493149 -312.697571
v 5.187573 26.483353 -309.403595
v 5.187573 25.460503 -312.369171
v 0.034782 25.460503 -312.369171
v 0.034782 24.493149 -312.697571
v 5.187573 26.285126 -311.777802
v 0.034782 26.285126 -311.777802
v 0.034782 26.665726 -310.519409
v 0.034782 26.483353 -309.403595
v 5.187573 26.665726 -310.519409
v 0.034783 25.812782 -308.159943
v 0.034783 24.970032 -307.439514
v -8.288506 10.417866 -306.804016
v -8.288506 10.417861 -300.985229
v -13.441296 10.417861 -300.985229
v -8.288506 23.396671 -312.641022
v -13.441297 10.417866 -306.804016
v -13.441297 24.970032 -307.439514
v -13.441297 23.396671 -312.641022
v -13.441297 25.812782 -308.159943
v -13.441297 24.493149 -312.697571
v -13.441297 26.483353 -309.403595
v -13.441297 25.460503 -312.369171
v -8.288506 25.460503 -312.369171
v -8.288506 24.493149 -312.697571
v -13.441297 26.285126 -311.777802
v -8.288506 26.285126 -311.777802
v -8.288506 26.665726 -310.519409
v -8.288506 26.483353 -309.403595
v -13.441297 26.665726 -310.519409
v -8.288506 25.812782 -308.159943
v -8.288506 24.970032 -307.439514
v 8.883682 55.089294 -112.185349
v 5.451501 55.089294 -112.185349
v 5.451501 54.252205 -116.390045
v 8.883683 51.870079 -104.415955
v 8.883682 48.306526 -107.980621
v 8.883682 33.114365 -112.185318
v 12.247885 55.089294 -112.185349
v 12.247885 54.252205 -116.390045
v 8.883682 54.252205 -107.980652
v 8.883682 39.897141 -107.980621
v 12.056450 39.897141 -107.980621
v 8.883683 39.897133 -102.033829
v 8.883683 36.332436 -104.415924
v 9.826113 39.897133 -102.033829
v 8.883682 33.950310 -107.980621
v 12.056450 39.897141 -106.906815
v 9.826113 44.101830 -101.197845
v 12.056450 48.306526 -106.906815
v 12.056450 48.306526 -107.980621
v 9.826113 48.306519 -102.033829
v 8.883683 48.306519 -102.033829
v 5.451502 44.101830 -101.197845
v 5.451502 48.306519 -102.033829
v 5.451502 51.870079 -104.415955
v 5.451501 54.252205 -107.980652
v 5.451502 39.897133 -102.033829
v 5.451502 36.332436 -104.415924
v 5.451501 33.950310 -107.980621
v 5.451501 33.114365 -112.185318
v 5.451501 33.950310 -116.390015
v 12.247883 36.332443 -119.954712
v 5.451501 36.332443 -119.954712
v 12.247885 33.950310 -116.390015
v 12.247885 33.114365 -112.185318
v 12.247883 39.897141 -122.335724
v 12.247883 44.101837 -123.172791
v 5.451501 39.897141 -122.335724
v 5.451501 44.101837 -123.172791
v 12.247883 48.306526 -122.335724
v 5.451501 48.306526 -122.335724
v 5.451501 51.870087 -119.954742
v 12.247883 51.870087 -119.954742
v 0.374622 4.569577 29.353733
v 0.374621 4.569576 12.619942
v -8.628306 4.569577 29.353733
v -4.126843 4.569576 12.619942
v -4.126843 -12.164232 12.619946
v -8.628307 4.569576 12.619942
v -4.126842 4.569577 29.353733
v 6.783607 -43.223679 72.091614
v 6.783607 -52.154125 66.322655
v 8.050003 -52.154125 66.923004
v 6.783607 -32.947567 74.818100
v 8.050004 -43.223679 72.691963
v 6.783607 -42.351475 70.718750
v 6.783607 -50.714424 65.315636
v 6.783607 -56.558163 58.136383
v 6.783607 -57.012386 60.353134
v 5.840047 -42.351475 70.118378
v 5.840046 -50.714424 64.715317
v 5.840046 -49.578297 64.046997
v 5.840046 -55.526260 56.738621
v 5.840046 -56.558163 57.536034
v 5.840046 -56.094887 55.268311
v 4.898747 -56.094887 54.667992
v 0.359905 -58.663910 70.619095
v 8.050004 -58.668442 70.616852
v 0.359906 -43.074169 74.516792
v 0.359905 -41.431705 57.858910
v 0.359904 -55.391449 50.309227
v 3.946123 -55.513794 51.064754
v 3.946123 -54.051445 51.034195
v 3.946123 -55.391449 50.309227
v 3.946123 -53.914383 55.201508
v 4.898747 -55.513794 51.665123
v 4.898747 -53.914383 55.801849
v 4.898747 -48.333427 62.658260
v 3.946123 -48.333427 62.057915
v 4.898747 -49.578297 63.446640
v 4.898747 -55.526260 56.138245
v 4.898748 -41.661652 68.560898
v 4.898748 -40.908386 67.455353
v 5.840047 -41.661652 69.160133
v 4.898748 -32.553368 70.977013
v 4.898748 -23.535709 69.238281
v 4.898748 -32.363079 69.723083
v 5.840047 -32.553368 71.577339
v 5.840047 -23.143787 71.060867
v 4.898748 -23.143787 70.460495
v 4.898748 -20.459217 69.200897
v 4.898748 -21.535299 68.618675
v 3.946124 -22.236458 68.239212
v 0.359905 -19.887190 69.510162
v 0.359906 -18.857542 82.492363
v 2.176801 -28.649971 64.770790
v 2.996892 -27.939762 65.154762
v 3.946124 -23.893642 67.343224
v 5.840047 -19.887190 69.510162
v 5.840047 -19.772783 70.961159
v 2.996892 -24.821358 66.841400
v 3.946124 -32.186371 68.006996
v 2.996892 -32.186371 67.406677
v 3.946123 -40.210602 65.877441
v 2.996892 -31.979063 65.977127
v 2.996892 -39.384853 64.011841
v 2.996892 -40.210602 65.277122
v 3.946123 -47.182564 61.373772
v 2.996891 -45.821033 59.854752
v 2.996891 -47.182564 60.773399
v 3.946123 -52.422577 54.935337
v 2.996891 -50.657784 53.911327
v 2.996891 -52.422577 54.334969
v 2.996891 -51.260384 52.542946
v 2.996891 -53.606277 51.275444
v 2.176801 -50.657784 53.310955
v 2.176801 -50.874138 52.752567
v 2.176801 -41.431705 57.858910
v 2.176801 -45.821033 59.254387
v 2.176801 -39.384853 63.411507
v 2.176801 -31.979063 65.376778
v 3.946123 -40.908386 66.855011
v 3.946124 -32.363079 69.122757
v 3.946124 -23.535709 68.637955
v 6.783607 -19.772783 71.561531
v 6.783607 -19.597200 73.177910
v 5.840047 -22.785845 72.126762
v 6.783607 -22.785845 72.725952
v 5.840047 -32.727818 72.671577
v 6.783607 -32.727818 73.271919
v 6.783607 -22.331621 74.235878
v 8.050004 -22.331621 74.836205
v 8.050004 -19.597200 73.778259
v 8.050004 -18.862072 82.490074
v 8.050004 -43.078697 74.514526
v 8.050004 -43.370930 77.477699
v 8.050004 -32.947567 75.418449
v 0.359906 -43.365265 77.481171
v 14.264145 -43.370930 77.477699
v 14.264145 -59.250675 74.230232
v 14.264145 -43.078697 74.514526
v 14.264145 -58.668442 70.616852
v 8.050003 -57.012386 60.953499
v -15.037289 -43.223679 72.091621
v -15.037290 -52.154125 66.322655
v -16.303680 -52.154125 66.923004
v -15.037289 -32.947567 74.818100
v -16.303680 -43.223679 72.691963
v -15.037289 -42.351475 70.718750
v -15.037290 -50.714424 65.315636
v -15.037290 -56.558163 58.136383
v -15.037290 -57.012386 60.353134
v -14.093723 -42.351475 70.118378
v -14.093724 -50.714424 64.715317
v -14.093724 -49.578297 64.046997
v -14.093724 -55.526260 56.738621
v -14.093724 -56.558163 57.536034
v -14.093724 -56.094887 55.268311
v -13.152431 -56.094887 54.667992
v -8.613579 -58.663910 70.619095
v -16.303680 -58.668442 70.616852
v -4.126841 -59.246136 74.233635
v -4.126841 -58.663910 70.619095
v -8.613578 -43.074169 74.516792
v -4.126841 -43.074169 74.516792
v -8.613579 -41.431705 57.858910
v -8.613579 -55.391449 50.309227
v -12.199805 -55.513794 51.064754
v -12.199805 -54.051445 51.034195
v -12.199805 -55.391449 50.309227
v -12.199805 -53.914383 55.201508
v -13.152431 -55.513794 51.665123
v -13.152431 -53.914383 55.801849
v -13.152431 -48.333427 62.658260
v -12.199805 -48.333427 62.057915
v -13.152431 -49.578297 63.446640
v -13.152431 -55.526260 56.138245
v -13.152430 -41.661652 68.560898
v -13.152430 -40.908386 67.455353
v -14.093723 -41.661652 69.160133
v -13.152430 -32.553368 70.977013
v -13.152430 -23.535709 69.238281
v -13.152430 -32.363079 69.723083
v -14.093723 -32.553368 71.577339
v -14.093723 -23.143787 71.060867
v -13.152430 -23.143787 70.460495
v -13.152430 -20.459217 69.200897
v -13.152430 -21.535299 68.618675
v -12.199804 -22.236458 68.239212
v -8.613579 -19.887190 69.510162
v -8.613578 -18.857542 82.492363
v -10.430483 -28.649971 64.770790
v -11.250573 -27.939762 65.154762
v -12.199804 -23.893642 67.343224
v -14.093723 -19.887190 69.510162
v -14.093723 -19.772783 70.961159
v -11.250573 -24.821358 66.841400
v -12.199804 -32.186371 68.006996
v -11.250573 -32.186371 67.406677
v -12.199805 -40.210602 65.877441
v -11.250573 -31.979063 65.977127
v -11.250573 -39.384853 64.011841
v -11.250573 -40.210602 65.277122
v -12.199805 -47.182564 61.373772
v -11.250574 -45.821033 59.854752
v -11.250574 -47.182564 60.773399
v -12.199805 -52.422577 54.935337
v -11.250574 -50.657784 53.911327
v -11.250574 -52.422577 54.334969
v -11.250574 -51.260384 52.542946
v -11.250574 -53.606277 51.275444
v -10.430483 -50.657784 53.310955
v -10.430483 -50.874138 52.752567
v -10.430483 -41.431705 57.858910
v -10.430483 -45.821033 59.254387
v -10.430483 -39.384853 63.411507
v -10.430483 -31.979063 65.376778
v -12.199805 -40.908386 66.855011
v -12.199804 -32.363079 69.122757
v -12.199804 -23.535709 68.637955
v -15.037289 -19.772783 71.561531
v -15.037289 -19.597200 73.177910
v -14.093723 -22.785845 72.126762
v -15.037289 -22.785845 72.725952
v -14.093723 -32.727818 72.671577
v -15.037289 -32.727818 73.271927
v -15.037289 -22.331621 74.235886
v -16.303680 -22.331621 74.836205
v -16.303680 -19.597200 73.778259
v -16.303680 -18.862072 82.490074
v -16.303680 -43.078697 74.514526
v -16.303680 -43.370930 77.477699
v -16.303680 -32.947567 75.418449
v -8.613578 -43.365265 77.481171
v -4.126840 -43.365265 77.481171
v -22.517822 -43.370930 77.477699
v -22.517822 -59.250675 74.230240
v -22.517822 -43.078697 74.514526
v -22.517822 -58.668442 70.616852
v -16.303680 -57.012386 60.953499
v 10.675679 53.042450 203.525757
v 10.675681 52.746788 250.473984
v 10.675683 53.042450 297.422241
v -18.929340 53.042450 203.525757
v -18.929337 52.746788 250.474014
v -18.929337 53.042450 297.422241
v -4.126831 53.042450 297.422241
v -4.126835 53.042450 203.525757
v -4.126833 52.746788 250.473984
v 15.048014 47.168129 315.461243
v 17.696335 50.176666 297.711395
v 17.696335 50.176666 303.627625
v 17.696335 50.176666 291.794006
v 17.696335 50.176666 285.877716
v 17.696335 50.176674 279.960327
v 17.696333 50.176659 274.044098
v 17.696335 50.176666 309.544983
v 17.696335 50.176659 315.461243
v 15.048014 41.100098 315.461182
v 12.416683 47.168129 315.461243
v 17.696333 50.176659 268.126709
v 17.696333 50.176659 262.210480
v 12.416679 47.168129 203.042358
v 15.048010 47.168129 203.042358
v 17.696333 50.176659 256.293091
v 17.696333 50.176666 250.376862
v 20.135094 48.457214 250.376862
v 17.696333 41.100105 256.293091
v 20.135094 48.457207 256.293091
v 20.135094 41.100113 250.376862
v 20.135094 41.100105 256.293091
v 17.696333 41.100113 250.376862
v 17.696333 41.100113 244.459488
v 15.048012 41.098991 250.376862
v 15.048012 41.098976 256.293091
v 15.048012 34.179131 250.376862
v 15.048012 41.098991 244.459488
v 15.048012 41.098991 238.543243
v 15.048012 34.179131 238.543243
v 17.696333 41.100113 238.543243
v 15.048012 34.179131 244.459488
v 17.696333 34.179131 244.459488
v 17.696333 34.179131 238.543243
v 20.135094 34.179131 238.543243
v 15.048012 34.179131 232.625839
v 17.696333 34.179131 232.625839
v 17.696333 25.102562 232.625839
v 20.135094 26.822060 238.543243
v 17.696333 25.102562 238.543243
v 15.048010 28.111115 203.042358
v 17.696333 25.102570 244.459488
v 17.696333 25.102566 250.376862
v 20.135094 26.822067 244.459488
v 20.135094 34.179131 244.459488
v 20.135094 26.822060 250.376862
v 17.696333 25.102566 256.293091
v 17.696333 34.179131 250.376862
v 17.696333 34.179123 256.293091
v 20.135094 34.179131 250.376862
v 20.135094 26.822060 256.293091
v 20.135094 34.179123 256.293091
v 15.048012 34.179123 262.210480
v 15.048012 34.179123 256.293091
v 17.696333 25.102562 262.210480
v 17.696333 34.179123 262.210480
v 15.048012 34.179123 268.126709
v 17.696333 34.179123 268.126709
v 20.135094 34.179123 262.210480
v 20.135094 26.822060 262.210480
v 17.696333 25.102570 268.126709
v 20.135094 26.822067 268.126709
v 20.135094 34.179123 268.126709
v 15.048014 28.111115 315.461182
v 17.696333 25.102570 274.044098
v 20.135094 26.822067 274.044098
v 17.696335 25.102566 279.960327
v 17.696333 34.179123 274.044098
v 15.048012 34.179123 274.044098
v 17.696335 34.177994 279.960327
v 20.135094 34.179123 274.044098
v 20.135096 26.822060 279.960327
v 20.135096 34.179138 279.960327
v 15.048014 34.179123 285.877716
v 15.048014 34.179138 279.960327
v 17.696335 25.102566 285.877716
v 17.696335 34.177986 285.877716
v 15.048014 34.179123 291.793945
v 17.696335 34.177986 291.793945
v 20.135096 34.177986 285.877716
v 20.135096 26.822060 285.877716
v 17.696335 25.102566 291.793945
v 20.135096 26.822060 291.793945
v 20.135096 34.177986 291.793945
v 17.696335 25.102566 297.711365
v 17.696335 34.177986 297.711365
v 17.696335 25.102566 303.627563
v 20.135096 26.822060 303.627563
v 20.135096 26.822060 297.711365
v 20.135096 34.177986 297.711365
v 20.135096 34.177986 303.627563
v 17.696335 34.177986 303.627563
v 15.048014 34.179123 309.544952
v 15.048014 34.179123 303.627563
v 17.696335 25.102562 309.544952
v 17.696335 34.177986 309.544952
v 15.048014 34.179123 297.711365
v 15.048014 41.100105 297.711365
v 15.048014 41.100105 291.793945
v 15.048014 41.100105 285.877716
v 17.696335 41.100105 291.793945
v 17.696335 41.100105 285.877716
v 20.135096 41.100105 285.877716
v 20.135096 48.457207 285.877716
v 17.696335 41.100121 279.960327
v 20.135096 48.457222 279.960327
v 15.048014 41.100121 279.960327
v 15.048012 41.100105 274.044098
v 20.135094 41.100105 274.044098
v 17.696333 41.100105 274.044098
v 20.135096 41.100121 279.960327
v 17.696333 41.100105 268.126709
v 20.135094 48.457207 274.044098
v 15.048012 41.100105 268.126709
v 20.135094 41.100105 262.210480
v 17.696333 41.100105 262.210480
v 20.135094 48.457207 268.126709
v 20.135094 41.100105 268.126709
v 20.135094 48.457207 262.210480
v 15.048012 41.100105 262.210480
v 20.135096 48.457207 291.794006
v 20.135096 41.100105 291.793945
v 17.696335 41.100105 297.711365
v 17.696335 41.100105 303.627563
v 20.135096 41.100105 303.627563
v 20.135096 41.100105 297.711365
v 20.135096 48.457207 297.711395
v 20.135096 48.457207 303.627625
v 15.048014 41.100105 303.627563
v 17.696335 41.100105 309.544952
v 15.048014 41.100105 309.544952
v 15.048014 34.179115 315.461182
v 20.135096 26.822060 315.461182
v 17.696335 25.102562 315.461182
v 12.416683 28.111115 315.461182
v 20.135096 34.177979 315.461182
v 20.135096 34.177986 309.544952
v 20.135096 26.822060 309.544952
v 12.416679 28.111115 203.042358
v 15.048010 34.179123 203.042358
v 17.696331 34.179123 208.958618
v 15.048010 34.179123 208.958618
v 20.135092 34.179123 203.042358
v 20.135092 26.822060 203.042358
v 15.048010 41.098984 203.042358
v 17.696331 25.102562 203.042358
v 17.696331 25.102562 208.958618
v 17.696331 25.102570 214.876022
v 20.135092 26.822060 208.958618
v 20.135092 34.179123 208.958618
v 17.696331 25.102566 220.792236
v 20.135092 26.822067 214.876022
v 17.696331 34.179123 214.876022
v 15.048010 34.179123 220.792236
v 15.048010 34.179123 214.876022
v 17.696331 34.179123 220.792236
v 20.135092 34.179123 214.876022
v 20.135092 26.822060 220.792236
v 20.135092 34.179123 220.792236
v 17.696331 34.179115 226.709579
v 15.048010 34.179115 226.709579
v 20.135092 34.179115 226.709579
v 20.135092 26.822060 226.709579
v 17.696331 25.102566 226.709579
v 20.135094 26.822060 232.625839
v 20.135094 34.179131 232.625839
v 15.048012 41.098991 232.625839
v 15.048010 41.098976 226.709579
v 15.048010 41.098984 220.792236
v 15.048010 41.098984 214.876022
v 17.696331 41.100098 226.709579
v 17.696331 41.100105 214.876022
v 17.696331 41.100105 220.792236
v 20.135092 41.100105 214.876022
v 17.696331 50.176659 220.792236
v 20.135092 48.457207 220.792236
v 20.135092 41.100105 220.792236
v 20.135092 48.457207 214.876022
v 17.696331 50.176659 214.876022
v 17.696331 50.176659 208.958618
v 17.696331 41.100105 208.958618
v 20.135092 48.457207 208.958618
v 15.048010 41.098984 208.958618
v 20.135092 41.100105 203.042358
v 20.135092 41.100105 208.958618
v 20.135092 48.457207 203.042358
v 17.696331 50.176659 203.042358
v 17.696331 50.176651 226.709579
v 17.696333 50.176666 232.625839
v 20.135092 48.457199 226.709579
v 20.135094 48.457214 232.625839
v 17.696333 41.100113 232.625839
v 20.135092 41.100098 226.709579
v 20.135094 41.100113 232.625839
v 17.696333 50.176666 238.543243
v 17.696333 50.176666 244.459488
v 20.135094 48.457214 238.543243
v 20.135094 48.457214 244.459488
v 20.135094 41.100113 238.543243
v 20.135094 41.100113 244.459488
v 20.135096 41.100105 309.544952
v 20.135096 48.457207 309.544983
v 20.135096 41.100098 315.461182
v 20.135096 48.457199 315.461243
v -23.301672 47.168129 315.461273
v -25.949993 50.176666 297.711426
v -25.949993 50.176666 303.627655
v -25.949993 50.176666 291.794037
v -25.949993 50.176666 285.877747
v -25.949993 50.176674 279.960327
v -25.949995 50.176659 274.044128
v -25.949993 50.176666 309.545013
v -25.949993 50.176659 315.461273
v -23.301672 41.100098 315.461243
v -20.670340 47.168129 315.461273
v -25.949995 50.176659 268.126709
v -25.949995 50.176659 262.210510
v -20.670343 47.168129 203.042358
v -23.301676 47.168129 203.042358
v -25.949995 50.176659 256.293152
v -25.949995 50.176666 250.376892
v -28.388750 48.457214 250.376892
v -25.949995 41.100105 256.293152
v -28.388750 48.457207 256.293152
v -28.388750 41.100113 250.376892
v -28.388750 41.100105 256.293152
v -25.949995 41.100113 250.376892
v -25.949995 41.100113 244.459488
v -23.301674 41.098991 250.376892
v -23.301674 41.098976 256.293152
v -23.301674 34.179131 250.376892
v -23.301674 41.098991 244.459488
v -23.301674 41.098991 238.543243
v -23.301674 34.179131 238.543243
v -25.949995 41.100113 238.543243
v -23.301674 34.179131 244.459488
v -25.949995 34.179131 244.459488
v -25.949995 34.179131 238.543243
v -28.388750 34.179131 238.543243
v -23.301674 34.179131 232.625870
v -25.949995 34.179131 232.625870
v -25.949995 25.102562 232.625870
v -28.388750 26.822060 238.543243
v -25.949995 25.102562 238.543243
v -23.301676 28.111115 203.042358
v -25.949995 25.102570 244.459488
v -25.949995 25.102566 250.376892
v -28.388750 26.822067 244.459488
v -28.388750 34.179131 244.459488
v -28.388750 26.822060 250.376892
v -25.949995 25.102566 256.293152
v -25.949995 34.179131 250.376892
v -25.949995 34.179123 256.293152
v -28.388750 34.179131 250.376892
v -28.388750 26.822060 256.293152
v -28.388750 34.179123 256.293152
v -23.301674 34.179123 262.210510
v -23.301674 34.179123 256.293152
v -25.949995 25.102562 262.210510
v -25.949995 34.179123 262.210510
v -23.301674 34.179123 268.126709
v -25.949995 34.179123 268.126709
v -28.388750 34.179123 262.210510
v -28.388750 26.822060 262.210510
v -25.949995 25.102570 268.126709
v -28.388750 26.822067 268.126709
v -28.388750 34.179123 268.126709
v -23.301672 28.111115 315.461243
v -25.949995 25.102570 274.044128
v -28.388750 26.822067 274.044128
v -25.949993 25.102566 279.960327
v -25.949995 34.179123 274.044128
v -23.301674 34.179123 274.044128
v -25.949993 34.177994 279.960327
v -28.388750 34.179123 274.044128
v -28.388748 26.822060 279.960327
v -28.388748 34.179138 279.960327
v -23.301672 34.179123 285.877747
v -23.301672 34.179138 279.960327
v -25.949993 25.102566 285.877747
v -25.949993 34.177986 285.877747
v -23.301672 34.179123 291.794006
v -25.949993 34.177986 291.794006
v -28.388748 34.177986 285.877747
v -28.388748 26.822060 285.877747
v -25.949993 25.102566 291.794006
v -28.388748 26.822060 291.794006
v -28.388748 34.177986 291.794006
v -25.949993 25.102566 297.711395
v -25.949993 34.177986 297.711395
v -25.949993 25.102566 303.627625
v -28.388748 26.822060 303.627625
v -28.388748 26.822060 297.711395
v -28.388748 34.177986 297.711395
v -28.388748 34.177986 303.627625
v -25.949993 34.177986 303.627625
v -23.301672 34.179123 309.544983
v -23.301672 34.179123 303.627625
v -25.949993 25.102562 309.544983
v -25.949993 34.177986 309.544983
v -23.301672 34.179123 297.711395
v -23.301672 41.100105 297.711395
v -23.301672 41.100105 291.794006
v -23.301672 41.100105 285.877747
v -25.949993 41.100105 291.794006
v -25.949993 41.100105 285.877747
v -28.388748 41.100105 285.877747
v -28.388748 48.457207 285.877747
v -25.949993 41.100121 279.960327
v -28.388748 48.457222 279.960327
v -23.301672 41.100121 279.960327
v -23.301674 41.100105 274.044128
v -28.388750 41.100105 274.044128
v -25.949995 41.100105 274.044128
v -28.388748 41.100121 279.960327
v -25.949995 41.100105 268.126709
v -28.388750 48.457207 274.044128
v -23.301674 41.100105 268.126709
v -28.388750 41.100105 262.210510
v -25.949995 41.100105 262.210510
v -28.388750 48.457207 268.126709
v -28.388750 41.100105 268.126709
v -28.388750 48.457207 262.210510
v -23.301674 41.100105 262.210510
v -28.388748 48.457207 291.794037
v -28.388748 41.100105 291.794006
v -25.949993 41.100105 297.711395
v -25.949993 41.100105 303.627625
v -28.388748 41.100105 303.627625
v -28.388748 41.100105 297.711395
v -28.388748 48.457207 297.711426
v -28.388748 48.457207 303.627655
v -23.301672 41.100105 303.627625
v -25.949993 41.100105 309.544983
v -23.301672 41.100105 309.544983
v -23.301672 34.179115 315.461243
v -28.388748 26.822060 315.461243
v -25.949993 25.102562 315.461243
v -20.670340 28.111115 315.461243
v -28.388748 34.177979 315.461243
v -28.388748 34.177986 309.544983
v -28.388748 26.822060 309.544983
v -20.670343 28.111115 203.042358
v -23.301676 34.179123 203.042358
v -25.949997 34.179123 208.958618
v -23.301676 34.179123 208.958618
v -28.388752 34.179123 203.042358
v -28.388752 26.822060 203.042358
v -23.301676 41.098984 203.042358
v -25.949997 25.102562 203.042358
v -25.949997 25.102562 208.958618
v -25.949997 25.102570 214.876022
v -28.388752 26.822060 208.958618
v -28.388752 34.179123 208.958618
v -25.949997 25.102566 220.792236
v -28.388752 26.822067 214.876022
v -25.949997 34.179123 214.876022
v -23.301676 34.179123 220.792236
v -23.301676 34.179123 214.876022
v -25.949997 34.179123 220.792236
v -28.388752 34.179123 214.876022
v -28.388752 26.822060 220.792236
v -28.388752 34.179123 220.792236
v -25.949997 34.179115 226.709625
v -23.301676 34.179115 226.709625
v -28.388752 34.179115 226.709625
v -28.388752 26.822060 226.709625
v -25.949997 25.102566 226.709625
v -28.388750 26.822060 232.625870
v -28.388750 34.179131 232.625870
v -23.301674 41.098991 232.625870
v -23.301676 41.098976 226.709625
v -23.301676 41.098984 220.792236
v -23.301676 41.098984 214.876022
v -25.949997 41.100098 226.709625
v -25.949997 41.100105 214.876022
v -25.949997 41.100105 220.792236
v -28.388752 41.100105 214.876022
v -25.949997 50.176659 220.792236
v -28.388752 48.457207 220.792236
v -28.388752 41.100105 220.792236
v -28.388752 48.457207 214.876022
v -25.949997 50.176659 214.876022
v -25.949997 50.176659 208.958618
v -25.949997 41.100105 208.958618
v -28.388752 48.457207 208.958618
v -23.301676 41.098984 208.958618
v -28.388752 41.100105 203.042358
v -28.388752 41.100105 208.958618
v -28.388752 48.457207 203.042358
v -25.949997 50.176659 203.042358
v -25.949997 50.176651 226.709625
v -25.949995 50.176666 232.625870
v -28.388752 48.457199 226.709625
v -28.388750 48.457214 232.625870
v -25.949995 41.100113 232.625870
v -28.388752 41.100098 226.709625
v -28.388750 41.100113 232.625870
v -25.949995 50.176666 238.543243
v -25.949995 50.176666 244.459488
v -28.388750 48.457214 238.543243
v -28.388750 48.457214 244.459488
v -28.388750 41.100113 238.543243
v -28.388750 41.100113 244.459488
v -28.388748 41.100105 309.544983
v -28.388748 48.457207 309.545013
v -28.388748 41.100098 315.461243
v -28.388748 48.457199 315.461273
v -10.925460 40.472572 227.873795
v 1.624022 35.273354 227.873764
v -9.891293 42.967979 227.873795
v -0.286882 33.363571 227.873764
v -7.980373 44.878922 227.873795
v -2.782271 32.329384 227.873764
v -2.782271 45.913101 227.873764
v -5.484976 45.913101 227.873795
v -5.484976 32.329384 227.873795
v -0.286882 44.878922 227.873764
v -7.980373 33.363571 227.873795
v 1.624022 42.967979 227.873764
v -9.891293 35.273354 227.873795
v 2.658222 40.472572 227.873764
v -10.925460 37.769890 227.873795
v 2.658222 37.769890 227.873764
v -16.670679 92.999512 193.231049
v -7.594108 92.999512 193.231049
v -7.594108 92.999512 199.209625
v -7.594108 96.856445 199.209625
v -12.887365 96.856445 193.231049
v -7.594108 96.856445 193.231049
v -12.887364 96.856445 199.209625
v -16.670677 92.999512 199.209625
v -16.670677 92.999512 205.187012
v -16.670677 92.999512 211.164474
v -12.887364 96.856445 205.187012
v -7.594107 92.999512 205.187012
v -7.594107 92.999512 211.164474
v -7.594107 96.856445 211.164474
v -7.594107 96.856445 205.187012
v -12.887364 96.856445 211.164474
v -4.133617 92.999527 264.963440
v -7.594107 92.999512 217.141891
v -7.594106 92.999512 223.119293
v -7.594106 96.856430 223.119293
v -16.670677 92.999512 217.141891
v -12.887364 96.856430 217.141891
v -7.594107 96.856430 217.141891
v -12.887363 96.856430 223.119293
v -16.670677 92.999512 223.119293
v -16.670677 92.999512 229.096680
v -16.670677 92.999512 235.075211
v -12.887363 96.856430 229.096680
v -7.594106 92.999512 229.096680
v -7.594106 92.999512 235.075211
v -7.594106 96.856430 235.075211
v -7.594106 96.856430 229.096680
v -12.887363 96.856430 235.075211
v -7.594106 92.999512 241.052567
v -7.594105 92.999496 247.030060
v -7.594105 96.856430 247.030060
v -16.670677 92.999512 241.052567
v -12.887363 96.856430 241.052567
v -7.594106 96.856430 241.052567
v -12.887362 96.856430 247.030060
v -16.670677 92.999496 247.030060
v -16.670677 92.999527 253.007477
v -16.670677 92.999527 258.984863
v -12.887362 96.856461 253.007477
v -7.594105 92.999527 253.007477
v -7.594105 92.999527 258.984863
v -7.594105 96.856461 258.984863
v -7.594105 96.856461 253.007477
v -12.887362 96.856461 258.984863
v -16.670675 92.999527 264.963440
v 8.403407 92.999527 258.984863
v 8.403407 92.999527 253.007477
v 8.403407 92.999496 247.030060
v 8.403406 92.999512 241.052567
v 8.403406 92.999512 235.075211
v 8.403406 92.999512 229.096680
v 8.403406 92.999512 223.119293
v 8.403405 92.999512 217.141891
v 8.403405 92.999512 211.164474
v 8.403405 92.999512 205.187012
v 8.403405 92.999512 199.209625
v 8.403404 92.999512 193.231049
v -0.673142 92.999512 193.231049
v -0.673142 96.856445 199.209625
v -0.673142 92.999512 199.209625
v 4.620098 96.856445 193.231049
v -0.673142 96.856445 193.231049
v 4.620099 96.856445 199.209625
v -0.673142 92.999512 205.187012
v -0.673141 96.856445 211.164474
v -0.673141 92.999512 211.164474
v 4.620099 96.856445 205.187012
v -0.673142 96.856445 205.187012
v 4.620099 96.856445 211.164474
v -0.673141 92.999512 217.141891
v -0.673141 96.856430 223.119293
v -0.673141 92.999512 223.119293
v 4.620099 96.856430 217.141891
v -0.673141 96.856430 217.141891
v 4.620100 96.856430 223.119293
v -0.673141 92.999512 229.096680
v -0.673140 96.856430 235.075211
v -0.673140 92.999512 235.075211
v 4.620100 96.856430 229.096680
v -0.673141 96.856430 229.096680
v 4.620100 96.856430 235.075211
v -0.673140 92.999512 241.052567
v -0.673140 96.856430 247.030060
v -0.673140 92.999496 247.030060
v 4.620100 96.856430 241.052567
v -0.673140 96.856430 241.052567
v 4.620101 96.856430 247.030060
v -0.673140 92.999527 253.007477
v -0.673139 96.856461 258.984863
v -0.673139 92.999527 258.984863
v 4.620101 96.856461 253.007477
v -0.673140 96.856461 253.007477
v 4.620110 96.856461 258.984863
v 8.403408 92.999527 264.963440
v 8.403408 92.999527 264.963440
v 8.403408 92.999527 270.990692
v 4.620111 96.856461 270.990692
v -0.673139 92.999527 264.963440
v 4.620111 96.856461 264.963440
v -0.673139 96.856461 270.990692
v -0.673139 96.856461 264.963440
v -0.673139 92.999527 270.877380
v -0.673139 92.999527 276.792480
v -0.673137 92.999527 306.366943
v -0.673137 92.999527 300.452942
v -0.673138 92.999527 294.537872
v -0.673138 92.999527 288.622772
v -0.673138 92.999527 282.707642
v 8.403409 92.999512 306.705627
v 8.403409 92.999527 300.827881
v 4.620111 96.856430 306.705627
v 4.620111 96.856445 300.827881
v -0.673137 96.856430 306.705627
v -0.673137 96.856445 300.827881
v 8.403409 92.999527 294.950195
v 8.403409 92.999527 289.073608
v 4.620111 96.856445 294.950195
v 4.620111 96.856445 289.073608
v -0.673138 96.856445 294.950195
v -0.673138 96.856445 289.073608
v 8.403408 92.999527 283.045166
v 8.403408 92.999527 277.017944
v 4.620111 96.856445 283.045166
v 4.620111 96.856445 277.017944
v -0.673138 96.856445 283.045166
v -0.673139 96.856445 277.017944
v -16.657070 92.999527 264.963440
v -16.657070 92.999527 270.990692
v -12.873765 96.856461 270.990692
v -7.580525 92.999527 264.963440
v -12.873765 96.856461 264.963440
v -7.580525 96.856461 270.990692
v -7.580525 96.856461 264.963440
v -7.580525 92.999527 270.877380
v -7.580525 92.999527 276.792480
v -4.126832 92.999527 264.963440
v -7.580523 92.999527 306.366943
v -7.580523 92.999527 300.452942
v -7.580524 92.999527 294.537872
v -7.580524 92.999527 288.622772
v -7.580524 92.999527 282.707642
v -16.657070 92.999512 306.705627
v -16.657070 92.999527 300.827881
v -12.873764 96.856430 306.705627
v -12.873764 96.856445 300.827881
v -7.580523 96.856430 306.705627
v -7.580523 96.856445 300.827881
v -16.657070 92.999527 294.950195
v -16.657070 92.999527 289.073608
v -12.873764 96.856445 294.950195
v -12.873764 96.856445 289.073608
v -7.580524 96.856445 294.950195
v -7.580524 96.856445 289.073608
v -16.657070 92.999527 283.045166
v -16.657070 92.999527 277.017944
v -12.873765 96.856445 283.045166
v -12.873765 96.856445 277.017944
v -7.580524 96.856445 283.045166
v -7.580525 96.856445 277.017944
v 8.403405 2.676764 199.689423
v 8.403405 2.676764 205.605682
v 8.403405 2.676765 211.523041
v 8.403405 2.676766 217.439301
v 8.403406 2.676765 223.356659
v 8.403406 2.676766 229.272919
v 8.403406 2.676765 235.190277
v 8.403406 2.676765 241.106491
v 8.403407 2.676769 247.023895
v 8.403407 2.676765 252.940155
v 8.403407 2.676768 258.857544
v 8.403408 2.676765 264.773804
v -0.673142 2.676764 199.689423
v -0.673142 -0.073514 199.689423
v -0.673142 2.676764 205.605682
v 6.683918 -0.073514 199.689423
v 6.683918 -0.073514 205.605682
v -0.673142 -0.073514 205.605682
v -0.673141 2.676765 211.523041
v -0.673141 -0.073514 211.523041
v -0.673141 2.676766 217.439301
v 6.683918 -0.073514 211.523041
v 6.683918 -0.073514 217.439301
v -0.673141 -0.073514 217.439301
v -0.673141 2.676765 223.356659
v -0.673141 -0.073514 223.356659
v -0.673141 2.676766 229.272919
v 6.683919 -0.073514 223.356659
v 6.683919 -0.073514 229.272919
v -0.673141 -0.073514 229.272919
v -0.673140 2.676765 235.190277
v -0.673140 -0.073514 235.190277
v -0.673140 2.676765 241.106491
v 6.683919 -0.073514 235.190277
v 6.683919 -0.073514 241.106491
v -0.673140 -0.073514 241.106491
v -0.673140 2.676769 247.023895
v -0.673140 -0.073510 247.023895
v -0.673140 2.676765 252.940155
v 6.683920 -0.073510 247.023895
v 6.683920 -0.073513 252.940155
v -0.673140 -0.073513 252.940155
v -0.673139 2.676768 258.857544
v -0.673139 -0.073509 258.857544
v -0.673139 2.676765 264.773804
v 6.683920 -0.073509 258.857544
v 6.683921 -0.073513 264.773804
v -0.673139 -0.073513 264.773804
v -0.673139 2.676769 270.691162
v 8.403417 2.676769 270.691162
v -0.673139 -0.073513 270.691162
v 6.683921 -0.073513 270.691162
v -0.673139 2.676769 276.607422
v -0.673139 -0.073509 276.607422
v 6.683921 -0.073509 276.607422
v 8.403417 2.676769 276.607422
v 8.403417 2.676762 282.524780
v 8.403418 2.676766 288.441040
v 6.683921 -0.073517 282.524780
v -0.673138 2.676762 282.524780
v -0.673138 2.676766 288.441040
v -0.673138 -0.073517 282.524780
v -0.673138 -0.073513 288.441040
v 6.683922 -0.073513 288.441040
v -0.673138 2.676762 294.358459
v 8.403418 2.676762 294.358459
v 8.403418 2.676766 300.274658
v 6.683922 -0.073517 294.358459
v 6.683922 -0.073513 300.274658
v -0.673138 -0.073517 294.358459
v -0.673137 2.676766 300.274658
v -0.673137 -0.073513 300.274658
v -16.657074 2.676764 199.689423
v -16.657074 2.676764 205.605682
v -16.657074 2.676765 211.523041
v -16.657074 2.676766 217.439301
v -16.657074 2.676765 223.356659
v -16.657074 2.676766 229.272919
v -16.657074 2.676765 235.190308
v -16.657074 2.676765 241.106537
v -16.657072 2.676769 247.023926
v -16.657072 2.676765 252.940155
v -16.657072 2.676768 258.857605
v -16.657070 2.676765 264.773834
v -7.580528 2.676764 199.689423
v -7.580528 -0.073514 199.689423
v -7.580528 2.676764 205.605682
v -14.937578 -0.073514 199.689423
v -14.937578 -0.073514 205.605682
v -7.580528 -0.073514 205.605682
v -7.580528 2.676765 211.523041
v -7.580528 -0.073514 211.523041
v -7.580527 2.676766 217.439301
v -14.937578 -0.073514 211.523041
v -14.937578 -0.073514 217.439301
v -7.580527 -0.073514 217.439301
v -7.580527 2.676765 223.356659
v -7.580527 -0.073514 223.356659
v -7.580527 2.676766 229.272919
v -14.937577 -0.073514 223.356659
v -14.937577 -0.073514 229.272919
v -7.580527 -0.073514 229.272919
v -7.580526 2.676765 235.190308
v -7.580526 -0.073514 235.190308
v -7.580526 2.676765 241.106537
v -14.937577 -0.073514 235.190308
v -14.937577 -0.073514 241.106537
v -7.580526 -0.073514 241.106537
v -7.580526 2.676769 247.023926
v -7.580526 -0.073510 247.023926
v -7.580517 2.676765 252.940155
v -14.937576 -0.073510 247.023926
v -14.937576 -0.073513 252.940155
v -7.580517 -0.073513 252.940155
v -7.580517 2.676768 258.857605
v -7.580517 -0.073509 258.857605
v -7.580517 2.676765 264.773834
v -14.937576 -0.073509 258.857605
v -14.937575 -0.073513 264.773834
v -7.580517 -0.073513 264.773834
v -7.580517 2.676769 270.691223
v -16.657066 2.676769 270.691223
v -7.580517 -0.073513 270.691223
v -14.937575 -0.073513 270.691223
v -7.580516 2.676769 276.607452
v -7.580516 -0.073509 276.607452
v -14.937575 -0.073509 276.607452
v -16.657066 2.676769 276.607452
v -16.657066 2.676762 282.524841
v -16.657066 2.676766 288.441071
v -14.937575 -0.073517 282.524841
v -7.580516 2.676762 282.524841
v -7.580516 2.676766 288.441071
v -7.580516 -0.073517 282.524841
v -7.580516 -0.073513 288.441071
v -14.937574 -0.073513 288.441071
v -7.580515 2.676762 294.358459
v -16.657066 2.676762 294.358459
v -16.657066 2.676766 300.274689
v -14.937574 -0.073517 294.358459
v -14.937574 -0.073513 300.274689
v -7.580515 -0.073517 294.358459
v -7.580515 2.676766 300.274689
v -7.580515 -0.073513 300.274689
v -9.578251 81.250366 85.348473
v -7.349743 78.893852 85.348465
v -7.046298 89.743622 85.348473
v -9.402806 87.515106 85.348457
v -10.329841 84.405434 85.348457
v -10.329841 84.405434 85.348457
v -9.085097 81.517006 87.898804
v -9.769880 84.388145 87.899147
v -9.769880 84.388145 87.899147
v -8.924791 87.222969 87.899147
v -6.779658 89.250458 87.898804
v -7.057596 79.371872 87.899147
v -8.252031 86.813927 89.952736
v -6.404963 88.557503 89.951859
v -6.648556 80.044632 89.952736
v -8.392137 81.891708 89.951859
v -8.982974 84.362038 89.952736
v -8.982974 84.362038 89.952736
v -6.147528 80.873795 91.561928
v -7.539832 82.352524 91.560425
v -8.014809 84.327255 91.561928
v -8.014809 84.327255 91.561928
v -7.422863 86.312904 91.561928
v -5.944133 87.705200 91.560425
v -5.598612 81.780098 92.712830
v -6.608058 82.856339 92.710953
v -6.955886 84.290298 92.712830
v -6.955886 84.290298 92.712830
v -6.516569 85.763992 92.712830
v -5.440326 86.773430 92.710953
v -4.906651 82.902573 93.595810
v -5.448814 83.483131 93.594170
v -5.637746 84.254692 93.595810
v -5.637746 84.254692 93.595810
v -5.394171 85.072151 93.596184
v -4.813370 85.614685 93.595146
v -8.989466 87.260178 59.111969
v -9.844375 84.392426 59.111969
v -9.150885 81.481445 59.111965
v -7.094800 79.307198 59.111969
v -4.227062 78.452286 59.111969
v -1.316068 79.145775 59.111965
v 0.858177 81.201859 59.111969
v 1.713086 84.069603 59.111969
v 1.713086 84.069603 59.111969
v 1.019588 86.980583 59.111965
v -1.036488 89.154831 59.111969
v -3.904234 90.009743 59.111969
v -6.815218 89.316246 59.111965
v 1.066376 87.004875 57.932293
v -1.009635 89.200195 57.932293
v -3.903664 90.062469 57.932293
v -6.839506 89.363037 57.932293
v -9.034841 87.287018 57.932293
v -9.897091 84.393005 57.932293
v -9.197676 81.457153 57.932293
v -7.121662 79.261826 57.932293
v -4.227632 78.399559 57.932293
v -1.291790 79.098991 57.932293
v 0.903545 81.175003 57.932293
v 1.765795 84.069023 57.932293
v 1.765795 84.069023 57.932293
v -1.084995 78.718414 85.348473
v 1.271520 80.946930 85.348465
v 2.198547 84.056595 85.348457
v 2.198547 84.056595 85.348457
v 1.446957 87.211662 85.348473
v -0.781552 89.568176 85.348457
v -1.073697 89.090149 87.899147
v 0.953804 86.945023 87.898804
v 1.638594 84.073891 87.899147
v 1.638594 84.073891 87.899147
v 0.793497 81.239059 87.899147
v -1.351636 79.211571 87.898804
v -1.482738 88.417397 89.952736
v 0.260843 86.570343 89.951859
v 0.851680 84.099991 89.952736
v 0.851680 84.099991 89.952736
v 0.120737 81.648102 89.952736
v -1.726321 79.904526 89.951859
v -1.983766 87.588234 91.561928
v -0.591462 86.109505 91.560425
v -0.116485 84.134781 91.561928
v -0.116485 84.134781 91.561928
v -0.708430 82.149124 91.561928
v -2.187153 80.756836 91.560425
v -2.532666 86.681938 92.712830
v -1.523227 85.605698 92.710945
v -1.175400 84.171738 92.712830
v -1.175400 84.171738 92.712830
v -1.614723 82.698036 92.712830
v -2.690968 81.688599 92.710953
v -3.317273 82.847702 93.595146
v -3.224249 85.559975 93.597519
v -2.681819 84.979240 93.596115
v -2.492898 84.207375 93.597511
v -2.492898 84.207375 93.597511
v -2.736773 83.389740 93.597137
v -3.891226 90.495224 85.348457
v -3.891226 90.495224 85.348457
v -3.908513 89.935257 87.899147
v -3.908513 89.935257 87.899147
v -3.934632 89.148338 89.952736
v -3.934632 89.148338 89.952736
v -4.065419 84.231140 93.860588
v -4.065419 84.231140 93.860588
v -3.969415 88.180183 91.561928
v -3.969415 88.180183 91.561928
v -4.006353 87.121254 92.712830
v -4.006353 87.121254 92.712830
v -4.041954 85.803612 93.597137
v -4.041954 85.803612 93.597137
v -4.161879 80.281845 91.561928
v -4.161879 80.281845 91.561928
v -4.124940 81.340775 92.712830
v -4.124940 81.340775 92.712830
v -4.089262 82.658775 93.596184
v -4.089262 82.658775 93.596184
v -4.240068 77.966812 85.348465
v -4.240068 77.966812 85.348465
v -4.222781 78.526772 87.899147
v -4.222781 78.526772 87.899147
v -4.196662 79.313690 89.952736
v -4.196662 79.313690 89.952736
v -0.527644 89.981956 61.375851
v -0.527644 89.981956 61.375851
v -3.877117 90.980469 61.375851
v -3.877117 90.980469 61.375851
v -0.466785 90.080887 57.988335
v -0.466785 90.080887 57.988335
v -3.873875 91.096573 57.988335
v -3.873875 91.096573 57.988335
v -0.553551 89.939857 56.822945
v -0.553551 89.939857 56.822945
v -3.878504 90.931061 56.822948
v -3.878504 90.931061 56.822948
v -0.535686 89.968887 82.788498
v -0.535686 89.968887 82.788498
v -3.877544 90.965149 82.788498
v -3.877544 90.965149 82.788498
v -3.877544 90.965149 82.788498
v -7.277106 90.170479 61.375851
v -7.277106 90.170479 61.375851
v -7.332353 90.272659 57.988335
v -7.332353 90.272659 57.988335
v -9.915518 87.829872 57.988335
v -9.915518 87.829872 57.988335
v -7.253600 90.127007 56.822948
v -7.253600 90.127007 56.822948
v -7.269817 90.156990 82.788498
v -7.269817 90.156990 82.788498
v 1.873818 87.442474 61.375851
v 1.873818 87.442474 61.375851
v 1.975990 87.497719 57.988335
v 1.975990 87.497719 57.988335
v 1.830350 87.418968 56.822948
v 1.830350 87.418968 56.822948
v 1.860324 87.435165 82.788498
v 1.860324 87.435165 82.788498
v -10.815105 84.419556 61.375851
v -10.815105 84.419556 61.375851
v -9.816582 87.769020 61.375851
v -9.816582 87.769020 61.375851
v -10.931212 84.422783 57.988335
v -10.931212 84.422783 57.988335
v -9.774488 87.743118 56.822945
v -9.774488 87.743118 56.822945
v -10.765702 84.418167 56.822948
v -10.765702 84.418167 56.822948
v -9.803518 87.760986 82.788498
v -9.803518 87.760986 82.788498
v -10.799776 84.419113 82.788498
v -10.799776 84.419113 82.788498
v -10.799776 84.419113 82.788498
v 1.685285 80.693008 61.375851
v 1.685285 80.693008 61.375851
v 2.683816 84.042488 61.375851
v 2.683816 84.042488 61.375851
v 2.683816 84.042488 61.375851
v 2.683816 84.042488 61.375851
v 2.799915 84.039246 57.988335
v 2.799915 84.039246 57.988335
v 2.799915 84.039246 57.988335
v 1.643193 80.718910 56.822945
v 1.643193 80.718910 56.822945
v 2.634406 84.043869 56.822948
v 2.634406 84.043869 56.822948
v 2.634406 84.043869 56.822948
v 2.668481 84.042915 82.788498
v 2.668481 84.042915 82.788498
v 2.668481 84.042915 82.788498
v 2.668481 84.042915 82.788498
v 1.672224 80.701042 82.788498
v 1.672224 80.701042 82.788498
v -10.005116 81.019562 61.375851
v -10.005116 81.019562 61.375851
v -10.107287 80.964294 57.988335
v -10.107287 80.964294 57.988335
v -9.961639 81.043060 56.822948
v -9.961639 81.043060 56.822948
v -9.991627 81.026863 82.788498
v -9.991627 81.026863 82.788498
v -0.854190 78.291542 61.375851
v -0.854190 78.291542 61.375851
v -0.798944 78.189369 57.988335
v -0.798944 78.189369 57.988335
v 1.784222 80.632156 57.988335
v 1.784222 80.632156 57.988335
v -0.877696 78.335022 56.822948
v -0.877696 78.335022 56.822948
v -0.861485 78.305038 82.788498
v -0.861485 78.305038 82.788498
v -7.603652 78.480080 61.375851
v -7.603652 78.480080 61.375851
v -4.254179 77.481567 61.375854
v -4.254179 77.481567 61.375854
v -7.664511 78.381142 57.988335
v -7.664511 78.381142 57.988335
v -4.257422 77.365448 57.988335
v -4.257422 77.365448 57.988335
v -7.577745 78.522171 56.822945
v -7.577745 78.522171 56.822945
v -4.252793 77.530960 56.822948
v -4.252793 77.530960 56.822948
v -7.595609 78.493141 82.788498
v -7.595609 78.493141 82.788498
v -4.253750 77.496887 82.788498
v -4.253750 77.496887 82.788498
v -4.253750 77.496887 82.788498
vn -0.0000 -1.0000 -0.0000
vn -0.0001 -0.9998 -0.0180
vn -0.0000 -0.9997 0.0254
vn -0.0000 -0.9992 -0.0390
vn -0.0000 -0.9823 0.1873
vn -1.0000 -0.0000 -0.0000
vn -0.0000 -0.8660 0.5000
vn -0.8495 -0.0197 0.5273
vn -0.8441 -0.0292 0.5353
vn -0.8586 -0.0329 0.5116
vn -0.8687 0.0009 0.4954
vn -0.8519 -0.0214 0.5232
vn -0.8694 -0.0000 0.4942
vn -0.8404 -0.0001 0.5420
vn -0.0000 0.0053 1.0000
vn -0.0000 -0.1258 0.9921
vn -0.0000 -0.4685 0.8835
vn 1.0000 -0.0000 -0.0000
vn 0.6781 -0.7350 -0.0000
vn 0.8160 0.5781 -0.0000
vn 1.0000 -0.0023 -0.0000
vn -0.0000 -0.9278 0.3730
vn -0.0000 -0.9100 0.4146
vn -0.0000 -0.9278 -0.3730
vn -1.0000 -0.0024 -0.0000
vn -0.8160 0.5781 -0.0000
vn -0.8160 0.5780 -0.0000
vn -0.8161 0.5780 -0.0001
vn -1.0000 0.0003 -0.0000
vn -1.0000 0.0004 -0.0000
vn -1.0000 0.0068 -0.0001
vn -1.0000 0.0034 0.0005
vn -0.7522 0.6589 -0.0000
vn -0.7522 0.6589 -0.0001
vn -0.7522 0.6589 0.0001
vn -0.0830 0.8657 0.4937
vn -0.0830 0.9966 -0.0000
vn -0.0829 0.8631 0.4982
vn -0.0830 0.8656 -0.4938
vn -0.0830 0.8630 -0.4983
vn -0.0829 0.5067 -0.8581
vn -0.0829 0.4984 -0.8630
vn -0.0829 0.0126 -0.9965
vn -0.0829 -0.0000 -0.9966
vn -0.7522 0.6590 -0.0000
vn -0.0801 -0.2581 -0.9628
vn -0.0672 -0.7055 -0.7055
vn -0.0675 -0.7007 -0.7103
vn -0.0829 -0.8606 -0.5025
vn -0.0829 -0.8631 -0.4982
vn -0.5602 -0.8283 -0.0000
vn -0.5603 -0.8283 -0.0000
vn -0.7139 0.7003 -0.0000
vn -0.0000 -0.0000 1.0000
vn -0.0000 1.0000 -0.0000
vn -0.0000 -0.0000 -1.0000
vn -0.0824 -0.8632 -0.4981
vn -0.0824 -0.8606 -0.5025
vn -0.0830 -0.9965 -0.0000
vn -0.0829 -0.8606 0.5025
vn -0.0829 -0.8631 0.4981
vn -0.0763 -0.4967 0.8646
vn -0.0762 -0.4984 0.8636
vn -0.0829 0.0125 0.9965
vn -0.0829 -0.0000 0.9966
vn -0.0829 0.5067 0.8581
vn -0.0829 0.4983 0.8631
vn -0.7523 0.6589 -0.0000
vn -1.0000 0.0004 0.0001
vn -1.0000 0.0031 -0.0008
vn -0.7524 0.6587 -0.0000
vn -0.0000 -0.9270 -0.3749
vn -0.0001 -0.9998 -0.0183
vn -0.0001 -0.9998 -0.0184
vn -0.0442 -0.8549 -0.5169
vn -0.0002 -1.0000 -0.0000
vn -0.0000 0.1018 0.9948
vn 0.0271 -0.0048 0.9996
vn 0.0524 0.0311 0.9981
vn 0.8271 -0.5615 0.0248
vn 0.8490 -0.5228 0.0765
vn 0.8272 -0.5614 0.0249
vn 0.7954 -0.6049 -0.0381
vn 0.0269 -0.0305 0.9992
vn -0.0385 -0.0717 0.9967
vn -0.0000 1.0000 0.0066
vn -0.0000 0.4179 0.9085
vn -0.0000 0.7512 0.6601
vn -0.0000 0.0406 0.9992
vn 0.0002 0.9996 0.0292
vn -0.0000 0.9996 0.0292
vn -0.0000 1.0000 0.0027
vn -0.0000 -0.0778 0.9970
vn -0.0000 -0.5000 0.8660
vn -0.0000 -0.1340 0.9910
vn -0.6781 -0.7350 -0.0000
vn -0.0000 -0.8601 -0.5102
vn -0.0000 0.9510 -0.3091
vn -0.0000 0.8091 -0.5877
vn -0.0000 0.5880 -0.8089
vn -0.0000 0.3090 -0.9511
vn -0.0000 0.0149 -0.9999
vn -0.0000 0.0254 -0.9997
vn 0.8299 -0.5574 -0.0246
vn 0.8297 -0.5577 -0.0240
vn 0.8573 -0.5092 -0.0761
vn 0.7910 -0.6107 0.0373
vn -0.0000 -0.0231 -0.9997
vn -0.0000 -0.0219 -0.9998
vn -0.8169 0.5768 -0.0000
vn -0.8158 0.5783 -0.0000
vn -0.0002 -0.2607 -0.9654
vn -0.0422 -0.4569 -0.8885
vn -0.0498 -0.7108 -0.7016
vn -0.8195 0.5731 0.0002
vn -1.0000 0.0018 -0.0000
vn -1.0000 0.0005 0.0001
vn -0.8343 -0.1680 0.5252
vn -0.3578 -0.9338 -0.0000
vn -0.4272 -0.9011 0.0745
vn -0.7580 -0.4612 0.4612
vn -0.8293 -0.0138 0.5586
vn -0.0779 0.4984 0.8634
vn -0.0778 0.8635 0.4983
vn -0.0778 0.9970 -0.0000
vn -0.0778 0.8635 -0.4984
vn -0.0777 0.4984 -0.8635
vn -0.0777 0.4983 -0.8635
vn -0.0777 -0.0000 -0.9970
vn -0.0777 -0.4984 -0.8635
vn -0.0777 -0.4983 -0.8635
vn -0.0778 -0.8634 -0.4985
vn -0.0779 -0.9970 -0.0000
vn -0.0779 -0.8634 0.4984
vn -0.0779 -0.4984 0.8634
vn -0.0779 -0.0000 0.9970
vn -0.8293 0.0138 0.5586
vn -0.8343 0.1678 0.5252
vn -0.7579 0.4612 0.4613
vn -0.1136 -0.9935 -0.0000
vn -0.1136 -0.8604 0.4969
vn -0.1134 -0.4864 0.8663
vn -0.1136 -0.4967 0.8605
vn -0.1136 -0.8604 -0.4969
vn -0.1136 -0.8604 -0.4968
vn -0.1135 -0.4864 -0.8663
vn -0.1135 -0.4967 -0.8605
vn -0.1135 -0.0293 -0.9931
vn -0.1101 -0.2573 -0.9600
vn -0.1134 -0.0000 -0.9935
vn -0.6781 -0.7349 0.0001
vn -0.1125 0.8261 -0.5522
vn -0.1130 0.4844 -0.8675
vn -0.1131 0.4968 -0.8604
vn -0.1133 0.8602 -0.4972
vn -0.6778 -0.7352 -0.0001
vn -0.1099 0.9602 -0.2569
vn -0.6780 -0.7351 -0.0001
vn -0.6782 -0.7349 0.0006
vn -0.6782 -0.7348 0.0008
vn -0.6781 -0.7350 0.0001
vn -0.1141 0.8604 0.4968
vn -0.1136 0.8252 0.5533
vn -0.1112 0.9600 0.2569
vn -0.1134 0.4967 0.8605
vn -0.1130 0.4845 0.8675
vn -0.6781 -0.7350 -0.0001
vn -0.1136 -0.0000 0.9935
vn -0.1137 -0.0295 0.9931
vn -0.1090 -0.2574 0.9601
vn -0.0000 -0.0705 -0.9975
vn -0.0187 -0.0122 -0.9998
vn -0.0000 -0.5000 -0.8660
vn -0.0000 -0.0390 -0.9992
vn -0.0055 0.0065 -1.0000
vn -0.0000 -0.8660 -0.5001
vn -0.0000 -0.1285 -0.9917
vn -0.0000 -0.4688 -0.8833
vn -0.0000 -0.8660 -0.5000
vn 0.1136 -0.8604 0.4969
vn 0.1136 -0.9935 -0.0000
vn 0.1132 -0.4222 0.8994
vn 0.1133 -0.5446 0.8310
vn 0.1136 -0.8604 -0.4968
vn 0.1136 -0.8604 -0.4969
vn 0.1135 -0.4864 -0.8663
vn 0.1135 -0.4967 -0.8605
vn 0.1135 -0.0293 -0.9931
vn 0.1134 -0.0000 -0.9935
vn 0.1101 -0.2573 -0.9600
vn 0.1130 0.4844 -0.8675
vn 0.1131 0.4968 -0.8604
vn 0.1129 0.8257 -0.5526
vn 0.1133 0.8602 -0.4972
vn 0.6778 -0.7352 -0.0001
vn 0.6781 -0.7349 0.0001
vn 0.1099 0.9602 -0.2569
vn 0.6780 -0.7351 -0.0001
vn 0.6780 -0.7350 0.0001
vn 0.1137 0.0001 0.9935
vn 0.1135 -0.0563 0.9919
vn 0.1134 0.4967 0.8605
vn 0.1130 0.4845 0.8675
vn 0.6781 -0.7349 -0.0001
vn 0.1142 0.8601 0.4973
vn 0.1144 0.8253 0.5530
vn 0.1112 0.9600 0.2569
vn 0.1096 -0.2575 0.9600
vn 0.3578 0.9338 -0.0000
vn 0.4272 0.9011 0.0745
vn 0.8343 0.1680 0.5252
vn 0.7580 0.4612 0.4612
vn 0.8293 0.0138 0.5586
vn 0.8293 -0.0139 0.5586
vn 0.8343 -0.1678 0.5252
vn 0.4272 -0.9011 0.0745
vn 0.7579 -0.4612 0.4613
vn 0.3578 -0.9338 -0.0000
vn 0.0778 0.8635 0.4983
vn 0.0778 0.9970 -0.0000
vn 0.0778 0.8635 -0.4984
vn 0.0777 0.4983 -0.8635
vn 0.0777 0.4984 -0.8635
vn 0.0777 -0.0000 -0.9970
vn 0.0777 -0.4983 -0.8635
vn 0.0778 -0.8634 -0.4985
vn 0.0779 -0.9970 -0.0000
vn 0.0779 -0.8634 0.4984
vn 0.0779 -0.4984 0.8634
vn 0.0779 -0.0000 0.9970
vn 0.0779 0.4984 0.8634
vn -0.3578 0.9338 -0.0000
vn -0.4272 0.9011 0.0745
vn 0.7523 0.6589 -0.0000
vn 0.7522 0.6589 -0.0000
vn 0.7522 0.6590 -0.0000
vn 0.0829 0.8631 0.4982
vn 0.0830 0.8657 0.4937
vn 0.0829 0.5067 0.8581
vn 0.0829 0.4983 0.8631
vn 0.0829 0.0125 0.9965
vn 0.0829 -0.0000 0.9966
vn 0.0763 -0.4967 0.8646
vn 0.0762 -0.4984 0.8636
vn 0.0829 -0.8606 0.5025
vn 0.0829 -0.8631 0.4981
vn 0.0830 -0.9966 -0.0000
vn 0.0824 -0.8632 -0.4981
vn 0.0824 -0.8607 -0.5025
vn 0.0672 -0.7055 -0.7055
vn 0.0675 -0.7010 -0.7100
vn 0.0828 0.0001 -0.9966
vn 0.0801 -0.2576 -0.9629
vn 0.0829 0.0128 -0.9965
vn 0.0828 0.4982 -0.8631
vn 0.0827 0.5065 -0.8582
vn 0.0829 0.8630 -0.4983
vn 0.0831 0.8656 -0.4938
vn 0.7523 0.6588 -0.0001
vn 0.0830 0.9966 -0.0000
vn 0.5602 -0.8283 -0.0000
vn 0.7139 0.7003 -0.0000
vn 0.7521 0.6590 -0.0000
vn 0.0829 0.4984 -0.8630
vn 0.0829 -0.0000 -0.9966
vn 0.0829 0.0126 -0.9965
vn 0.0829 0.5067 -0.8581
vn 0.0801 -0.2581 -0.9628
vn 0.0829 -0.8631 -0.4982
vn 0.0829 -0.8606 -0.5025
vn 0.0675 -0.7007 -0.7103
vn 0.0831 -0.9965 -0.0001
vn 0.0829 -0.8632 0.4981
vn 0.0762 -0.4986 0.8635
vn 0.0763 -0.4969 0.8644
vn 0.0829 0.0126 0.9965
vn 0.0829 0.4985 0.8629
vn 0.0829 0.5069 0.8580
vn 0.7522 0.6589 0.0001
vn 0.0830 0.8630 -0.4983
vn 0.0830 0.4984 -0.8630
vn 0.0829 0.0125 -0.9965
vn 0.0762 -0.4986 -0.8635
vn 0.0763 -0.4969 -0.8645
vn 0.0002 -0.0001 -1.0000
vn -0.4941 -0.0000 -0.8694
vn -0.6780 -0.7350 -0.0000
vn -1.0000 -0.0077 -0.0000
vn -0.9570 -0.2901 -0.0000
vn -0.9570 -0.2902 -0.0000
vn 0.0001 1.0000 -0.0000
vn 0.3826 0.9239 -0.0000
vn 0.7070 0.7072 -0.0000
vn 0.9238 0.3829 0.0001
vn 1.0000 -0.0003 -0.0000
vn 0.9238 -0.3830 -0.0000
vn 0.7071 -0.7071 -0.0000
vn -0.9239 0.3827 -0.0000
vn -0.7071 0.7071 -0.0000
vn -0.3827 0.9239 -0.0000
vn 0.0097 1.0000 -0.0000
vn -0.3827 -0.9239 -0.0000
vn 0.0001 -1.0000 0.0001
vn 0.3828 -0.9238 -0.0000
vn 0.1472 0.9891 -0.0000
vn -0.7071 -0.7071 -0.0000
vn -0.9239 -0.3826 -0.0000
vn -1.0000 -0.0001 -0.0000
vn -0.9240 0.3825 -0.0000
vn -0.3825 0.9240 -0.0000
vn -0.9475 -0.3197 -0.0000
vn -0.0830 0.8631 -0.4983
vn -0.0829 0.0125 -0.9965
vn -0.0763 -0.4969 -0.8645
vn -0.0763 -0.4986 -0.8635
vn -0.0831 -0.9965 -0.0001
vn -0.0835 -0.9965 0.0001
vn -0.0829 -0.8606 0.5024
vn -0.0829 -0.8632 0.4981
vn -0.0763 -0.4969 0.8645
vn -0.0763 -0.4986 0.8635
vn -0.0829 0.5069 0.8580
vn -0.0829 0.4985 0.8629
vn -0.0000 -0.5462 0.8377
vn -0.0000 -0.5112 0.8594
vn -0.0000 -0.5564 0.8309
vn -0.0000 -0.8033 0.5955
vn -0.0000 -0.8033 0.5956
vn -0.0000 -0.8601 0.5102
vn 1.0000 -0.0077 -0.0000
vn 0.6780 -0.7350 -0.0000
vn 0.4941 -0.0000 -0.8694
vn 0.8159 0.5781 -0.0000
vn 0.7522 0.6589 -0.0001
vn -0.0000 0.6565 -0.7543
vn 0.7522 0.6590 0.0001
vn 0.7524 0.6587 -0.0000
vn 0.0763 -0.4969 0.8645
vn 0.0828 -0.8631 0.4981
vn 0.0830 0.8631 -0.4983
vn 0.0831 0.8656 -0.4937
vn 0.9240 0.3825 -0.0000
vn 1.0000 -0.0001 -0.0000
vn 0.9239 -0.3826 -0.0000
vn 0.3827 -0.9239 -0.0000
vn -0.0001 -1.0000 0.0001
vn 0.3827 0.9239 -0.0000
vn -0.0097 1.0000 -0.0000
vn -0.1472 0.9891 -0.0000
vn 0.7071 0.7071 -0.0000
vn 0.9239 0.3827 -0.0000
vn 0.9475 -0.3196 -0.0000
vn 0.9475 -0.3197 -0.0000
vn 0.9569 -0.2903 -0.0000
vn -0.9238 0.3829 -0.0000
vn -0.3826 0.9239 -0.0000
vn -0.0001 1.0000 -0.0000
vn 0.3825 0.9240 -0.0000
vn -0.9238 -0.3830 -0.0000
vn -0.3828 -0.9238 -0.0000
vn -0.0828 -0.8631 0.4982
vn -0.0763 -0.4969 0.8644
vn -0.0762 -0.4986 0.8635
vn -0.0829 0.0126 0.9965
vn -0.0002 -0.0001 -1.0000
vn 0.7523 0.6589 -0.0001
vn 0.0763 -0.4986 0.8634
vn 0.0800 -0.7001 0.7096
vn 0.0801 -0.7048 0.7048
vn 0.0802 -0.9629 0.2577
vn 0.0829 0.4985 -0.8629
vn 0.0829 0.5069 -0.8580
vn 0.0829 0.8631 -0.4982
vn 0.0830 0.8656 -0.4938
vn 0.0830 0.9966 -0.0001
vn 0.4917 -0.8708 -0.0000
vn -0.0000 -0.2365 0.9716
vn -0.0000 -0.2354 0.9719
vn -0.0198 -0.2499 0.9681
vn -0.0090 -0.2667 0.9637
vn -0.0029 -0.2724 0.9622
vn -0.0146 -0.3014 0.9534
vn -0.0150 -0.2962 0.9550
vn -0.0004 -0.5427 0.8400
vn -0.0001 -0.5411 0.8410
vn -0.0000 -0.7287 0.6848
vn -0.0000 -0.8683 0.4961
vn -0.0000 -0.9620 0.2732
vn -0.0000 -1.0000 0.0052
vn -0.0002 -1.0000 0.0054
vn -0.0005 -1.0000 0.0001
vn -0.0002 -0.7545 -0.6563
vn -0.7525 0.6586 -0.0000
vn -0.0830 0.9966 -0.0001
vn -0.0829 0.8631 -0.4982
vn -0.0829 0.5069 -0.8580
vn -0.0829 0.4985 -0.8629
vn -0.0827 -0.8607 -0.5024
vn -0.0828 -0.8631 -0.4982
vn -0.7523 0.6588 -0.0001
vn -0.0829 0.8630 -0.4983
vn -0.0827 0.5065 -0.8582
vn -0.0828 0.4982 -0.8631
vn -0.0829 0.0128 -0.9965
vn -0.0828 0.0001 -0.9966
vn -0.0801 -0.2576 -0.9629
vn -0.0675 -0.7010 -0.7100
vn -0.5602 0.8283 -0.0000
vn -0.7110 -0.7032 -0.0000
vn -0.0131 0.6906 -0.7231
vn -0.0091 0.6924 -0.7215
vn -0.0000 0.6962 -0.7179
vn -0.0357 0.8264 -0.5619
vn -0.0346 0.7546 -0.6553
vn 0.9715 0.2370 0.0072
vn 0.9713 0.2378 0.0073
vn 0.9712 0.2381 0.0081
vn 0.0131 0.6906 -0.7231
vn 0.0091 0.6924 -0.7215
vn 0.0346 0.7546 -0.6553
vn 0.0356 0.8264 -0.5619
vn -0.0000 0.9989 0.0467
vn -0.0000 0.9344 -0.3562
vn -0.0000 0.9786 -0.2057
vn -0.9758 0.2186 0.0056
vn -0.9844 0.1760 0.0006
vn -0.9821 0.1885 0.0013
vn -0.9725 0.2330 0.0038
vn -0.9844 0.1759 0.0001
vn -0.9818 0.1901 0.0004
vn -0.9840 0.1781 -0.0000
vn -0.9814 0.1922 -0.0000
vn -0.0000 0.9999 -0.0132
vn -0.0000 0.9995 0.0319
vn -0.0000 0.9217 0.3879
vn -0.0000 0.9218 0.3877
vn -0.0000 0.7411 0.6714
vn 0.0026 0.7142 0.6999
vn -0.0001 0.6964 0.7177
vn -0.0000 0.8613 0.5081
vn -0.9721 0.2346 0.0088
vn -0.9709 0.2393 0.0078
vn 0.5602 0.8283 -0.0000
vn 0.7110 -0.7032 -0.0000
vn -0.0000 0.9995 0.0327
vn -0.0026 0.7142 0.6999
vn -0.0000 0.6964 0.7177
vn -0.0000 0.3438 0.9391
vn 0.9732 0.2300 0.0059
vn 0.9754 0.2204 0.0052
vn 0.9844 0.1760 0.0006
vn 0.9818 0.1901 0.0004
vn 0.9844 0.1760 0.0001
vn -0.0000 0.9999 -0.0133
vn 0.9813 0.1923 -0.0000
vn 0.9840 0.1782 -0.0000
vn -0.0000 0.9238 0.3828
vn -0.0000 0.9238 -0.3828
vn -0.0000 0.7072 0.7070
vn 0.8240 -0.5235 -0.2168
vn 0.8240 -0.5666 -0.0001
vn 0.8240 -0.5666 -0.0000
vn 0.8240 -0.5235 -0.2169
vn 0.8240 -0.4007 -0.4006
vn 0.8240 -0.4007 -0.4007
vn 0.8240 -0.5235 0.2168
vn 0.8240 -0.4007 0.4007
vn 0.8240 -0.4007 0.4006
vn 0.8240 -0.2169 0.5235
vn -0.0000 0.7072 -0.7070
vn -0.0000 0.3827 -0.9239
vn -0.0000 -0.3826 -0.9239
vn -0.0000 -0.7071 -0.7071
vn -0.0000 -0.9239 -0.3826
vn -0.0000 -0.9239 0.3826
vn -0.0000 -0.7071 0.7071
vn -0.0000 -0.3828 0.9239
vn -0.0000 0.3829 0.9238
vn 0.8240 -0.0000 -0.5666
vn 0.8240 -0.2168 -0.5235
vn 0.8240 -0.2169 -0.5235
vn 0.8239 0.2169 0.5236
vn 0.8238 0.4007 0.4009
vn 0.8238 0.4008 0.4008
vn 0.8239 0.5237 0.2168
vn 0.8239 0.5236 0.2169
vn 0.8238 0.5668 -0.0001
vn 0.8238 0.5668 -0.0000
vn 0.8239 0.2169 -0.5236
vn 0.8238 0.4008 -0.4008
vn 0.8238 0.4008 -0.4009
vn 0.8239 0.5236 -0.2169
vn 0.8239 0.5237 -0.2168
vn 0.8240 -0.0000 0.5666
vn -0.0000 0.7071 0.7071
vn -0.0000 0.9238 0.3829
vn -0.0000 0.3826 0.9239
vn -0.0000 0.9239 -0.3827
vn -0.0000 0.7071 -0.7072
vn -0.0000 -0.3825 -0.9239
vn -0.0000 -0.9239 -0.3825
vn -0.0000 -0.9239 0.3827
vn -0.0000 -0.7072 0.7071
vn -0.0000 -0.3825 0.9240
vn -0.0000 -0.0293 0.9996
vn -0.0125 -0.0293 0.9995
vn -0.0125 -0.0122 0.9998
vn -0.0000 0.9839 0.1787
vn -0.0044 0.9373 0.3485
vn -0.0058 0.9377 0.3475
vn -0.0037 0.9690 0.2469
vn -0.0476 0.9329 0.3569
vn 0.0072 0.9356 0.3529
vn -0.0000 0.9352 0.3541
vn -0.0005 0.9373 0.3485
vn -0.0068 0.9372 0.3486
vn 0.1065 0.9372 0.3322
vn 0.6911 0.6779 0.2505
vn 0.0001 0.9380 0.3467
vn -0.0000 0.9373 0.3486
vn -0.0000 -0.0097 1.0000
vn -0.0041 -0.0097 0.9999
vn -0.0041 -0.0041 1.0000
vn 0.0082 0.0081 -0.9999
vn 0.0082 0.0194 -0.9998
vn -0.0000 0.0194 -0.9998
vn -0.0000 -0.0294 0.9996
vn -0.0124 -0.0123 0.9998
vn 0.0166 0.0163 -0.9997
vn 0.0166 0.0390 -0.9991
vn -0.0000 0.0390 -0.9992
vn -0.0000 -0.0484 0.9988
vn -0.0206 -0.0484 0.9986
vn -0.0206 -0.0202 0.9996
vn 0.0248 0.0244 -0.9994
vn 0.0248 0.0583 -0.9980
vn -0.0000 0.0583 -0.9983
vn -0.0183 -0.0430 0.9989
vn -0.0289 -0.0284 0.9992
vn -0.0000 -0.0680 0.9977
vn 0.0209 0.0491 -0.9986
vn -0.0000 0.0776 -0.9970
vn 0.0330 0.0324 -0.9989
vn 0.5603 -0.8283 -0.0000
vn -0.0235 -0.0554 0.9982
vn -0.0373 -0.0366 0.9986
vn -0.0000 -0.0875 0.9962
vn 0.0260 0.0613 -0.9978
vn -0.0000 0.0968 -0.9953
vn 0.0412 0.0405 -0.9983
vn -0.0286 -0.0673 0.9973
vn -0.0453 -0.0445 0.9980
vn -0.0000 -0.1063 0.9943
vn 0.0313 0.0736 -0.9968
vn -0.0000 0.1161 -0.9932
vn 0.0495 0.0486 -0.9976
vn -0.0235 -0.0552 0.9982
vn -0.0371 -0.0364 0.9986
vn -0.0000 -0.0872 0.9962
vn 0.8832 -0.4690 -0.0000
vn 0.4795 -0.8775 -0.0000
vn 0.4804 -0.8770 -0.0000
vn 0.8842 -0.4672 -0.0000
vn 0.0221 -0.9998 -0.0000
vn 0.0232 -0.9997 0.0004
vn -0.0000 -0.8869 -0.4620
vn -0.0000 -0.6373 -0.7706
vn -0.0000 -0.6586 -0.7525
vn -0.0000 -0.3995 -0.9167
vn -0.0000 -0.3993 -0.9168
vn -0.3779 -0.9259 -0.0000
vn -0.4945 -0.8692 -0.0000
vn -0.0000 -0.8856 -0.4644
vn -0.0000 -0.6578 -0.7532
vn -0.0000 -0.6034 -0.7974
vn -0.0000 -0.2577 -0.9662
vn 0.8285 0.5584 0.0414
vn 0.9262 0.3766 0.0169
vn 0.1184 -0.9924 0.0342
vn 0.7719 0.5959 0.2214
vn 0.7712 0.5966 0.2220
vn 0.7712 0.5967 0.2220
vn -0.0000 -0.8869 0.4620
vn -0.0000 -0.8856 0.4644
vn -0.0000 -0.6589 0.7523
vn -0.0000 -0.6376 0.7703
vn -0.0000 -0.3996 0.9167
vn -0.0000 -0.4001 0.9165
vn -0.0000 -0.0354 0.9994
vn -0.0000 -0.0357 0.9994
vn -0.0000 0.3212 0.9470
vn -0.0000 0.6068 0.7949
vn -0.0000 0.6331 0.7741
vn 0.9961 0.0881 -0.0000
vn 0.8660 0.5000 -0.0000
vn 0.5000 0.8660 -0.0000
vn 0.0635 0.9980 -0.0000
vn 0.0636 0.9980 -0.0000
vn 0.0001 0.7072 0.7070
vn -0.0000 0.8527 0.5224
vn -0.0000 0.8859 0.4639
vn -0.0009 0.7074 0.7068
vn -0.3674 0.9300 -0.0000
vn -0.4927 0.8702 -0.0000
vn -0.0001 0.6153 0.7883
vn -0.7465 0.6654 -0.0000
vn 0.0251 0.9997 -0.0010
vn 0.0490 0.9988 -0.0002
vn 0.0251 0.9997 0.0011
vn 0.9066 0.4219 -0.0001
vn 0.8837 -0.4681 -0.0000
vn 0.4204 -0.9074 -0.0000
vn 0.2807 -0.9598 -0.0000
vn 0.0517 -0.9987 -0.0000
vn 0.0220 -0.9998 -0.0000
vn -0.4287 -0.9035 -0.0000
vn -0.4956 -0.8685 -0.0000
vn 0.0002 -0.6580 0.7530
vn -0.0000 -0.6041 0.7969
vn -0.0000 -0.2607 0.9654
vn 0.7862 0.5965 0.1612
vn 0.8078 0.5723 0.1414
vn 0.8063 0.5713 0.1535
vn 0.7899 0.5897 0.1681
vn 1.0000 0.0022 0.0004
vn 1.0000 0.0031 0.0008
vn 1.0000 0.0033 0.0002
vn 0.9604 -0.0000 -0.2787
vn 0.8729 -0.1503 0.4642
vn 0.8753 -0.1783 0.4494
vn 0.8139 -0.2316 0.5328
vn 0.8234 -0.1924 0.5338
vn -0.0000 -0.1190 -0.9929
vn -0.0000 -0.1191 -0.9929
vn 0.6714 -0.7411 -0.0000
vn -0.0000 0.8658 0.5003
vn -0.0000 1.0000 0.0065
vn -0.0000 0.4996 0.8662
vn -0.0000 0.0820 0.9966
vn -0.0000 -0.0808 0.9967
vn -0.0000 -0.4999 0.8661
vn -0.0000 -0.8661 0.4999
vn 0.0001 -1.0000 0.0065
vn -0.0000 -1.0000 0.0065
vn -0.0000 -1.0000 -0.0065
vn -0.0001 -1.0000 -0.0065
vn -0.0000 -0.8661 -0.4999
vn -0.0000 -0.4999 -0.8661
vn -0.0000 -0.0808 -0.9967
vn -0.0000 -0.5003 0.8658
vn -0.0000 -0.8662 0.4997
vn -0.0000 0.4996 -0.8662
vn -0.0000 0.0820 -0.9966
vn -0.0000 0.8658 -0.5003
vn -0.0000 0.5001 0.8660
vn -0.0000 0.8660 0.5001
vn -0.0000 1.0000 -0.0065
vn 0.0200 0.9998 -0.0000
vn -0.0000 0.9999 -0.0148
vn 0.0003 0.9997 -0.0241
vn -0.0000 0.1838 -0.9830
vn -0.0000 0.1837 -0.9830
vn -0.0000 0.5002 -0.8659
vn -0.0000 0.0824 -0.9966
vn -0.0000 0.0004 -1.0000
vn -0.0000 -0.1816 -0.9834
vn -0.0001 -0.1817 -0.9834
vn -0.0000 -0.0812 -0.9967
vn -0.0000 -0.5001 -0.8660
vn -0.0000 -0.9997 -0.0232
vn -0.0000 -0.9997 -0.0241
vn -0.0000 0.8859 -0.4639
vn 0.0005 0.7738 -0.6334
vn 0.0043 0.9660 -0.2586
vn -0.0000 0.7071 -0.7071
vn -0.0000 0.6153 -0.7883
vn -0.0000 0.8625 -0.5060
vn -0.0000 0.6068 -0.7949
vn -0.0000 0.2594 -0.9658
vn -0.7444 0.6677 0.0010
vn 0.7711 0.5967 0.2220
vn -0.6503 0.7586 0.0408
vn -0.4925 0.8703 0.0007
vn -0.3674 0.9301 -0.0000
vn 0.0001 0.9373 0.3486
vn -0.0000 0.9318 0.3629
vn -0.0008 0.9372 0.3487
vn -0.0012 0.9372 0.3487
vn 0.7739 0.5856 0.2410
vn 0.7717 0.5923 0.2317
vn 0.7808 0.4784 0.4018
vn -0.0000 0.7657 0.6432
vn 0.0001 0.9372 0.3487
vn -0.0000 0.5668 0.8239
vn 0.0011 0.5560 0.8312
vn 0.7895 0.3361 0.5135
vn 0.7904 0.1769 0.5866
vn 0.7852 0.2360 0.5725
vn 0.0026 0.4245 0.9054
vn 0.0146 0.4159 0.9093
vn -0.0000 0.4263 0.9046
vn -0.0353 -0.9994 -0.0000
vn -0.4352 -0.9003 -0.0000
vn -0.7596 -0.6504 -0.0000
vn -0.0003 0.2010 0.9796
vn -0.0000 0.2013 0.9795
vn -0.0152 0.1877 0.9821
vn -0.0000 0.2018 0.9794
vn -0.0000 0.1782 0.9840
vn -0.0000 0.1521 0.9884
vn -0.0000 0.2014 0.9795
vn -0.0003 0.2012 0.9795
vn 0.0147 0.1935 0.9810
vn -0.0005 0.2028 0.9792
vn -0.0001 0.2013 0.9795
vn -0.0000 0.1888 0.9820
vn -0.0000 0.1724 0.9850
vn -1.0000 -0.0011 -0.0000
vn -1.0000 -0.0022 -0.0000
vn -0.9239 0.3826 -0.0000
vn -0.6716 0.7409 -0.0000
vn -0.6708 0.7416 -0.0000
vn 0.7882 0.1519 0.5964
vn 0.7884 0.1533 0.5957
vn 0.7879 0.1533 0.5964
vn 0.7879 0.1531 0.5965
vn 0.7907 0.1437 0.5950
vn 0.7888 0.1445 0.5974
vn -0.3816 0.9243 -0.0000
vn -0.0254 0.9997 -0.0000
vn 0.0004 0.2344 0.9721
vn 0.0003 0.2344 0.9721
vn 0.0007 0.2345 0.9721
vn -0.0000 0.2343 0.9722
vn -0.0000 -0.1192 -0.9929
vn -0.0001 -0.1192 -0.9929
vn 0.8130 0.5823 -0.0000
vn 0.8479 -0.5301 -0.0000
vn -0.0000 -0.9751 0.2220
vn -1.0000 -0.0002 -0.0000
vn -1.0000 -0.0003 -0.0000
vn -0.0000 -0.2232 0.9748
vn 0.7888 0.1535 0.5952
vn -0.9998 -0.0210 -0.0000
vn 0.7891 0.1533 0.5948
vn -0.9425 -0.3342 -0.0000
vn -0.9425 -0.3343 -0.0000
vn 0.7887 0.1595 0.5937
vn 0.4991 0.8666 -0.0000
vn 0.8654 0.5011 -0.0000
vn -0.0000 0.3208 -0.9471
vn -0.0000 0.5510 -0.8345
vn -0.0000 -0.0359 -0.9994
vn -0.0000 -0.0357 -0.9994
vn 1.0000 0.0011 -0.0000
vn 1.0000 -0.0063 -0.0007
vn 0.0043 0.9660 0.2586
vn -0.0000 0.7738 0.6334
vn 1.0000 0.0039 -0.0000
vn 0.7071 0.7072 -0.0000
vn -0.0000 0.6067 0.7949
vn -0.0000 0.2594 0.9658
vn -0.0000 1.0000 -0.0020
vn -0.0000 -0.9997 0.0232
vn -0.0003 -0.9997 0.0242
vn -0.0000 -0.1814 0.9834
vn -0.0000 -0.1815 0.9834
vn -0.0000 0.0004 1.0000
vn -0.0000 0.1835 0.9830
vn 0.0001 0.1833 0.9830
vn -0.0000 0.9997 0.0232
vn -0.0000 0.9999 0.0148
vn -0.0000 1.0000 -0.0003
vn 1.0000 0.0009 -0.0003
vn 1.0000 0.0001 -0.0004
vn 0.7245 -0.4677 0.5064
vn -0.1732 0.1956 0.9653
vn 0.8293 0.4987 0.2521
vn 0.7712 0.5966 0.2219
vn 0.0125 -0.0122 0.9998
vn 0.0125 -0.0293 0.9995
vn 0.0037 0.9690 0.2469
vn 0.0057 0.9377 0.3475
vn 0.0044 0.9373 0.3485
vn 0.0476 0.9329 0.3569
vn -0.0072 0.9356 0.3529
vn 0.0068 0.9372 0.3486
vn -0.1065 0.9372 0.3322
vn -0.6911 0.6779 0.2505
vn 0.0002 0.9380 0.3467
vn 0.0041 -0.0041 1.0000
vn 0.0041 -0.0097 0.9999
vn -0.0082 0.0194 -0.9998
vn -0.0082 0.0081 -0.9999
vn -0.0166 0.0390 -0.9991
vn -0.0166 0.0163 -0.9997
vn 0.0206 -0.0202 0.9996
vn 0.0206 -0.0484 0.9986
vn -0.0248 0.0583 -0.9980
vn -0.0248 0.0244 -0.9994
vn 0.0183 -0.0430 0.9989
vn 0.0289 -0.0284 0.9992
vn -0.0211 0.0488 -0.9986
vn -0.0209 0.0491 -0.9986
vn -0.0330 0.0324 -0.9989
vn 0.0235 -0.0554 0.9982
vn 0.0373 -0.0366 0.9986
vn -0.0260 0.0613 -0.9978
vn -0.0412 0.0405 -0.9983
vn 0.0286 -0.0673 0.9973
vn 0.0453 -0.0445 0.9980
vn -0.0313 0.0736 -0.9968
vn -0.0495 0.0486 -0.9976
vn 0.0235 -0.0552 0.9982
vn 0.0371 -0.0364 0.9986
vn 0.0234 -0.0552 0.9982
vn -0.8832 -0.4690 -0.0000
vn -0.8842 -0.4672 -0.0000
vn -0.4804 -0.8770 -0.0000
vn -0.4795 -0.8775 -0.0000
vn -0.0232 -0.9997 0.0003
vn -0.0220 -0.9998 -0.0000
vn -0.0000 -0.4000 -0.9165
vn 0.4945 -0.8692 -0.0000
vn 0.3779 -0.9259 -0.0000
vn -0.0000 -0.6028 -0.7979
vn -0.0001 -0.6578 -0.7532
vn -0.0000 -0.2576 -0.9662
vn -0.8285 0.5584 0.0414
vn -0.7718 0.5961 0.2213
vn -0.1184 -0.9924 0.0341
vn -0.9262 0.3766 0.0169
vn -0.7712 0.5966 0.2220
vn -0.7712 0.5967 0.2220
vn -0.0000 -0.6376 0.7704
vn -0.0000 -0.3998 0.9166
vn -0.0000 0.3211 0.9470
vn -0.9961 0.0881 -0.0000
vn -0.8660 0.5000 -0.0000
vn -0.5000 0.8660 -0.0000
vn -0.0635 0.9980 -0.0000
vn -0.0001 0.7072 0.7070
vn 0.0009 0.7074 0.7068
vn 0.4927 0.8702 -0.0000
vn 0.3674 0.9301 -0.0000
vn 0.0001 0.6153 0.7883
vn 0.7465 0.6654 -0.0000
vn -0.0251 0.9997 0.0011
vn -0.0483 0.9988 0.0010
vn -0.0251 0.9997 -0.0010
vn -0.7070 0.7072 -0.0000
vn -0.0636 0.9980 -0.0000
vn -0.9066 0.4219 -0.0000
vn -0.8837 -0.4681 -0.0000
vn -0.4204 -0.9074 -0.0000
vn -0.2807 -0.9598 -0.0000
vn -0.0517 -0.9987 -0.0000
vn -0.0221 -0.9998 -0.0000
vn 0.4956 -0.8686 -0.0000
vn 0.4287 -0.9035 -0.0000
vn -0.0000 -0.6580 0.7530
vn -0.7862 0.5965 0.1612
vn -0.7899 0.5897 0.1681
vn -0.8063 0.5713 0.1535
vn -0.8078 0.5723 0.1414
vn -1.0000 0.0022 0.0004
vn -1.0000 0.0030 0.0002
vn -1.0000 0.0031 0.0008
vn -0.9604 -0.0000 -0.2787
vn -0.8139 -0.2315 0.5329
vn -0.8753 -0.1783 0.4494
vn -0.8728 -0.1503 0.4643
vn -0.8235 -0.1924 0.5337
vn -0.6714 -0.7411 -0.0000
vn -0.0001 1.0000 0.0065
vn 0.0001 -1.0000 -0.0065
vn -0.0000 -0.8662 0.4996
vn -0.0000 0.4997 -0.8662
vn -0.0200 0.9998 -0.0000
vn -0.0000 0.9997 -0.0241
vn -0.0002 0.1837 -0.9830
vn -0.0000 -0.1817 -0.9834
vn -0.0000 -0.5005 -0.8657
vn -0.0002 -0.9997 -0.0241
vn -0.0042 0.9660 -0.2586
vn -0.0000 0.7738 -0.6334
vn 0.7462 0.6657 0.0001
vn 0.6503 0.7586 0.0408
vn 0.4925 0.8703 0.0002
vn 0.3674 0.9300 -0.0000
vn -0.0001 0.9373 0.3486
vn 0.0008 0.9372 0.3487
vn 0.0012 0.9372 0.3487
vn -0.7739 0.5856 0.2410
vn -0.7717 0.5923 0.2316
vn -0.7808 0.4784 0.4018
vn -0.0001 0.9372 0.3487
vn -0.0011 0.5560 0.8312
vn -0.7904 0.1769 0.5866
vn -0.7895 0.3361 0.5135
vn -0.7852 0.2360 0.5726
vn -0.0027 0.4245 0.9054
vn -0.0146 0.4159 0.9093
vn 0.0353 -0.9994 -0.0000
vn 0.4352 -0.9003 -0.0000
vn 0.7596 -0.6504 -0.0000
vn -0.0000 0.2012 0.9795
vn 0.0152 0.1877 0.9821
vn 0.0002 0.2012 0.9795
vn -0.0147 0.1935 0.9810
vn -0.0001 0.2014 0.9795
vn 0.0001 0.2013 0.9795
vn 0.0003 0.2012 0.9795
vn 1.0000 -0.0011 -0.0000
vn 0.9239 0.3826 -0.0000
vn 1.0000 -0.0022 -0.0000
vn 0.6708 0.7416 -0.0000
vn 0.6716 0.7409 -0.0000
vn -0.7879 0.1533 0.5964
vn -0.7884 0.1533 0.5957
vn -0.7884 0.1511 0.5963
vn -0.7879 0.1530 0.5965
vn -0.7908 0.1436 0.5950
vn -0.7888 0.1443 0.5974
vn 0.3816 0.9243 -0.0000
vn 0.0254 0.9997 0.0001
vn 0.0254 0.9997 -0.0000
vn -0.0004 0.2344 0.9721
vn -0.0007 0.2345 0.9721
vn 0.0001 -0.1192 -0.9929
vn -0.8130 0.5823 -0.0000
vn -0.8479 -0.5301 -0.0000
vn 1.0000 -0.0002 -0.0000
vn 1.0000 0.0003 -0.0000
vn -0.7888 0.1535 0.5952
vn 0.9998 -0.0210 -0.0000
vn -0.7891 0.1533 0.5948
vn 0.9425 -0.3342 -0.0000
vn 0.9425 -0.3343 -0.0000
vn -0.7887 0.1595 0.5937
vn -0.4991 0.8666 -0.0000
vn -0.8654 0.5011 -0.0000
vn -0.0000 0.3209 -0.9471
vn -0.0000 -0.0360 -0.9994
vn -1.0000 0.0011 -0.0000
vn -1.0000 -0.0063 -0.0007
vn -0.0005 0.7738 0.6334
vn -0.0040 0.9660 0.2586
vn -1.0000 0.0039 -0.0000
vn -0.7071 0.7072 -0.0000
vn -0.0000 -0.9997 0.0242
vn -0.0000 0.1833 0.9830
vn 0.0002 0.9999 0.0148
vn -1.0000 0.0009 -0.0003
vn -1.0000 0.0001 -0.0004
vn -0.7245 -0.4677 0.5064
vn 0.1732 0.1956 0.9653
vn -0.8293 0.4987 0.2521
vn -0.7712 0.5966 0.2219
vn -0.7506 0.6607 -0.0000
vn 0.5762 0.8173 -0.0000
vn 0.0002 -1.0000 -0.0000
vn 0.0003 -1.0000 -0.0000
vn 0.0004 -1.0000 -0.0000
vn -0.7506 -0.6607 -0.0000
vn 0.5762 -0.8173 -0.0000
vn -0.0000 1.0000 0.0001
vn 0.0001 1.0000 0.0001
vn 0.0003 1.0000 -0.0000
vn -0.0002 1.0000 0.0001
vn 0.0004 1.0000 -0.0000
vn 0.0002 1.0000 -0.0000
vn 0.0001 -1.0000 -0.0000
vn 0.0002 1.0000 -0.0001
vn 0.7506 0.6607 -0.0000
vn -0.5762 0.8173 -0.0000
vn -0.0003 -1.0000 -0.0000
vn -0.0004 -1.0000 -0.0000
vn 0.7506 -0.6607 -0.0000
vn -0.5762 -0.8173 -0.0000
vn -0.0001 1.0000 0.0001
vn -0.0003 1.0000 -0.0000
vn 0.0002 1.0000 0.0001
vn -0.0004 1.0000 -0.0000
vn -0.0002 1.0000 -0.0000
vn -0.0001 -1.0000 -0.0000
vn -0.0002 1.0000 -0.0001
vn 0.0916 0.0612 -0.9939
vn 0.0612 0.0916 -0.9939
vn 0.1082 0.0215 -0.9939
vn 0.1082 -0.0215 -0.9939
vn 0.0916 -0.0612 -0.9939
vn 0.0612 -0.0916 -0.9939
vn 0.0215 -0.1081 -0.9939
vn -0.0215 -0.1081 -0.9939
vn -0.0612 -0.0916 -0.9939
vn -0.0916 -0.0612 -0.9939
vn -0.1081 -0.0215 -0.9939
vn -0.1081 0.0215 -0.9939
vn -0.0916 0.0612 -0.9939
vn -0.0612 0.0916 -0.9939
vn -0.0215 0.1081 -0.9939
vn 0.0215 0.1081 -0.9939
vn 0.4311 -0.6452 -0.6307
vn 0.1514 -0.7613 -0.6305
vn 0.4311 -0.6453 -0.6307
vn -0.6452 -0.4311 -0.6307
vn -0.7613 -0.1514 -0.6305
vn -0.6453 -0.4311 -0.6307
vn -0.1514 0.7613 -0.6305
vn -0.4311 0.6453 -0.6307
vn -0.4311 0.6452 -0.6307
vn 0.7613 -0.1514 -0.6305
vn 0.7613 0.1514 -0.6305
vn -0.1514 -0.7613 -0.6305
vn -0.7613 0.1514 -0.6305
vn -0.7612 0.1514 -0.6305
vn 0.1514 0.7613 -0.6305
vn 0.4311 0.6452 -0.6307
vn 0.4312 0.6449 -0.6310
vn 0.6452 -0.4311 -0.6307
vn 0.6453 -0.4311 -0.6307
vn -0.4311 -0.6452 -0.6307
vn -0.4311 -0.6453 -0.6307
vn -0.6452 0.4312 -0.6307
vn -0.6453 0.4311 -0.6307
vn 0.6452 0.4311 -0.6307
vn 0.6453 0.4311 -0.6307
vn 0.2950 0.1971 0.9349
vn 0.3481 0.0692 0.9349
vn 0.9808 0.1951 -0.0000
vn 0.8315 0.5555 -0.0000
vn -0.1971 0.2950 0.9349
vn -0.2950 0.1971 0.9349
vn -0.8315 0.5555 -0.0000
vn -0.5555 0.8315 -0.0000
vn -0.2950 -0.1971 0.9349
vn -0.1971 -0.2950 0.9349
vn -0.8315 -0.5555 -0.0000
vn -0.5555 -0.8315 -0.0000
vn 0.1971 -0.2950 0.9349
vn 0.2950 -0.1971 0.9349
vn 0.5555 -0.8315 -0.0000
vn 0.8315 -0.5555 -0.0000
vn 0.1971 0.2950 0.9349
vn 0.5555 0.8315 -0.0000
vn -0.3481 0.0692 0.9349
vn -0.9808 0.1951 -0.0000
vn -0.0692 -0.3481 0.9349
vn -0.1951 -0.9808 -0.0000
vn 0.3481 -0.0692 0.9349
vn 0.9808 -0.1951 -0.0000
vn 0.0692 0.3481 0.9349
vn 0.0693 0.3481 0.9349
vn -0.0692 0.3481 0.9349
vn 0.1951 0.9808 -0.0000
vn -0.1951 0.9808 -0.0000
vn -0.3481 -0.0692 0.9349
vn -0.9808 -0.1951 -0.0000
vn 0.0693 -0.3481 0.9349
vn 0.0692 -0.3481 0.9349
vn 0.1951 -0.9808 -0.0000
vn 0.8315 0.5556 -0.0000
vn -0.8315 -0.5556 -0.0000
vn 0.8315 -0.5556 -0.0000
vn -0.8315 0.5556 -0.0000
vn 0.5556 -0.8315 -0.0000
vn -0.5556 0.8315 -0.0000
vn 0.5556 0.8315 -0.0000
vn -0.5556 -0.8315 -0.0000
vn -0.0000 -1.0000 0.0001
vn -0.0000 -0.5001 0.8660
vn -0.0000 0.8661 0.4999
vn -0.0000 0.8660 -0.5000
vn -0.0000 0.5000 -0.8660
vn -0.7348 -0.6783 -0.0000
vn -0.0002 0.8181 0.5751
vn -0.0000 0.8188 0.5741
vn -0.0167 0.7949 0.6065
vn -0.0348 0.7866 0.6164
vn -0.0159 0.7827 0.6222
vn -0.0002 0.7377 0.6751
vn -0.0013 0.7382 0.6746
vn 0.9575 0.2881 0.0138
vn 0.9567 0.2907 0.0136
vn 0.9616 0.2744 0.0094
vn 0.9637 0.2669 0.0097
vn 0.0017 0.8927 -0.4506
vn -0.0009 0.8721 -0.4893
vn 0.0009 0.8722 -0.4892
vn 0.0080 0.8907 -0.4546
vn 0.0146 0.8976 -0.4406
vn 0.0053 0.8605 -0.5093
vn -0.0000 0.8411 -0.5409
vn -0.1343 0.9903 0.0366
vn -0.4133 0.9096 0.0437
vn -0.4736 0.8802 0.0310
vn -0.1458 0.9886 0.0365
vn -0.7826 0.6205 0.0507
vn -0.8166 0.5772 0.0049
vn -0.0000 0.9993 0.0368
vn 0.0129 0.7967 0.6042
vn 0.0002 0.8181 0.5751
vn 0.4707 0.8818 0.0308
vn 0.4107 0.9107 0.0435
vn 0.1343 0.9903 0.0366
vn 0.1458 0.9886 0.0365
vn -0.0042 0.8917 -0.4525
vn -0.0061 0.8634 -0.5045
vn -0.0062 0.8982 -0.4395
vn 0.8123 0.5832 0.0037
vn 0.7783 0.6259 0.0502
vn 0.0023 0.8914 -0.4532
vn -0.0009 0.8722 -0.4892
vn 0.0008 0.8721 -0.4894
vn -0.9565 0.2915 0.0150
vn -0.9567 0.2907 0.0151
vn -0.9583 0.2855 0.0105
vn -0.9600 0.2796 0.0178
vn -0.9584 0.2848 0.0187
vn 0.9898 0.1361 0.0430
vn 0.9944 0.1044 -0.0172
vn -0.0000 0.8211 0.5708
vn 0.0043 0.7283 0.6853
vn -0.0000 0.7376 0.6752
vn -0.0000 0.8160 0.5781
vn 0.0183 0.7816 0.6235
vn -0.0000 0.9217 0.3880
vn -0.0000 0.9217 0.3878
vn -0.0000 0.9786 -0.2056
vn -0.0000 0.9992 -0.0406
vn -0.9844 0.1761 0.0009
vn -0.9845 0.1755 0.0003
vn -0.9837 0.1796 0.0014
vn -0.9840 0.1782 -0.0000
vn -0.0000 0.9959 0.0902
vn 0.0132 0.7961 0.6051
vn 0.7348 -0.6783 -0.0000
vn -0.9893 0.1392 0.0434
vn -0.9939 0.1088 -0.0183
vn 0.9843 0.1765 0.0003
vn 0.9822 0.1881 0.0008
vn 0.9814 0.1922 -0.0000
vn 0.9842 0.1771 0.0019
vn 0.9824 0.1867 0.0022
vn -0.5003 -0.0000 -0.8659
vn 0.5003 -0.0000 -0.8659
vn -0.0000 0.6464 -0.7630
vn -0.0000 0.4661 -0.8847
vn -0.4425 0.4665 -0.7659
vn -0.3818 0.6462 -0.6608
vn 0.3818 0.6462 -0.6608
vn 0.4424 0.4666 -0.7659
vn -0.8658 -0.0000 -0.5003
vn -0.7659 0.4665 -0.4425
vn -0.6608 0.6462 -0.3819
vn -0.7630 0.6464 -0.0000
vn -0.8847 0.4661 -0.0000
vn -0.8619 0.0966 -0.4979
vn -0.4979 0.0966 -0.8618
vn -0.9953 0.0966 -0.0000
vn -0.0000 0.0966 -0.9953
vn -0.0000 1.0000 0.0002
vn 0.4979 0.0966 -0.8618
vn 0.8618 0.0966 -0.4979
vn 0.6608 0.6462 -0.3819
vn 0.7659 0.4665 -0.4425
vn 0.9953 0.0966 -0.0000
vn 0.7630 0.6464 -0.0000
vn 0.8847 0.4661 -0.0000
vn 0.8658 -0.0000 -0.5003
vn 0.8659 -0.0000 0.5003
vn 0.6608 0.6462 0.3819
vn 0.7659 0.4666 0.4423
vn 0.5003 -0.0000 0.8659
vn 0.3819 0.6462 0.6608
vn 0.4425 0.4665 0.7659
vn -0.0000 0.6464 0.7630
vn -0.0000 0.4661 0.8847
vn -0.5003 -0.0000 0.8659
vn -0.3819 0.6462 0.6608
vn -0.4423 0.4666 0.7659
vn -0.8659 -0.0000 0.5003
vn -0.6608 0.6462 0.3819
vn -0.7659 0.4665 0.4425
vn -0.8619 0.0966 0.4979
vn -0.4978 0.0966 0.8619
vn 0.4978 0.0966 0.8619
vn -0.0000 0.0966 0.9953
vn 0.8618 0.0966 0.4979
vn 0.6471 -0.7624 -0.0000
vn -0.7070 0.7073 -0.0000
vn -0.7069 -0.7073 -0.0000
vn -0.3826 -0.9239 -0.0000
vn 0.3826 -0.9239 -0.0000
vn 0.7069 -0.7073 -0.0000
vn 0.7072 0.7070 -0.0000
vn -0.6471 -0.7624 -0.0000
vn -0.7072 0.7070 -0.0000
vn 0.8174 0.5761 -0.0000
vn 0.8188 0.5740 -0.0000
vn 0.8173 0.5762 -0.0000
vn 0.8189 0.5739 -0.0000
vn 0.6711 -0.0000 -0.7413
vn 0.7316 -0.0000 -0.6817
vn 0.7290 -0.0000 -0.6846
vn 0.6780 -0.7351 -0.0000
vn 0.6816 -0.7318 -0.0000
vn 0.6822 -0.7312 -0.0000
vn 0.6847 -0.7288 -0.0000
vn -0.4902 -0.0029 0.8716
vn -0.4915 -0.0031 0.8709
vn -0.4934 -0.0022 0.8698
vn -0.4903 0.0011 0.8716
vn -0.4903 0.0012 0.8716
vn -0.4935 -0.0021 0.8698
vn -0.4873 -0.0000 0.8732
vn -0.6822 -0.7312 -0.0000
vn -0.6847 -0.7288 -0.0000
vn -0.6789 -0.7342 0.0055
vn -0.6784 -0.7347 0.0028
vn 0.4913 -0.0022 0.8710
vn 0.4873 -0.0000 0.8732
vn 0.4909 -0.0026 0.8712
vn -0.6780 -0.7351 -0.0000
vn 0.4907 -0.0032 0.8713
vn 0.4915 -0.0031 0.8709
vn -0.8174 0.5761 -0.0000
vn -0.8177 0.5756 0.0009
vn -0.8182 0.5749 0.0018
vn -0.8450 -0.0000 0.5347
vn -0.0507 -0.0000 -0.9987
vn -0.1210 -0.0000 -0.9927
vn -0.0525 -0.0000 -0.9986
vn 0.0328 -0.9993 0.0169
vn -0.0000 -0.9991 0.0420
vn -0.0000 -0.7999 -0.6002
vn -0.6744 0.6744 -0.3008
vn -0.9803 -0.0000 -0.1975
vn -0.6744 -0.6744 -0.3008
vn -0.0000 -0.9615 -0.2747
vn 0.6744 -0.6744 -0.3008
vn 0.9803 -0.0000 -0.1975
vn 0.6744 0.6744 -0.3008
vn -0.0000 0.0022 -1.0000
vn -0.0000 0.0063 -1.0000
vn -0.0000 0.0025 -1.0000
vn -1.0000 0.0020 -0.0038
vn -1.0000 0.0012 -0.0022
vn -0.9998 -0.0180 -0.0000
vn -0.9996 0.0288 0.0048
vn -0.7491 0.6625 -0.0000
vn -0.7490 0.6625 -0.0000
vn -0.0000 0.7094 -0.7048
vn 0.7490 0.6625 -0.0000
vn 1.0000 -0.0020 0.0037
vn 0.9996 -0.0284 -0.0047
vn 0.9994 -0.0000 -0.0334
vn 0.9999 -0.0097 0.0046
vn -0.0000 -0.0046 1.0000
vn -0.0000 -0.0044 1.0000
vn -0.0000 -0.0064 1.0000
vn -0.9994 -0.0000 0.0339
vn 0.9998 0.0178 -0.0000
vn -0.8200 0.5724 0.0001
vn -0.8190 0.5738 0.0001
vn 0.8200 0.5724 -0.0000
vn -0.5363 -0.0000 -0.8440
vn -0.0000 0.9615 -0.2747
vn -0.0000 0.7999 -0.6002
vn 0.7622 -0.0000 -0.6474
vn 0.0549 -0.9985 -0.0000
vn -0.0000 0.8660 0.5000
vn -0.0000 0.5000 0.8660
vn -0.0000 0.0001 -1.0000
vn -0.0000 0.0001 1.0000
vn -0.0000 0.8661 -0.4999
vn -0.6783 -0.3068 -0.6677
vn -0.7284 -0.5058 -0.4623
vn -0.0000 -0.7381 -0.6746
vn -0.0000 -0.4175 -0.9087
vn -0.0000 -0.3723 -0.9281
vn -0.7337 -0.6313 -0.2514
vn -0.7337 -0.6314 -0.2512
vn -0.0000 -0.9292 -0.3696
vn -0.0000 -0.9294 -0.3691
vn -1.0000 -0.0039 0.0067
vn -0.9999 -0.0132 0.0079
vn -1.0000 0.0025 0.0055
vn -1.0000 0.0007 0.0062
vn -1.0000 -0.0088 0.0030
vn -0.5918 -0.0913 -0.8009
vn -0.5931 -0.0942 -0.7996
vn -1.0000 -0.0022 0.0073
vn -1.0000 0.0019 0.0063
vn -0.5947 -0.0539 -0.8022
vn -0.5910 -0.0628 -0.8043
vn -0.0000 -0.2444 -0.9697
vn 0.0003 -0.9056 0.4241
vn 0.0006 -0.9057 0.4239
vn 0.0324 -0.8194 -0.5723
vn 0.0319 -0.8254 -0.5636
vn 0.0543 -0.8247 -0.5630
vn 0.0438 -0.8191 -0.5720
vn 0.0280 -0.1540 -0.9877
vn 0.0558 -0.1683 -0.9842
vn -0.0000 -0.1394 -0.9902
vn 0.0146 -0.6910 0.7227
vn 0.0002 0.1335 0.9911
vn 0.0005 0.1334 0.9911
vn -0.0000 0.1335 0.9910
vn 0.0004 0.1332 0.9911
vn 0.0002 0.1331 0.9911
vn 0.9010 0.0579 0.4299
vn 0.8730 -0.4843 0.0581
vn 0.8498 -0.5227 0.0680
vn -0.0002 0.1330 0.9911
vn -0.0000 0.1328 0.9911
vn -0.0004 0.1332 0.9911
vn -0.0000 0.1331 0.9911
vn -0.0000 0.1334 0.9911
vn -1.0000 -0.0002 -0.0005
vn -1.0000 0.0004 -0.0017
vn -1.0000 -0.0019 0.0009
vn -1.0000 -0.0001 -0.0021
vn -0.0000 -0.8416 -0.5401
vn -0.0000 -0.1123 0.9937
vn -1.0000 -0.0001 -0.0028
vn -0.0000 -0.9992 -0.0409
vn 0.0001 -0.9992 -0.0409
vn -1.0000 -0.0006 -0.0028
vn -1.0000 -0.0003 -0.0024
vn -0.0000 0.4388 -0.8986
vn -0.0000 0.5721 -0.8202
vn -0.0000 0.8032 -0.5957
vn -0.0001 0.8032 -0.5957
vn -0.0000 0.9970 -0.0773
vn -0.0001 0.9970 -0.0773
vn -1.0000 -0.0002 -0.0014
vn -0.0000 -0.9928 -0.1197
vn -0.0000 -0.9928 -0.1196
vn -0.0000 -0.9921 -0.1251
vn -0.9322 -0.0088 0.3619
vn -0.9375 0.0211 0.3475
vn -0.9322 -0.0089 0.3619
vn -0.0000 -0.9911 -0.1328
vn -1.0000 0.0003 -0.0014
vn -1.0000 0.0004 -0.0011
vn -1.0000 0.0004 -0.0012
vn -0.9247 -0.0437 0.3782
vn -0.0000 0.9934 0.1150
vn -0.0000 0.9916 0.1297
vn 1.0000 -0.0000 -0.0001
vn 1.0000 0.0006 -0.0010
vn 1.0000 0.0004 -0.0011
vn 1.0000 0.0004 -0.0012
vn 1.0000 0.0003 -0.0014
vn -0.0000 0.7873 0.6166
vn -0.0000 0.0275 0.9996
vn 1.0000 -0.0001 0.0001
vn -0.0000 -0.5145 0.8575
vn 1.0000 -0.0003 0.0004
vn -1.0000 -0.0000 -0.0002
vn -1.0000 0.0001 -0.0002
vn -1.0000 -0.0002 0.0003
vn -1.0000 -0.0003 0.0004
vn -1.0000 -0.0000 0.0006
vn -0.7012 -0.7129 -0.0000
vn -0.6996 -0.7146 0.0001
vn -0.6995 -0.7146 0.0001
vn -0.7007 -0.7135 0.0001
vn -0.7006 -0.7136 0.0001
vn -0.6999 -0.7142 0.0001
vn -0.7025 -0.7117 -0.0095
vn -0.7026 -0.7115 -0.0102
vn -0.0000 -0.9999 -0.0102
vn -0.0000 -0.9999 -0.0135
vn 0.7003 -0.7139 0.0005
vn 0.7026 -0.7115 -0.0102
vn 0.7025 -0.7117 -0.0095
vn 0.7000 -0.7141 -0.0000
vn 0.7337 -0.6314 -0.2512
vn 0.7337 -0.6313 -0.2512
vn 0.9999 -0.0096 0.0034
vn 0.7284 -0.5058 -0.4623
vn 1.0000 0.0025 0.0055
vn 1.0000 -0.0046 0.0062
vn 0.6783 -0.3068 -0.6677
vn 1.0000 -0.0037 0.0067
vn 1.0000 0.0006 0.0062
vn 0.5918 -0.0913 -0.8009
vn 0.5931 -0.0942 -0.7996
vn 1.0000 -0.0022 0.0073
vn 1.0000 0.0016 0.0063
vn 0.5910 -0.0628 -0.8043
vn 0.5947 -0.0539 -0.8022
vn 0.7955 -0.0797 0.6007
vn 0.7825 -0.1973 0.5905
vn 0.7806 -0.1811 0.5982
vn 0.7781 -0.0555 0.6257
vn 0.7793 -0.3374 0.5281
vn 0.7787 -0.3276 0.5350
vn 0.9999 0.0090 0.0061
vn 1.0000 -0.0012 0.0076
vn 0.8024 -0.0626 0.5934
vn 0.8119 -0.0791 0.5784
vn 0.8140 -0.0785 0.5755
vn 0.8269 0.5578 -0.0710
vn 0.8063 0.5861 -0.0802
vn 0.8502 0.5230 -0.0598
vn 1.0000 -0.0002 0.0073
vn 0.0338 -0.9892 0.1426
vn 0.0397 -0.9915 0.1242
vn 0.0397 -0.9914 0.1244
vn 0.0112 -0.9901 0.1400
vn -0.0174 -0.9899 0.1410
vn -0.0293 -0.9931 0.1136
vn -0.8985 -0.4365 0.0460
vn -0.6580 -0.6790 -0.3256
vn -0.6862 -0.6443 -0.3377
vn -0.7199 -0.5981 -0.3522
vn -0.8140 0.0701 -0.5767
vn -0.8082 -0.0390 -0.5876
vn -0.8184 0.1325 -0.5592
vn -0.8730 -0.4843 0.0581
vn -0.8985 -0.4366 0.0460
vn -0.8395 -0.0675 -0.5392
vn -0.8327 0.0044 -0.5537
vn -0.8498 -0.5227 0.0680
vn -0.0003 0.1335 0.9911
vn -0.9010 0.0579 0.4299
vn -0.0003 -0.9056 0.4241
vn -0.0325 -0.8194 -0.5723
vn -0.0439 -0.8190 -0.5721
vn -0.0543 -0.8247 -0.5630
vn -0.0319 -0.8254 -0.5636
vn -0.0280 -0.1540 -0.9877
vn -0.0558 -0.1683 -0.9842
vn 0.0365 -0.9912 0.1269
vn 0.0384 -0.9910 0.1280
vn 0.8623 -0.0854 -0.4991
vn 0.8675 -0.0839 -0.4903
vn 0.8778 -0.0500 -0.4765
vn 0.8618 -0.0530 -0.5045
vn -0.0179 -0.9907 0.1347
vn -0.0000 -0.9909 0.1347
vn -0.6467 -0.6052 0.4642
vn -0.6467 -0.6048 0.4647
vn -0.6447 -0.5852 0.4919
vn -0.0140 -0.6908 0.7229
vn -0.0146 -0.6910 0.7227
vn -0.0153 -0.6913 0.7224
vn -0.0154 -0.6907 0.7230
vn -0.0000 0.4220 -0.9066
vn 1.0000 -0.0002 -0.0006
vn 1.0000 -0.0001 -0.0015
vn 1.0000 -0.0008 -0.0018
vn 1.0000 -0.0001 -0.0028
vn -0.6482 -0.6272 0.4319
vn -0.8675 -0.0289 -0.4966
vn -0.8329 0.0047 -0.5535
vn -0.0000 -0.1334 -0.9911
vn -0.0000 -0.1335 -0.9911
vn 0.8359 -0.0552 -0.5461
vn 0.8675 -0.0289 -0.4966
vn 0.8335 -0.0533 -0.5499
vn 0.8082 -0.0390 -0.5876
vn 0.8140 0.0701 -0.5767
vn -0.0000 -0.1335 -0.9910
vn -0.0000 -0.8774 -0.4797
vn 0.6862 -0.6443 -0.3377
vn 0.7199 -0.5981 -0.3522
vn 0.8184 0.1325 -0.5592
vn 0.6580 -0.6790 -0.3256
vn 0.8985 -0.4365 0.0460
vn 0.8985 -0.4366 0.0460
vn 0.0174 -0.9899 0.1410
vn -0.0111 -0.9901 0.1400
vn -0.0338 -0.9892 0.1426
vn -0.0398 -0.9914 0.1244
vn -0.0397 -0.9915 0.1242
vn -0.0384 -0.9910 0.1280
vn -0.0365 -0.9912 0.1269
vn -0.8623 -0.0854 -0.4991
vn -0.8618 -0.0530 -0.5045
vn -0.8778 -0.0500 -0.4765
vn -0.8675 -0.0839 -0.4903
vn -1.0000 -0.0002 0.0073
vn -0.8269 0.5578 -0.0710
vn -0.8063 0.5861 -0.0802
vn -0.8502 0.5230 -0.0598
vn -0.8140 -0.0785 0.5755
vn -0.8119 -0.0791 0.5784
vn -0.8024 -0.0626 0.5934
vn -0.7955 -0.0797 0.6007
vn -0.7781 -0.0555 0.6257
vn -0.0000 -0.0090 1.0000
vn -0.0000 -0.0884 0.9961
vn 0.0293 -0.9931 0.1136
vn -0.0000 -0.2892 0.9573
vn -0.7802 -0.1810 0.5988
vn -0.7825 -0.1973 0.5905
vn -0.0000 -0.5213 0.8534
vn -0.7787 -0.3276 0.5350
vn -0.7793 -0.3374 0.5281
vn -0.0000 -0.7158 0.6983
vn -0.7913 -0.4448 0.4196
vn -0.7846 -0.4241 0.4523
vn -0.0000 -0.8735 0.4868
vn -0.0000 -0.8736 0.4866
vn -0.7936 -0.4919 0.3581
vn -0.8060 -0.5173 0.2876
vn -0.0000 -0.9919 0.1271
vn -0.8045 -0.5363 0.2552
vn -0.8341 -0.5472 0.0701
vn -0.8341 -0.5472 0.0695
vn -0.8361 -0.5485 -0.0000
vn -0.9964 -0.0849 0.0007
vn -0.9992 -0.0405 0.0029
vn -0.9985 -0.0535 0.0068
vn -0.9964 -0.0851 -0.0000
vn -0.9996 -0.0261 0.0122
vn -0.9997 -0.0210 0.0150
vn -1.0000 0.0025 -0.0026
vn -0.8570 0.0166 0.5151
vn -0.8583 0.0141 0.5130
vn -0.8621 0.0021 0.5068
vn -0.8622 0.0001 0.5066
vn -0.8391 0.0494 0.5417
vn 0.0128 0.9999 -0.0000
vn -0.8755 -0.1866 0.4458
vn -0.6971 -0.7170 -0.0000
vn -0.2691 0.0145 -0.9630
vn -0.2200 -0.0000 -0.9755
vn -0.2600 0.0174 -0.9655
vn -0.2984 0.0059 -0.9544
vn -0.2634 -0.1117 -0.9582
vn -0.0000 -0.7881 0.6156
vn -0.0790 -0.5673 -0.8197
vn -0.0000 -0.4432 -0.8964
vn -0.1095 -0.4835 -0.8684
vn -0.1849 -0.4611 -0.8679
vn -0.2444 -0.1571 -0.9569
vn -0.0000 0.1192 0.9929
vn -0.0000 0.1449 0.9895
vn 0.9964 -0.0850 -0.0000
vn 0.9987 -0.0500 0.0063
vn 0.9990 -0.0454 0.0027
vn 0.6781 -0.7349 -0.0000
vn 0.9997 -0.0196 0.0139
vn 0.9996 -0.0241 0.0115
vn 0.7913 -0.4448 0.4196
vn 0.7846 -0.4241 0.4523
vn 0.7936 -0.4919 0.3580
vn 0.8060 -0.5173 0.2877
vn 0.8045 -0.5363 0.2552
vn 0.8341 -0.5472 0.0695
vn 0.8341 -0.5472 0.0701
vn 1.0000 0.0072 0.0006
vn 1.0000 -0.0013 0.0042
vn 1.0000 0.0025 -0.0045
vn 1.0000 0.0014 0.0038
vn 1.0000 -0.0016 0.0039
vn 1.0000 -0.0041 -0.0000
vn 0.6850 -0.7285 -0.0000
vn 0.1095 -0.4835 -0.8684
vn -0.0000 -0.4431 -0.8964
vn 0.0790 -0.5673 -0.8197
vn 0.2324 -0.1408 -0.9624
vn 0.1847 -0.4611 -0.8679
vn 0.2748 -0.0926 -0.9570
vn 0.2663 0.0035 -0.9639
vn 0.3147 0.0079 -0.9492
vn 0.2605 0.0172 -0.9653
vn 0.8755 -0.1866 0.4458
vn 0.6973 -0.7168 -0.0000
vn 0.6999 -0.7142 0.0001
vn 0.6971 -0.7170 -0.0000
vn 0.2200 -0.0000 -0.9755
vn 0.7009 -0.7132 0.0001
vn 0.8361 -0.5485 -0.0000
vn -0.0000 0.1040 0.9946
vn -0.9999 0.0090 0.0061
vn -1.0000 -0.0012 0.0076
vn 0.0179 -0.9907 0.1347
vn 0.6467 -0.6049 0.4647
vn 0.6467 -0.6050 0.4645
vn 0.6447 -0.5852 0.4919
vn 0.6482 -0.6272 0.4319
vn -0.0000 0.9426 -0.3340
vn -0.0000 -0.9999 -0.0119
vn -0.0000 -0.8821 -0.4710
vn 0.9322 -0.0088 0.3619
vn 0.9247 -0.0437 0.3782
vn 0.9375 0.0211 0.3475
vn 1.0000 -0.0002 -0.0014
vn 1.0000 -0.0003 -0.0024
vn 1.0000 -0.0008 -0.0029
vn -0.0000 -0.9443 0.3292
vn 0.4282 -0.4410 0.7888
vn 0.7320 -0.3325 0.5947
vn 0.7320 -0.3325 0.5946
vn 0.3090 0.2527 0.9169
vn 0.3148 0.2709 0.9097
vn 0.6599 0.2382 0.7126
vn 0.6311 0.2379 0.7383
vn 0.3825 -0.4509 0.8065
vn -0.0000 -0.4880 0.8728
vn -0.0000 0.2871 0.9579
vn 0.7318 -0.3317 0.5953
vn 0.9385 -0.1684 0.3013
vn 0.9271 -0.1829 0.3271
vn 0.9260 -0.1838 0.3298
vn 0.9273 -0.1818 0.3272
vn 0.7325 -0.3306 0.5951
vn 0.9985 -0.0263 0.0471
vn 0.9983 -0.0273 0.0505
vn 0.9986 -0.0267 0.0461
vn 0.9983 0.0282 -0.0510
vn 0.9983 0.0341 -0.0472
vn 0.9985 0.0307 -0.0462
vn 0.9990 -0.0220 0.0379
vn 0.9989 0.0256 -0.0385
vn 0.8623 0.2391 0.4463
vn 0.8788 0.2432 0.4105
vn 0.9529 0.2530 0.1675
vn 0.9604 0.2298 0.1576
vn 0.9613 0.2502 0.1150
vn 0.9672 0.2298 0.1079
vn 0.8659 0.4737 -0.1605
vn 0.8813 0.4518 -0.1388
vn 0.9900 0.1028 0.0964
vn 0.9912 0.1309 0.0188
vn 0.9842 0.1713 0.0442
vn 0.9796 0.1574 0.1250
vn 0.8999 0.3659 -0.2372
vn 0.8894 0.4079 -0.2063
vn 0.9385 -0.1183 0.3243
vn 0.9964 0.0475 0.0699
vn 0.9357 -0.0206 0.3522
vn 0.9960 0.0895 -0.0049
vn 0.9222 0.0752 0.3792
vn 0.7269 -0.3073 0.6141
vn 0.7322 -0.1644 0.6609
vn 0.7182 -0.0186 0.6956
vn 0.4267 -0.4230 0.7994
vn 0.4318 -0.2502 0.8666
vn 0.4153 -0.0674 0.9072
vn -0.0000 -0.4582 0.8888
vn -0.0000 -0.2538 0.9672
vn -0.0000 -0.0359 0.9994
vn -0.0000 -0.6989 0.7152
vn 0.3802 -0.6406 0.6672
vn 0.3917 -0.6372 0.6637
vn -0.0000 -0.9140 -0.4057
vn -0.0966 -0.9120 -0.3987
vn 0.6784 -0.5041 0.5345
vn 0.6908 -0.4961 0.5260
vn -0.1766 -0.9152 -0.3623
vn -0.1764 -0.9152 -0.3622
vn -0.2599 -0.9199 -0.2935
vn 0.9209 -0.2622 0.2884
vn 0.9254 -0.2550 0.2805
vn 0.9989 -0.0303 0.0350
vn 0.9990 -0.0299 0.0345
vn -0.2088 -0.8596 -0.4663
vn -0.2094 -0.8601 -0.4652
vn 0.9989 0.0303 -0.0370
vn 0.9989 0.0299 -0.0365
vn -0.1662 -0.8172 -0.5518
vn -0.1664 -0.8171 -0.5520
vn -0.9891 -0.1030 -0.1052
vn -0.9877 -0.1494 -0.0455
vn -0.9384 0.0328 -0.3440
vn -0.2258 -0.8343 -0.5030
vn -0.3059 -0.8347 -0.4580
vn -0.0000 -0.8826 -0.4702
vn -0.2329 -0.9108 -0.3408
vn -0.7322 0.2074 -0.6488
vn -0.7321 0.2074 -0.6488
vn -0.0000 -0.9069 -0.4213
vn -0.1540 -0.9117 -0.3810
vn -0.4314 0.3201 -0.8435
vn -0.0000 -0.8979 -0.4402
vn -0.1080 -0.9008 -0.4206
vn -0.0000 -0.8883 -0.4593
vn -0.0000 -0.8881 -0.4596
vn -0.0000 0.3613 -0.9324
vn -0.0000 -0.8779 -0.4789
vn -0.1269 -0.8487 -0.5134
vn -0.0000 -0.8758 -0.4826
vn -0.0864 -0.8631 -0.4976
vn -0.0000 -0.8815 -0.4722
vn -0.0569 -0.8733 -0.4839
vn -0.0000 -0.8883 -0.4592
vn -0.0000 -0.8819 -0.4715
vn -0.4041 -0.7134 0.5725
vn -0.4041 -0.7135 0.5723
vn -0.0000 -0.7745 0.6326
vn -0.0462 -0.8614 -0.5059
vn -0.0463 -0.8614 -0.5059
vn -0.0000 -0.8640 -0.5035
vn 0.4157 0.5598 -0.7168
vn -0.0000 0.6137 -0.7896
vn 0.4190 0.5589 -0.7156
vn 0.4072 0.6555 -0.6360
vn -0.0000 0.7195 -0.6945
vn -0.0000 0.7672 -0.6414
vn 0.3984 0.7010 -0.5915
vn -0.0000 0.8099 -0.5866
vn 0.3870 0.7433 -0.5456
vn 0.3713 0.7941 -0.4811
vn -0.0000 0.8615 -0.5078
vn -0.0000 0.8615 -0.5077
vn 0.3474 0.8019 -0.4861
vn -0.0000 0.5533 -0.8330
vn 0.3747 0.5130 -0.7723
vn 0.3743 0.5131 -0.7724
vn 0.6347 0.6771 -0.3723
vn 0.6582 0.6619 -0.3586
vn 0.6975 0.3965 -0.5969
vn 0.6980 0.3962 -0.5964
vn -0.0000 0.5925 -0.8056
vn 0.3635 0.5515 -0.7508
vn 0.6861 0.4296 -0.5871
vn 0.9158 0.2363 -0.3249
vn 0.9200 0.2168 -0.3266
vn 0.9203 0.2165 -0.3260
vn 0.7118 0.3434 -0.6127
vn 0.9259 0.1839 -0.3301
vn 0.7536 0.0952 -0.6504
vn 0.9405 0.0498 -0.3362
vn 0.9988 0.0072 -0.0477
vn 0.7541 -0.1151 -0.6466
vn 0.9409 -0.0554 -0.3342
vn 0.9991 -0.0063 -0.0415
vn 0.9991 -0.0129 0.0409
vn 0.9986 -0.0254 0.0471
vn 0.9294 -0.1757 -0.3244
vn 0.9990 -0.0199 -0.0392
vn 0.9992 -0.0000 0.0390
vn 0.9284 -0.1804 0.3248
vn 0.9394 -0.1058 0.3261
vn 0.9447 -0.0000 0.3279
vn 0.7325 -0.3305 0.5951
vn 0.7247 -0.2433 0.6447
vn 0.7761 -0.0000 0.6306
vn 0.9994 -0.0000 0.0353
vn 0.4545 -0.0000 0.8907
vn 0.3759 -0.3361 0.8636
vn 0.3830 -0.4485 0.8076
vn -0.0000 -0.4856 0.8742
vn -0.0000 -0.3086 0.9512
vn 0.4254 -0.0005 0.9050
vn 0.7567 -0.0000 0.6538
vn 0.4254 -0.0000 0.9050
vn 0.9998 -0.0000 0.0205
vn 0.9998 -0.0000 0.0208
vn 0.9995 -0.0000 0.0300
vn 0.9986 -0.0386 -0.0352
vn 0.9967 -0.0754 -0.0302
vn 0.9989 -0.0424 -0.0214
vn 0.8880 -0.3475 -0.3013
vn 0.7507 -0.6126 -0.2474
vn 0.6696 -0.7056 -0.2317
vn 0.9998 -0.0048 -0.0206
vn 0.9427 -0.0725 -0.3256
vn 0.9421 -0.0729 -0.3272
vn 0.7610 -0.1353 -0.6345
vn 0.7591 -0.1357 -0.6366
vn 0.4377 -0.1822 -0.8805
vn 0.4357 -0.1824 -0.8814
vn -0.0000 -0.2011 -0.9796
vn -0.0000 -0.2014 -0.9795
vn -0.0000 -0.9256 -0.3784
vn -0.0000 -0.9473 -0.3203
vn 0.1570 -0.9358 -0.3158
vn 0.1932 -0.9084 -0.3708
vn -0.0000 -0.7792 -0.6268
vn 0.3039 -0.7397 -0.6004
vn -0.0000 -0.5118 -0.8591
vn 0.3902 -0.4674 -0.7933
vn -0.0000 -0.1858 -0.9826
vn 0.4292 -0.1653 -0.8880
vn -0.0000 0.1434 -0.9897
vn 0.4292 0.1299 -0.8938
vn 0.3869 0.4521 -0.8037
vn -0.0000 0.4908 -0.8713
vn 0.7178 -0.3448 -0.6049
vn 0.6158 -0.6055 -0.5042
vn 0.4279 -0.8373 -0.3403
vn 0.3549 -0.8868 -0.2960
vn 0.3829 -0.4486 0.8076
vn -0.0000 -0.4864 0.8737
vn 0.3827 -0.4496 0.8071
vn -0.0000 -0.4876 0.8730
vn 0.6677 0.5800 -0.4666
vn 0.6568 0.6215 -0.4270
vn 0.9082 0.3230 -0.2663
vn 0.6775 0.5355 -0.5041
vn 0.9161 0.2513 -0.3123
vn 0.9175 0.2493 -0.3098
vn 0.6888 0.4498 -0.5686
vn 0.6915 0.4482 -0.5665
vn -0.1358 -0.8328 -0.5366
vn -0.0844 -0.8531 -0.5149
vn -0.9007 -0.3808 0.2091
vn -0.9008 -0.3807 0.2090
vn -0.6719 -0.5937 0.4428
vn -0.0000 0.3115 0.9502
vn -0.4282 -0.4410 0.7888
vn -0.7320 -0.3325 0.5946
vn -0.7320 -0.3325 0.5947
vn -0.3090 0.2527 0.9169
vn -0.6311 0.2379 0.7383
vn -0.6599 0.2382 0.7126
vn -0.3148 0.2709 0.9097
vn -0.3825 -0.4509 0.8065
vn -0.7318 -0.3317 0.5953
vn -0.9271 -0.1830 0.3272
vn -0.9385 -0.1684 0.3013
vn -0.9259 -0.1838 0.3300
vn -0.7325 -0.3306 0.5951
vn -0.9273 -0.1818 0.3273
vn -0.9983 -0.0273 0.0505
vn -0.9985 -0.0263 0.0471
vn -0.9986 -0.0267 0.0461
vn -0.9983 0.0282 -0.0510
vn -0.9983 0.0341 -0.0472
vn -0.9985 0.0307 -0.0463
vn -0.9990 -0.0220 0.0379
vn -0.9989 0.0256 -0.0385
vn -0.8623 0.2392 0.4463
vn -0.9604 0.2298 0.1576
vn -0.9529 0.2530 0.1675
vn -0.8788 0.2432 0.4105
vn -0.9613 0.2502 0.1150
vn -0.9672 0.2298 0.1079
vn -0.8812 0.4518 -0.1388
vn -0.8659 0.4737 -0.1605
vn -0.9900 0.1028 0.0964
vn -0.9796 0.1574 0.1250
vn -0.9842 0.1713 0.0442
vn -0.9912 0.1309 0.0188
vn -0.8894 0.4078 -0.2063
vn -0.8998 0.3661 -0.2373
vn -0.9385 -0.1183 0.3243
vn -0.9357 -0.0206 0.3522
vn -0.9964 0.0476 0.0699
vn -0.9960 0.0895 -0.0049
vn -0.9222 0.0752 0.3792
vn -0.7270 -0.3073 0.6141
vn -0.7322 -0.1644 0.6609
vn -0.7182 -0.0186 0.6956
vn -0.4267 -0.4230 0.7994
vn -0.4318 -0.2502 0.8666
vn -0.4153 -0.0674 0.9072
vn -0.3919 -0.6372 0.6636
vn -0.3802 -0.6406 0.6672
vn 0.0967 -0.9120 -0.3987
vn 0.0966 -0.9120 -0.3987
vn -0.6908 -0.4961 0.5260
vn -0.6784 -0.5041 0.5345
vn 0.1764 -0.9152 -0.3622
vn 0.1767 -0.9152 -0.3621
vn 0.2599 -0.9199 -0.2935
vn -0.9254 -0.2550 0.2805
vn -0.9209 -0.2622 0.2884
vn -0.9990 -0.0299 0.0345
vn -0.9989 -0.0303 0.0350
vn 0.2093 -0.8601 -0.4653
vn 0.2088 -0.8596 -0.4663
vn -0.9989 0.0299 -0.0366
vn -0.9989 0.0303 -0.0370
vn 0.1662 -0.8173 -0.5517
vn 0.1662 -0.8172 -0.5518
vn 0.9891 -0.1030 -0.1052
vn 0.9877 -0.1494 -0.0455
vn 0.9384 0.0328 -0.3440
vn 0.2258 -0.8343 -0.5030
vn 0.3062 -0.8346 -0.4579
vn 0.2329 -0.9108 -0.3408
vn 0.7322 0.2074 -0.6488
vn 0.7321 0.2074 -0.6488
vn 0.1539 -0.9117 -0.3810
vn 0.4314 0.3201 -0.8435
vn 0.1081 -0.9008 -0.4206
vn 0.1269 -0.8487 -0.5134
vn 0.0864 -0.8631 -0.4976
vn 0.0569 -0.8733 -0.4839
vn 0.4041 -0.7134 0.5725
vn 0.0461 -0.8614 -0.5059
vn 0.0469 -0.8613 -0.5059
vn -0.4157 0.5598 -0.7168
vn -0.4190 0.5589 -0.7156
vn -0.4072 0.6555 -0.6360
vn -0.3984 0.7010 -0.5915
vn -0.3870 0.7433 -0.5456
vn -0.3713 0.7941 -0.4811
vn -0.3474 0.8019 -0.4861
vn -0.3743 0.5131 -0.7724
vn -0.3742 0.5131 -0.7725
vn -0.6347 0.6771 -0.3723
vn -0.6582 0.6619 -0.3586
vn -0.6979 0.3963 -0.5966
vn -0.6978 0.3963 -0.5967
vn -0.3635 0.5515 -0.7508
vn -0.6861 0.4296 -0.5871
vn -0.9205 0.2162 -0.3256
vn -0.9158 0.2363 -0.3247
vn -0.9203 0.2164 -0.3259
vn -0.7118 0.3434 -0.6127
vn -0.9259 0.1839 -0.3301
vn -0.7536 0.0952 -0.6504
vn -0.9405 0.0498 -0.3362
vn -0.9988 0.0072 -0.0477
vn -0.9409 -0.0554 -0.3342
vn -0.7541 -0.1151 -0.6466
vn -0.9991 -0.0063 -0.0415
vn -0.9986 -0.0254 0.0471
vn -0.9991 -0.0129 0.0409
vn -0.9990 -0.0200 -0.0392
vn -0.9294 -0.1757 -0.3244
vn -0.9992 -0.0001 0.0390
vn -0.9284 -0.1804 0.3248
vn -0.9394 -0.1058 0.3261
vn -0.9447 -0.0000 0.3279
vn -0.7325 -0.3305 0.5951
vn -0.7247 -0.2433 0.6447
vn -0.7761 -0.0000 0.6306
vn -0.9994 -0.0000 0.0353
vn -0.4545 -0.0000 0.8907
vn -0.3760 -0.3361 0.8635
vn -0.3830 -0.4485 0.8076
vn -0.4254 -0.0000 0.9050
vn -0.7567 -0.0000 0.6538
vn -0.9998 -0.0000 0.0205
vn -0.9998 -0.0000 0.0208
vn -0.9995 -0.0000 0.0300
vn -0.9986 -0.0386 -0.0352
vn -0.9967 -0.0753 -0.0302
vn -0.9976 -0.0658 -0.0212
vn -0.8880 -0.3475 -0.3013
vn -0.7507 -0.6126 -0.2474
vn -0.6696 -0.7056 -0.2318
vn -0.9998 -0.0049 -0.0209
vn -0.9998 -0.0048 -0.0206
vn -0.9427 -0.0725 -0.3256
vn -0.9421 -0.0729 -0.3272
vn -0.7610 -0.1353 -0.6345
vn -0.7591 -0.1357 -0.6366
vn -0.4377 -0.1822 -0.8805
vn -0.4357 -0.1824 -0.8814
vn -0.1932 -0.9084 -0.3708
vn -0.1570 -0.9358 -0.3158
vn -0.3039 -0.7397 -0.6004
vn -0.3902 -0.4674 -0.7933
vn -0.4292 -0.1653 -0.8880
vn -0.4292 0.1299 -0.8938
vn -0.3869 0.4521 -0.8037
vn -0.7178 -0.3448 -0.6049
vn -0.6158 -0.6055 -0.5042
vn -0.4279 -0.8373 -0.3403
vn -0.3549 -0.8868 -0.2960
vn -0.3829 -0.4486 0.8076
vn -0.3827 -0.4496 0.8071
vn -0.6568 0.6215 -0.4270
vn -0.6679 0.5798 -0.4667
vn -0.9081 0.3230 -0.2663
vn -0.6775 0.5355 -0.5041
vn -0.9175 0.2493 -0.3098
vn -0.9161 0.2513 -0.3124
vn -0.6915 0.4482 -0.5665
vn -0.6885 0.4500 -0.5688
vn 0.1358 -0.8328 -0.5366
vn 0.0842 -0.8531 -0.5148
vn 0.0844 -0.8531 -0.5149
vn 0.9007 -0.3808 0.2091
vn 0.6719 -0.5937 0.4428
vn 0.9008 -0.3807 0.2090
vn -0.8660 -0.0000 -0.5001
vn -0.5001 -0.0000 -0.8660
vn -0.8660 -0.0000 0.5001
vn -0.5001 -0.0000 0.8660
vn 0.5001 -0.0000 0.8660
vn 0.8660 -0.0000 0.5001
vn 0.8660 -0.0000 -0.5001
vn 0.5001 -0.0000 -0.8660
vn 0.3475 -0.7192 -0.6017
vn 0.6017 -0.7192 -0.3475
vn 0.6018 -0.7192 -0.3473
vn 0.3473 -0.7192 -0.6018
vn -0.0000 -0.7192 -0.6948
vn 0.6948 -0.7192 -0.0000
vn 0.6017 -0.7192 0.3475
vn 0.6018 -0.7192 0.3473
vn 0.3475 -0.7192 0.6017
vn 0.3473 -0.7192 0.6018
vn -0.6017 -0.7192 -0.3475
vn -0.3475 -0.7192 -0.6017
vn -0.3473 -0.7192 -0.6018
vn -0.6018 -0.7192 -0.3473
vn -0.6948 -0.7192 -0.0000
vn -0.0000 -0.7192 0.6948
vn -0.3475 -0.7192 0.6017
vn -0.3473 -0.7192 0.6018
vn -0.6018 -0.7192 0.3473
vn -0.6017 -0.7192 0.3475
vn -0.3828 -0.0000 -0.9238
vn 0.3827 -0.0000 -0.9239
vn -0.7071 -0.0000 -0.7071
vn -0.9238 -0.0000 -0.3828
vn -0.9239 -0.0000 0.3827
vn -0.7071 -0.0000 0.7071
vn -0.3826 -0.0000 0.9239
vn 0.3825 -0.0000 0.9240
vn 0.7071 -0.0000 0.7071
vn 0.9239 -0.0000 0.3825
vn 0.9239 -0.0000 -0.3826
vn 0.7072 -0.0000 -0.7071
vn 0.3091 0.9510 -0.0000
vn -0.3091 0.9510 -0.0000
vn 0.5878 0.8090 -0.0000
vn 0.8090 0.5878 -0.0000
vn 0.9510 0.3091 -0.0000
vn 0.9510 -0.3091 -0.0000
vn 0.8090 -0.5878 -0.0000
vn 0.5879 -0.8089 -0.0000
vn 0.3089 -0.9511 -0.0000
vn -0.3089 -0.9511 -0.0000
vn -0.5879 -0.8089 -0.0000
vn -0.8090 -0.5878 -0.0000
vn -0.9510 -0.3091 -0.0000
vn -0.9510 0.3092 -0.0000
vn -0.8090 0.5877 -0.0000
vn -0.5879 0.8089 -0.0000
vn -0.0000 0.9239 0.3827
vn -0.0000 0.7070 0.7072
vn -0.0000 0.3827 0.9239
vn -0.0000 -0.7070 0.7072
vn -0.0000 -0.3827 0.9239
vn -0.0000 -0.9999 -0.0114
vn -0.0000 -0.9973 -0.0740
vn -0.0000 -0.9973 -0.0739
vn -0.0000 -1.0000 -0.0039
vn -0.0000 -1.0000 -0.0038
vn 0.9799 0.1145 0.1633
vn 0.9809 0.1146 0.1574
vn 0.9819 0.1146 0.1509
vn -0.0000 -1.0000 -0.0044
vn -0.0000 -1.0000 -0.0045
vn -0.0000 0.9302 -0.3670
vn -0.0000 0.9722 -0.2342
vn -0.0000 0.9303 -0.3669
vn -0.0000 0.7475 -0.6643
vn 0.9656 0.0364 0.2573
vn 0.9781 0.0698 0.1963
vn 0.9468 -0.0000 0.3219
vn -0.0000 0.5448 -0.8386
vn -0.9799 0.1145 0.1633
vn -0.9819 0.1146 0.1509
vn -0.9809 0.1146 0.1574
vn -0.9657 0.0364 0.2573
vn -0.9781 0.0698 0.1963
vn -0.9468 -0.0000 0.3219
vn -0.0000 0.5449 -0.8385
vn -0.4999 0.8661 -0.0000
vn 0.8661 0.4999 -0.0000
vn 0.8661 -0.4999 -0.0000
vn 0.5000 -0.8660 -0.0000
vn -0.8661 -0.4999 -0.0000
vn -0.5000 -0.8660 -0.0000
vn 0.0366 -0.9993 -0.0000
vn 0.0369 0.9993 -0.0000
vn -0.0000 0.9999 0.0115
vn -0.0000 0.5002 0.8659
vn -0.0000 0.0605 0.9982
vn -0.0000 -0.0605 0.9982
vn -0.0000 -0.5002 0.8659
vn -0.0000 -0.8659 0.5002
vn -0.0000 -0.9999 0.0102
vn -0.0000 -0.9991 0.0433
vn -0.5251 -0.0000 -0.8510
vn -0.7915 0.6111 -0.0000
vn -0.8766 -0.0000 0.4812
vn -0.9728 -0.0000 0.2317
vn -0.3071 0.9488 0.0743
vn -0.3068 0.9490 0.0731
vn -0.2856 0.9559 0.0680
vn -0.2855 0.9559 0.0691
vn -0.2909 0.9565 -0.0194
vn -0.2906 0.9567 -0.0178
vn -0.2866 0.9581 -0.0000
vn -0.3597 0.8079 -0.4668
vn -0.3587 0.8135 -0.4577
vn -0.3618 0.4755 -0.8019
vn -0.3615 0.4664 -0.8073
vn -0.3228 0.0573 -0.9447
vn -0.3230 0.0588 -0.9446
vn -0.3230 -0.0588 -0.9446
vn -0.3228 -0.0572 -0.9447
vn -0.0000 0.0605 -0.9982
vn -0.0000 -0.0605 -0.9982
vn -0.0000 0.8659 -0.5002
vn -0.0000 0.9998 -0.0202
vn -0.3071 -0.9488 0.0743
vn -0.2855 -0.9559 0.0691
vn -0.2856 -0.9559 0.0680
vn -0.3068 -0.9490 0.0731
vn -0.2909 -0.9566 -0.0193
vn -0.2866 -0.9581 -0.0000
vn -0.2905 -0.9567 -0.0178
vn -0.0000 -0.9998 -0.0202
vn -0.3587 -0.8135 -0.4577
vn -0.3597 -0.8081 -0.4665
vn -0.3623 -0.4754 -0.8017
vn -0.3620 -0.4663 -0.8071
vn -0.0000 -0.5002 -0.8659
vn -0.0000 0.0299 0.9996
vn -0.0000 0.0300 0.9996
vn 0.0001 0.0299 0.9996
vn -0.0000 -0.6887 0.7251
vn -0.0000 0.0301 0.9995
vn 0.0001 0.0300 0.9996
vn 0.0003 0.0298 0.9996
vn -0.0001 0.0300 0.9996
vn -0.0002 0.0301 0.9995
vn 0.0001 0.0298 0.9996
vn 0.5088 0.8432 -0.1737
vn 0.5153 0.8394 -0.1729
vn 0.5153 0.8394 -0.1727
vn 0.5091 0.8430 -0.1735
vn -0.0000 -0.9999 0.0165
vn -0.0000 -0.1050 -0.9945
vn -0.0000 -0.1056 -0.9944
vn -0.0000 -0.1051 -0.9945
vn -0.0002 -0.1049 -0.9945
vn -0.0001 -0.1049 -0.9945
vn -0.0001 -0.1050 -0.9945
vn 0.0001 -0.1052 -0.9945
vn -0.0000 0.7816 -0.6237
vn -0.0000 0.9808 -0.1949
vn -0.0000 0.9868 -0.1617
vn -0.0000 0.6062 -0.7953
vn -0.0000 0.4383 -0.8988
vn -0.0000 -0.0137 -0.9999
vn -0.0000 -0.0828 -0.9966
vn 0.4599 0.8739 -0.1572
vn 0.4008 0.9021 -0.1601
vn 0.5136 0.8441 -0.1539
vn 0.3782 0.9116 -0.1614
vn 0.3777 0.9118 -0.1614
vn 0.3786 0.9114 -0.1613
vn 0.4578 0.8714 -0.1761
vn 0.4396 0.8804 -0.1779
vn 0.4395 0.8803 -0.1785
vn 0.4578 0.8713 -0.1767
vn 0.9808 -0.0000 -0.1952
vn -0.5742 -0.0000 -0.8187
vn -0.5759 -0.0000 -0.8175
vn 0.3322 -0.0000 0.9432
vn -0.7071 -0.0000 0.7072
vn 0.3825 -0.0000 0.9239
vn 0.0043 -0.0000 1.0000
vn -0.4828 -0.0000 -0.8757
vn -0.4740 -0.0000 -0.8805
vn 0.3113 -0.7688 0.5585
vn 0.3310 -0.8974 0.2916
vn 0.3113 -0.7688 0.5586
vn 0.3474 -0.9355 0.0643
vn 0.3477 -0.9356 0.0615
vn 0.2952 -0.5616 0.7730
vn 0.2847 -0.2965 0.9116
vn 0.2847 -0.2959 0.9118
vn 0.2811 0.0001 0.9597
vn 0.2811 -0.0000 0.9597
vn 1.0000 0.0006 0.0022
vn 0.2846 0.2958 0.9119
vn 0.2846 0.2966 0.9116
vn 1.0000 -0.0007 -0.0015
vn 0.2952 0.5615 0.7730
vn 0.2952 0.5616 0.7730
vn 1.0000 -0.0003 0.0011
vn 0.3116 0.7688 0.5584
vn 0.3116 0.7689 0.5583
vn 0.3315 0.8973 0.2916
vn 0.3315 0.8973 0.2915
vn 0.3477 0.9356 0.0616
vn 0.3474 0.9355 0.0644
vn 0.3529 0.9356 -0.0000
vn -0.9703 -0.0000 0.2420
vn 0.4054 -0.8727 0.2720
vn 0.3990 -0.8759 0.2711
vn -0.0000 -0.9813 0.1922
vn 0.9703 -0.0000 0.2420
vn 0.4952 0.8479 0.1894
vn -0.5038 -0.8638 0.0056
vn -0.9793 -0.0000 0.2023
vn -0.9994 -0.0000 0.0347
vn -0.0259 -0.9997 -0.0000
vn 0.0205 -0.9998 -0.0042
vn -0.0260 -0.9997 -0.0026
vn -0.7970 0.5795 -0.1704
vn -0.7967 0.5799 -0.1705
vn -0.0000 0.9594 -0.2821
vn 0.7970 0.5794 -0.1704
vn 0.7968 0.5797 -0.1705
vn 0.7970 0.5795 -0.1704
vn 0.7967 0.5798 -0.1706
vn 0.7911 0.6117 -0.0001
vn 0.5032 -0.8642 0.0057
vn 0.5031 -0.8642 0.0057
vn 0.5336 -0.7725 0.3444
vn 0.5326 -0.7730 0.3448
vn 0.5317 -0.7734 0.3452
vn 0.5338 -0.7722 0.3447
vn 0.5041 -0.8636 0.0056
vn -0.0000 -0.9134 0.4071
vn -0.1440 -0.9896 -0.0037
vn -0.1604 -0.9870 -0.0042
vn 0.1440 -0.9896 -0.0038
vn 0.5656 -0.8247 0.0001
vn 0.5660 -0.8244 0.0001
vn 0.5660 -0.8244 -0.0000
vn -0.0002 -0.4348 -0.9005
vn 0.0001 -0.4330 -0.9014
vn -0.0000 -0.4330 -0.9014
vn -0.3101 -0.9507 -0.0082
vn -0.7321 0.6812 0.0058
vn -0.8531 -0.5218 -0.0034
vn -0.0000 -1.0000 -0.0064
vn -0.0000 -0.2525 -0.9676
vn 0.0203 -0.3938 -0.9190
vn 0.0210 -0.3987 -0.9169
vn -0.0203 -0.3938 -0.9190
vn -0.0210 -0.3987 -0.9169
vn 0.8531 -0.5218 -0.0034
vn 0.0003 -0.4348 -0.9005
vn -0.0001 -0.4330 -0.9014
vn 0.7327 0.6806 0.0057
vn 0.7327 0.6805 0.0059
vn 0.7321 0.6812 0.0058
vn -0.5656 -0.8247 0.0001
vn -0.5337 -0.7725 0.3442
vn -0.5338 -0.7721 0.3447
vn -0.5314 -0.7736 0.3453
vn -0.5317 -0.7736 0.3448
vn 0.1604 -0.9870 -0.0042
vn 0.3101 -0.9507 -0.0082
vn -0.7911 0.6117 -0.0001
vn -0.4952 0.8479 0.1894
vn -0.4949 0.8482 0.1890
vn -0.4948 0.8481 0.1897
vn -0.0000 0.9931 0.1177
vn 0.3529 -0.9356 -0.0000
vn -0.9766 -0.0000 0.2152
vn -0.0000 0.9638 0.2666
vn 0.9766 -0.0000 0.2152
vn 0.7929 -0.5770 0.1959
vn -0.0000 -0.9724 0.2334
vn -0.7929 -0.5770 0.1959
vn 0.9979 0.0650 -0.0000
vn 0.9979 0.0648 -0.0000
vn 0.9904 0.1380 -0.0000
vn -0.9979 0.0648 -0.0000
vn -0.9904 0.1379 -0.0000
vn -0.0000 -0.9790 0.2037
vn -0.0000 -0.2466 0.9691
vn 0.0183 -0.7049 0.7091
vn -0.0000 -0.7223 0.6916
vn -0.0000 -0.7114 0.7028
vn -0.0000 -0.6993 0.7148
vn -0.0183 -0.7049 0.7091
vn -0.0000 -0.6947 0.7193
vn 0.0001 0.0999 0.9950
vn 0.0001 0.0942 0.9956
vn 0.0002 0.0942 0.9956
vn 0.0001 -0.3010 0.9536
vn 0.0001 -0.3012 0.9536
vn 0.0001 -0.6708 0.7416
vn -0.0000 -0.9187 0.3949
vn -0.0000 -0.9185 0.3955
vn -0.3779 0.3883 0.8405
vn -0.4692 0.3631 0.8050
vn -0.4934 0.3890 0.7780
vn -0.7994 0.6009 -0.0000
vn -0.2967 0.3867 0.8731
vn -0.8132 0.5820 -0.0000
vn -0.0000 0.4472 0.8944
vn 0.8132 0.5820 -0.0000
vn -0.0001 -0.3012 0.9536
vn -0.0001 -0.6708 0.7416
vn -0.0001 -0.3010 0.9536
vn -0.0000 -0.9184 0.3957
vn -0.0000 -0.9995 0.0304
vn -0.0000 -0.9995 0.0307
vn -0.0001 0.0942 0.9956
vn -0.0002 0.0942 0.9956
vn -0.0001 0.0999 0.9950
vn -0.0177 0.4471 0.8943
vn -0.0295 0.3341 0.9421
vn -0.0143 0.3606 0.9326
vn 0.7994 0.6009 -0.0000
vn -0.0386 0.2092 0.9771
vn -0.1062 0.1001 0.9893
vn 0.0386 0.2092 0.9771
vn 0.1062 0.1001 0.9893
vn 0.3779 0.3883 0.8405
vn 0.2967 0.3868 0.8731
vn 0.4692 0.3631 0.8050
vn 0.4934 0.3890 0.7780
vn 0.0295 0.3341 0.9421
vn 0.0143 0.3606 0.9326
vn 0.0177 0.4471 0.8943
vn 0.7031 -0.1594 0.6930
vn 0.7088 -0.1578 0.6875
vn 0.7077 -0.1579 0.6887
vn 0.7074 -0.1584 0.6888
vn 0.7067 -0.1588 0.6894
vn 0.7065 -0.1587 0.6897
vn 0.7154 -0.1624 0.6796
vn 0.7005 -0.1657 0.6941
vn 0.7073 -0.1586 0.6889
vn 0.7090 -0.1581 0.6873
vn -0.0000 -0.6235 0.7818
vn -0.0000 0.9526 0.3042
vn -0.0000 -0.2286 0.9735
vn -0.0000 -0.6124 0.7906
vn -0.0000 0.9527 0.3039
vn -0.0000 -0.2243 0.9745
vn -0.0000 -0.5865 0.8100
vn -0.0000 0.9527 0.3040
vn 0.7075 -0.1584 0.6887
vn 0.7081 -0.1582 0.6882
vn 0.7070 -0.1585 0.6892
vn 0.7067 -0.1588 0.6895
vn -0.0000 -0.2241 0.9746
vn -0.0000 -0.9874 0.1582
vn -0.0000 -0.1789 -0.9839
vn -0.0000 -0.1648 -0.9863
vn -0.0000 0.2326 -0.9726
vn -0.0000 0.2327 -0.9725
vn -0.0000 0.6407 -0.7678
vn -0.0000 0.9152 -0.4029
vn -0.0000 0.9999 -0.0108
vn -0.0000 0.9825 0.1862
vn -0.0000 0.9969 0.0781
vn -0.0000 -0.9742 0.2256
vn -0.0000 -0.9777 0.2098
vn 0.7070 -0.6914 0.1484
vn 0.7075 -0.6884 0.1595
vn 0.7076 -0.6882 0.1602
vn 0.7106 -0.6105 0.3498
vn 0.7106 -0.6103 0.3502
vn 0.7099 -0.5017 0.4944
vn 0.7105 -0.3588 0.6054
vn 0.7105 -0.3591 0.6051
vn 0.7078 -0.2498 0.6608
vn 0.7083 -0.2132 0.6729
vn 0.7072 -0.1585 0.6890
vn -0.0000 -0.2237 0.9747
vn -0.0000 -0.3536 0.9354
vn -0.0000 -0.5099 0.8603
vn -0.0000 -0.5098 0.8603
vn -0.0000 -0.7123 0.7019
vn -0.0000 -0.8677 0.4971
vn -0.0000 -0.2242 0.9746
vn -0.7033 -0.1593 0.6928
vn -0.7075 -0.1584 0.6888
vn -0.7075 -0.1580 0.6888
vn -0.7088 -0.1578 0.6876
vn -0.7067 -0.1588 0.6894
vn -0.7069 -0.1585 0.6893
vn -0.7005 -0.1657 0.6941
vn -0.7153 -0.1624 0.6796
vn -0.7090 -0.1581 0.6872
vn -0.7073 -0.1585 0.6889
vn -0.7081 -0.1582 0.6882
vn -0.7075 -0.1584 0.6887
vn -0.7070 -0.1585 0.6892
vn -0.7062 -0.1592 0.6899
vn 0.0006 0.9969 0.0781
vn -0.7070 -0.6914 0.1484
vn -0.7076 -0.6882 0.1602
vn -0.7075 -0.6884 0.1595
vn -0.7106 -0.6105 0.3498
vn -0.7106 -0.6103 0.3502
vn -0.7099 -0.5017 0.4944
vn -0.7105 -0.3588 0.6054
vn -0.7105 -0.3591 0.6051
vn -0.7083 -0.2143 0.6726
vn -0.7078 -0.2498 0.6608
vn -0.7072 -0.1585 0.6890
vn 0.8376 0.5444 -0.0446
vn 0.8368 0.5468 -0.0276
vn 0.8196 0.5722 -0.0292
vn 0.8192 0.5715 -0.0471
vn -0.0000 0.9984 -0.0572
vn -0.0000 0.9989 -0.0477
vn -0.0178 0.9985 -0.0521
vn -0.0062 0.9982 -0.0603
vn 0.0041 -0.1645 -0.9864
vn -0.0000 -0.1629 -0.9866
vn 0.0002 -0.1696 -0.9855
vn 0.0047 -0.1654 -0.9862
vn -0.0003 -0.0239 -0.9997
vn -0.0007 -0.0215 -0.9998
vn -0.0031 -0.0169 -0.9999
vn -0.0031 -0.0175 -0.9998
vn -0.0031 -0.0824 -0.9966
vn -0.0031 -0.1015 -0.9948
vn -0.0010 0.9417 -0.3364
vn -1.0000 0.0002 0.0019
vn -1.0000 0.0038 0.0051
vn -1.0000 0.0018 0.0034
vn -0.9999 0.0017 0.0114
vn -1.0000 0.0011 0.0052
vn -1.0000 -0.0000 0.0019
vn -0.0000 0.0904 0.9959
vn 0.0002 0.0968 0.9953
vn -0.0000 0.0185 0.9998
vn 0.0013 0.0991 0.9951
vn 0.0004 0.0984 0.9951
vn 1.0000 0.0007 0.0049
vn 1.0000 0.0008 0.0047
vn 1.0000 0.0004 0.0047
vn 1.0000 0.0010 0.0050
vn 1.0000 0.0008 0.0051
vn 1.0000 0.0004 0.0058
vn 1.0000 0.0005 0.0057
vn 1.0000 0.0006 0.0058
vn -0.0003 -0.1514 -0.9885
vn 0.0003 -0.1511 -0.9885
vn -0.0000 -0.1508 -0.9886
vn -0.0000 -0.1063 -0.9943
vn -0.0000 -0.1200 -0.9928
vn -0.7112 0.6887 -0.1409
vn -1.0000 0.0007 0.0058
vn -1.0000 0.0009 0.0056
vn -1.0000 0.0006 0.0058
vn 0.0001 0.0992 0.9951
vn 0.0002 0.0992 0.9951
vn -1.0000 0.0006 0.0059
vn -0.6569 -0.7495 -0.0822
vn -0.0000 -0.0593 -0.9982
vn -0.0000 -0.0942 -0.9955
vn -0.0000 -0.0280 -0.9996
vn -0.5613 0.8219 0.0973
vn -0.5618 0.8216 0.0971
vn 0.0011 0.0987 0.9951
vn 0.0001 0.0981 0.9952
vn -1.0000 0.0004 0.0056
vn -1.0000 0.0003 0.0055
vn -0.0000 0.0044 -1.0000
vn -0.6192 -0.7852 -0.0106
vn -0.0000 -0.9999 -0.0173
vn -0.0000 -0.6939 0.7201
vn 0.6192 -0.7852 -0.0106
vn 1.0000 -0.0000 0.0050
vn 0.0006 -0.1931 -0.9812
vn 0.0018 -0.2047 -0.9788
vn -0.0031 -0.1508 -0.9886
vn 0.0046 -0.2569 -0.9664
vn 0.0045 -0.2513 -0.9679
vn -0.0000 0.0233 0.9997
vn -0.8193 0.5717 -0.0429
vn -0.8195 0.5720 -0.0357
vn -0.8237 0.5659 -0.0354
vn -0.8236 0.5656 -0.0424
vn -0.0000 0.9979 -0.0648
vn -0.0002 -0.3851 -0.9229
vn -0.0000 -0.3851 -0.9229
vn -0.0000 -0.4102 -0.9120
vn -0.0000 0.1306 -0.9914
vn -0.0000 0.4571 -0.8894
vn -0.0000 0.8378 -0.5459
vn -0.0000 0.9965 -0.0832
vn -0.0000 0.9404 0.3400
vn -0.0000 0.7921 0.6104
vn -0.0000 0.4235 0.9059
vn -0.0000 0.4054 0.9141
vn 0.0001 0.4235 0.9059
vn -0.0000 0.9978 -0.0662
vn -0.0000 0.9384 -0.3455
vn -0.0000 0.9808 -0.1953
vn 0.9215 -0.0000 0.3884
vn 0.9062 -0.0825 0.4148
vn 0.9247 -0.0252 0.3798
vn 0.9247 0.0251 0.3798
vn 0.9062 0.0825 0.4148
vn -0.0000 0.3604 0.9328
vn -0.0000 0.0193 0.9998
vn -0.0000 0.1950 0.9808
vn -0.0000 -0.0559 0.9984
vn -0.0000 0.7072 0.7071
vn -0.0000 -0.3604 0.9328
vn -0.0000 -0.1950 0.9808
vn -0.0000 -0.9978 -0.0661
vn -0.0000 -0.9385 -0.3453
vn -0.0000 -0.9239 -0.3827
vn -0.0000 -0.9808 -0.1950
vn -0.0000 -0.7070 -0.7072
vn -0.0000 -0.3827 -0.9239
vn 0.3978 0.3712 -0.8390
vn 0.3978 0.3711 -0.8391
vn 0.3394 0.6099 -0.7161
vn 0.3395 0.6097 -0.7162
vn 0.4265 0.0924 -0.8997
vn 0.4265 0.0923 -0.8998
vn 0.4300 0.5986 -0.6759
vn 0.3727 0.7197 -0.5858
vn 0.5029 0.3497 -0.7904
vn 0.5029 0.3496 -0.7905
vn 0.0091 -0.9868 -0.1619
vn 0.1266 -0.9719 -0.1985
vn 0.0085 -0.9867 -0.1621
vn 0.0611 -0.9837 -0.1690
vn 0.1267 -0.9718 -0.1991
vn -0.0005 -0.9872 -0.1595
vn 0.0064 -0.9871 -0.1599
vn -0.0000 -0.9873 -0.1592
vn -0.0000 -0.9873 -0.1590
vn -0.0000 0.2426 -0.9701
vn 0.0086 -0.9868 -0.1616
vn -0.0002 -0.9873 -0.1591
vn 0.3253 0.7922 -0.5163
vn 0.3258 0.7916 -0.5170
vn 0.2216 0.9095 -0.3517
vn 0.1189 -0.9748 -0.1886
vn 0.4249 0.6041 -0.6742
vn 0.3549 0.7512 -0.5565
vn 0.3554 0.7505 -0.5571
vn 0.2242 0.9089 -0.3515
vn 0.4291 0.6028 -0.6727
vn 0.4291 0.6027 -0.6728
vn 0.5031 0.3496 -0.7903
vn 0.5357 0.0863 -0.8400
vn 0.5357 0.0862 -0.8400
vn 0.5335 -0.1240 -0.8366
vn 0.5327 -0.1363 -0.8352
vn 0.4857 -0.3713 -0.7914
vn 0.4872 -0.3755 -0.7885
vn 0.5312 -0.0860 -0.8429
vn 0.5317 -0.0737 -0.8437
vn 0.5126 -0.2520 -0.8208
vn 0.5135 -0.2538 -0.8197
vn 0.0001 0.4759 -0.8795
vn -0.0000 0.4758 -0.8796
vn -0.0000 0.4757 -0.8796
vn 0.0053 0.9967 -0.0810
vn 0.0001 0.9969 -0.0790
vn 0.0003 0.9969 -0.0789
vn 0.0137 0.9973 -0.0727
vn -0.0001 0.4757 -0.8796
vn -0.0000 0.4756 -0.8797
vn -0.0000 0.9969 -0.0786
vn 0.5330 0.0757 -0.8427
vn 0.5325 0.0856 -0.8421
vn 0.5157 -0.0656 -0.8542
vn 0.5176 -0.0683 -0.8529
vn 0.5007 0.3502 -0.7916
vn 0.5007 0.3502 -0.7917
vn 0.4261 0.6037 -0.6738
vn 0.3303 0.7862 -0.5223
vn 0.3307 0.8089 -0.4861
vn 0.2770 0.8909 -0.3600
vn 0.3267 0.8815 -0.3410
vn -0.0001 0.4760 -0.8795
vn -0.0003 0.4755 -0.8797
vn 0.0001 0.4757 -0.8796
vn 0.3964 0.7461 -0.5349
vn 0.4004 0.7352 -0.5469
vn 0.2961 0.8791 -0.3736
vn 0.3277 0.8810 -0.3413
vn 0.5563 0.3361 -0.7600
vn 0.5563 0.3362 -0.7599
vn 0.5876 0.1016 -0.8027
vn 0.5777 0.0296 -0.8157
vn 0.5575 -0.1580 -0.8150
vn 0.4787 0.5859 -0.6539
vn 0.4993 0.3505 -0.7923
vn 0.4993 0.3505 -0.7924
vn 0.5311 0.0865 -0.8429
vn 0.5311 0.0864 -0.8429
vn 0.5340 -0.1687 -0.8285
vn 0.5328 -0.1108 -0.8390
vn 0.5100 -0.3102 -0.8023
vn 0.0686 0.9918 -0.1077
vn 0.5348 0.0863 -0.8406
vn 0.5348 0.0861 -0.8406
vn 0.4257 -0.1109 -0.8981
vn 0.4257 -0.1104 -0.8981
vn 0.4044 -0.3300 -0.8530
vn 0.0006 0.9965 -0.0841
vn 0.0398 0.9957 -0.0840
vn 0.0002 -0.2004 0.9797
vn -0.0000 -0.2003 0.9797
vn 0.0002 -0.2003 0.9797
vn -0.0000 0.9952 0.0977
vn -0.0000 0.9952 0.0981
vn 0.0001 -0.2003 0.9797
vn -0.0000 0.2425 -0.9701
vn -0.0002 -0.9873 -0.1587
vn 0.0798 -0.9825 -0.1684
vn 0.2867 0.7430 -0.6047
vn -0.3978 0.3712 -0.8390
vn -0.3395 0.6097 -0.7162
vn -0.3395 0.6099 -0.7161
vn -0.3978 0.3711 -0.8391
vn -0.4265 0.0924 -0.8998
vn -0.4265 0.0921 -0.8998
vn -0.4300 0.5986 -0.6759
vn -0.3727 0.7197 -0.5858
vn -0.5029 0.3496 -0.7905
vn -0.5029 0.3497 -0.7904
vn -0.0091 -0.9868 -0.1619
vn -0.0085 -0.9867 -0.1621
vn -0.1266 -0.9719 -0.1985
vn -0.0611 -0.9837 -0.1690
vn -0.1267 -0.9718 -0.1991
vn 0.0005 -0.9872 -0.1595
vn -0.0064 -0.9871 -0.1599
vn -0.0086 -0.9868 -0.1616
vn 0.0002 -0.9873 -0.1591
vn -0.3253 0.7922 -0.5163
vn -0.2216 0.9095 -0.3517
vn -0.3257 0.7917 -0.5169
vn -0.1189 -0.9748 -0.1886
vn -0.4249 0.6041 -0.6742
vn -0.3549 0.7512 -0.5565
vn -0.2242 0.9089 -0.3515
vn -0.3554 0.7505 -0.5571
vn -0.4291 0.6027 -0.6728
vn -0.4291 0.6028 -0.6727
vn -0.5031 0.3496 -0.7903
vn -0.5357 0.0862 -0.8400
vn -0.5327 -0.1363 -0.8352
vn -0.5336 -0.1240 -0.8366
vn -0.4872 -0.3754 -0.7885
vn -0.4857 -0.3713 -0.7914
vn -0.5312 -0.0860 -0.8429
vn -0.5144 -0.2529 -0.8194
vn -0.5125 -0.2519 -0.8209
vn -0.5317 -0.0737 -0.8437
vn -0.0001 0.4759 -0.8795
vn -0.0053 0.9967 -0.0810
vn -0.0137 0.9973 -0.0727
vn -0.0003 0.9969 -0.0789
vn -0.0001 0.9969 -0.0790
vn -0.5330 0.0757 -0.8427
vn -0.5176 -0.0683 -0.8529
vn -0.5157 -0.0656 -0.8542
vn -0.5325 0.0856 -0.8421
vn -0.5007 0.3502 -0.7916
vn -0.5007 0.3502 -0.7917
vn -0.4261 0.6037 -0.6738
vn -0.3303 0.7863 -0.5222
vn -0.3307 0.8089 -0.4861
vn -0.3267 0.8815 -0.3410
vn -0.2770 0.8909 -0.3600
vn 0.0001 0.4760 -0.8795
vn -0.0001 0.4756 -0.8797
vn -0.3965 0.7461 -0.5349
vn -0.2960 0.8791 -0.3736
vn -0.4004 0.7352 -0.5469
vn -0.3277 0.8810 -0.3413
vn -0.5563 0.3361 -0.7600
vn -0.5777 0.0296 -0.8157
vn -0.5876 0.1016 -0.8027
vn -0.5563 0.3362 -0.7599
vn -0.5575 -0.1580 -0.8150
vn -0.4787 0.5859 -0.6539
vn -0.4993 0.3505 -0.7924
vn -0.4993 0.3505 -0.7923
vn -0.5311 0.0864 -0.8429
vn -0.5311 0.0865 -0.8429
vn -0.5340 -0.1687 -0.8285
vn -0.5328 -0.1108 -0.8390
vn -0.5100 -0.3102 -0.8023
vn -0.0686 0.9918 -0.1077
vn -0.5348 0.0865 -0.8406
vn -0.5348 0.0861 -0.8406
vn -0.4257 -0.1104 -0.8981
vn -0.4257 -0.1112 -0.8980
vn -0.4044 -0.3300 -0.8530
vn -0.0007 0.9965 -0.0839
vn -0.0398 0.9957 -0.0840
vn -0.0002 -0.2004 0.9797
vn -0.0002 -0.2003 0.9797
vn -0.0001 -0.2003 0.9797
vn 0.0002 -0.9873 -0.1587
vn -0.0798 -0.9825 -0.1684
vn -0.2867 0.7430 -0.6047
vn -0.0000 1.0000 -0.0059
vn -0.0000 1.0000 -0.0063
vn -0.0000 1.0000 0.0051
vn -0.0000 1.0000 0.0063
vn -0.0000 1.0000 0.0058
vn 0.7506 0.6608 -0.0000
vn -0.0125 -0.0123 0.9998
vn -0.0236 -0.0553 0.9982
vn -0.0236 -0.0551 0.9982
vn 0.0029 -0.0307 0.9995
vn 0.0394 -0.0864 0.9955
vn -0.7088 -0.3833 0.5922
vn -0.7931 -0.4288 0.4327
vn -0.4722 -0.7682 0.4323
vn -0.4216 -0.6867 0.5922
vn -0.5028 -0.8175 0.2810
vn -0.8441 -0.4564 0.2815
vn -0.8624 -0.4663 0.1970
vn -0.5137 -0.8350 0.1971
vn -0.9360 -0.2233 0.2721
vn -0.9549 -0.2276 0.1906
vn -0.8175 0.5028 0.2809
vn -0.8350 0.5137 0.1971
vn -0.9406 0.2804 0.1912
vn -0.9221 0.2749 0.2723
vn -0.4564 0.8441 0.2816
vn -0.4663 0.8624 0.1970
vn -0.3154 0.1916 0.9294
vn -0.5546 0.3391 0.7599
vn -0.6350 0.1893 0.7489
vn -0.3650 0.1083 0.9247
vn -0.6868 0.4215 0.5922
vn -0.7811 0.2329 0.5794
vn -0.9659 0.0270 -0.2577
vn -0.8230 0.5063 -0.2577
vn -0.8510 0.5233 0.0445
vn -0.9986 0.0277 0.0447
vn -0.8694 0.2592 0.4206
vn -0.7678 0.4724 0.4327
vn 0.0270 0.9659 -0.2577
vn 0.5063 0.8230 -0.2577
vn 0.5233 0.8510 0.0445
vn 0.0277 0.9986 0.0447
vn -0.0270 -0.9659 -0.2577
vn -0.5063 -0.8230 -0.2577
vn -0.5233 -0.8510 0.0445
vn -0.0277 -0.9986 0.0447
vn 0.9280 -0.2767 -0.2495
vn 0.8230 -0.5063 -0.2577
vn 0.8510 -0.5233 0.0445
vn 0.9575 -0.2853 0.0431
vn -0.3691 -0.0923 0.9248
vn -0.6448 -0.1574 0.7480
vn -0.5719 -0.3092 0.7598
vn -0.3251 -0.1758 0.9292
vn -0.7935 -0.1912 0.5778
vn -0.4596 0.8499 -0.2577
vn -0.4750 0.8788 0.0446
vn 0.8499 0.4596 -0.2577
vn 0.8788 0.4750 0.0446
vn -0.8499 -0.4596 -0.2577
vn -0.8788 -0.4750 0.0446
vn 0.4596 -0.8499 -0.2577
vn 0.4750 -0.8788 0.0446
vn -0.8828 -0.2113 0.4196
vn -0.1923 -0.3149 0.9294
vn -0.3390 -0.5545 0.7600
vn -0.1764 0.3248 0.9292
vn -0.3093 0.5721 0.7596
vn -0.3832 0.7088 0.5923
vn 0.9422 0.2237 -0.2494
vn 0.9719 0.2315 0.0433
vn -0.4288 0.7931 0.4327
vn 0.4289 -0.7932 0.4322
vn 0.4564 -0.8442 0.2811
vn 0.8175 -0.5028 0.2810
vn 0.7679 -0.4724 0.4326
vn 0.7089 0.3832 0.5921
vn 0.7931 0.4288 0.4327
vn 0.4722 0.7682 0.4323
vn 0.4215 0.6868 0.5922
vn 0.3833 -0.7088 0.5922
vn 0.6867 -0.4216 0.5922
vn 0.8350 -0.5137 0.1971
vn 0.9407 -0.2804 0.1907
vn 0.9221 -0.2749 0.2724
vn 0.4663 -0.8624 0.1970
vn 0.9361 0.2233 0.2718
vn 0.9549 0.2276 0.1906
vn 0.8624 0.4663 0.1970
vn 0.8441 0.4564 0.2815
vn 0.5137 0.8350 0.1971
vn 0.5028 0.8175 0.2809
vn 0.3149 -0.1925 0.9294
vn 0.5548 -0.3392 0.7597
vn 0.6354 -0.1894 0.7486
vn 0.3649 -0.1093 0.9246
vn 0.7811 -0.2329 0.5794
vn 0.8690 -0.2591 0.4216
vn 0.3692 0.0920 0.9248
vn 0.6452 0.1575 0.7476
vn 0.5723 0.3094 0.7594
vn 0.3252 0.1758 0.9292
vn 0.7935 0.1912 0.5778
vn 0.8828 0.2113 0.4196
vn 0.1918 0.3153 0.9294
vn 0.3393 0.5549 0.7596
vn 0.1752 -0.3254 0.9292
vn 0.3093 -0.5721 0.7596
vn -0.1893 -0.6351 0.7489
vn -0.1093 -0.3649 0.9246
vn -0.2329 -0.7811 0.5794
vn -0.2804 -0.9407 0.1907
vn -0.2749 -0.9221 0.2723
vn -0.2233 0.9360 0.2719
vn -0.2276 0.9549 0.1906
vn -0.2592 -0.8693 0.4209
vn -0.0928 0.3692 0.9247
vn -0.1575 0.6451 0.7477
vn -0.1912 0.7935 0.5778
vn -0.2113 0.8827 0.4197
vn -0.1098 0.1122 0.9876
vn -0.1131 -0.1096 0.9875
vn 0.2233 -0.9361 0.2719
vn 0.2276 -0.9549 0.1906
vn 0.2804 0.9407 0.1907
vn 0.2749 0.9221 0.2724
vn 0.1894 0.6353 0.7487
vn 0.1083 0.3650 0.9247
vn 0.2329 0.7811 0.5794
vn 0.2591 0.8690 0.4216
vn 0.0916 -0.3691 0.9248
vn 0.1574 -0.6449 0.7479
vn 0.1912 -0.7935 0.5778
vn 0.2113 -0.8824 0.4205
vn 0.1087 -0.1129 0.9876
vn 0.1120 0.1090 0.9877
vn 0.0257 0.9187 -0.3942
vn 0.4816 0.7828 -0.3942
vn 0.8709 0.4709 -0.1407
vn 0.9637 0.2296 -0.1360
vn -0.4709 0.8709 -0.1407
vn 0.0276 0.9897 -0.1407
vn -0.8377 0.5153 0.1806
vn -0.9436 0.2813 0.1747
vn -0.8709 -0.4709 -0.1407
vn -0.9897 0.0276 -0.1407
vn -0.4816 -0.7828 -0.3942
vn -0.8084 -0.4371 -0.3942
vn 0.7828 -0.4816 -0.3942
vn 0.4371 -0.8084 -0.3942
vn -0.7828 0.4816 -0.3942
vn -0.4371 0.8084 -0.3942
vn -0.0276 -0.9897 -0.1407
vn -0.5188 -0.8433 -0.1407
vn 0.8084 0.4371 -0.3942
vn 0.9494 -0.2830 -0.1360
vn 0.8433 -0.5188 -0.1407
vn -0.8652 -0.4678 0.1806
vn -0.5153 -0.8377 0.1806
vn 0.5188 0.8433 -0.1407
vn -0.4678 0.8652 0.1806
vn -0.8433 0.5188 -0.1407
vn -0.9187 0.0257 -0.3942
vn -0.0257 -0.9187 -0.3942
vn 0.8987 0.2141 -0.3828
vn 0.4709 -0.8709 -0.1407
vn -0.9578 -0.2282 0.1746
vn 0.8853 -0.2639 -0.3828
vn -0.2813 -0.9436 0.1747
vn -0.2282 0.9578 0.1746
vn 0.5153 0.8377 0.1806
vn 0.2813 0.9436 0.1747
vn 0.8652 0.4678 0.1806
vn 0.4678 -0.8652 0.1806
vn 0.8377 -0.5153 0.1806
vn 0.9578 0.2282 0.1746
vn 0.2282 -0.9578 0.1746
vn 0.9436 -0.2813 0.1747
vn -0.5240 -0.8517 0.0007
vn -0.8796 -0.4756 0.0007
vn -0.8517 0.5240 0.0007
vn -0.4756 0.8796 0.0007
vn -0.9996 0.0279 0.0007
vn 0.5240 0.8517 0.0007
vn 0.8796 0.4756 0.0007
vn 0.8517 -0.5240 0.0007
vn 0.4756 -0.8796 0.0007
vn 0.9728 0.2317 0.0007
vn -0.0279 -0.9996 0.0007
vn 0.0279 0.9996 0.0007
vn 0.9583 -0.2857 0.0007
vt 0.942745 0.532754
vt 0.953234 0.517980
vt 0.953647 0.539218
vt 0.946495 0.538417
vt 0.942466 0.518178
vt 0.947121 0.539371
vt 0.318214 0.018208
vt 0.300742 0.045317
vt 0.298643 0.045013
vt 0.297003 0.018198
vt 0.294648 0.017533
vt 0.948556 0.541836
vt 0.953713 0.541694
vt 0.353657 0.847353
vt 0.353469 0.858012
vt 0.352340 0.858013
vt 0.349572 0.857368
vt 0.347546 0.855606
vt 0.346805 0.853202
vt 0.346806 0.847351
vt 0.245108 0.428067
vt 0.253546 0.431199
vt 0.248846 0.433811
vt 0.309980 0.384762
vt 0.310155 0.430980
vt 0.244949 0.385008
vt 0.310204 0.443362
vt 0.253596 0.443586
vt 0.256363 0.546703
vt 0.252594 0.543190
vt 0.312989 0.543489
vt 0.312970 0.546984
vt 0.313013 0.538979
vt 0.252619 0.538684
vt 0.031598 0.914284
vt 0.032616 0.909892
vt 0.044983 0.909892
vt 0.625677 0.942929
vt 0.625614 0.937777
vt 0.637997 0.937668
vt 0.638039 0.942819
vt 0.103731 0.970709
vt 0.028810 0.917071
vt 0.684217 0.937265
vt 0.695151 0.942350
vt 0.102116 0.909892
vt 0.014430 0.964142
vt 0.015353 0.960701
vt 0.011911 0.966664
vt 0.008471 0.967592
vt 0.000273 0.970709
vt 0.121567 0.072911
vt 0.225024 0.073182
vt 0.166229 0.091743
vt 0.121518 0.091625
vt 0.165693 0.970709
vt 0.165698 0.909892
vt 0.213825 0.909892
vt 0.219220 0.091882
vt 0.286973 0.073295
vt 0.286961 0.092008
vt 0.018164 0.935346
vt 0.025003 0.918089
vt 0.014434 0.957265
vt 0.214869 0.970709
vt 0.219366 0.910995
vt 0.336128 0.073271
vt 0.336166 0.091988
vt 0.224906 0.909889
vt 0.308960 0.970709
vt 0.430199 0.072923
vt 0.430264 0.091637
vt 0.533325 0.659037
vt 0.533335 0.653379
vt 0.605943 0.653500
vt 0.605933 0.659155
vt 0.605923 0.664810
vt 0.533315 0.664690
vt 0.126512 0.010667
vt 0.123924 0.071472
vt 0.120972 0.011758
vt 0.115427 0.010650
vt 0.031366 0.071472
vt 0.171772 0.071472
vt 0.174628 0.010667
vt 0.218396 0.896687
vt 0.216827 0.877977
vt 0.264688 0.877936
vt 0.267568 0.896652
vt 0.124305 0.896981
vt 0.124249 0.878268
vt 0.222876 0.055444
vt 0.227126 0.071472
vt 0.222430 0.052087
vt 0.223131 0.049059
vt 0.320049 0.877936
vt 0.324725 0.896648
vt 0.199070 0.908543
vt 0.199021 0.898145
vt 0.256207 0.898145
vt 0.256837 0.899423
vt 0.149817 0.908543
vt 0.149810 0.898145
vt 0.055707 0.898144
vt 0.055707 0.908543
vt 0.143355 0.971884
vt 0.134410 0.990686
vt 0.049258 0.971884
vt 0.142605 0.981879
vt 0.141929 0.986471
vt 0.145038 0.978290
vt 0.148592 0.976926
vt 0.152146 0.978290
vt 0.192540 0.971884
vt 0.246722 0.435003
vt 0.250514 0.435330
vt 0.246833 0.445534
vt 0.243752 0.444495
vt 0.208571 0.444157
vt 0.205898 0.433643
vt 0.209704 0.433688
vt 0.211740 0.443425
vt 0.213703 0.435354
vt 0.214939 0.442826
vt 0.217606 0.437859
vt 0.218162 0.442360
vt 0.154576 0.981878
vt 0.155250 0.986472
vt 0.221210 0.440284
vt 0.221403 0.442020
vt 0.192537 0.990689
vt 0.154167 0.990689
vt 0.224564 0.440043
vt 0.224643 0.441788
vt 0.192529 0.004186
vt 0.152288 0.004186
vt 0.154158 0.000273
vt 0.192529 0.000273
vt 0.151794 0.002670
vt 0.304258 0.991808
vt 0.259551 0.998644
vt 0.250610 0.998644
vt 0.192492 0.991808
vt 0.255596 0.003530
vt 0.304306 0.004186
vt 0.252381 0.002669
vt 0.241671 0.998644
vt 0.232730 0.998644
vt 0.223787 0.998644
vt 0.250016 0.000273
vt 0.196962 0.998644
vt 0.188020 0.998644
vt 0.205905 0.998644
vt 0.214846 0.998644
vt 0.179080 0.998644
vt 0.152261 0.991808
vt 0.170140 0.998644
vt 0.161202 0.998644
vt 0.455216 0.567885
vt 0.455216 0.559803
vt 0.464157 0.559803
vt 0.464157 0.567885
vt 0.046074 0.451120
vt 0.046074 0.456889
vt 0.038156 0.456889
vt 0.032496 0.451120
vt 0.964364 0.142622
vt 0.950761 0.143353
vt 0.950281 0.134419
vt 0.963841 0.133682
vt 0.971035 0.173597
vt 0.964364 0.151592
vt 0.535157 0.291098
vt 0.535157 0.296867
vt 0.526215 0.296867
vt 0.526215 0.291098
vt 0.702894 0.640291
vt 0.694975 0.640291
vt 0.694975 0.631349
vt 0.702894 0.631349
vt 0.062533 0.704022
vt 0.054615 0.704022
vt 0.054615 0.698252
vt 0.068194 0.698252
vt 0.965002 0.160525
vt 0.951453 0.161415
vt 0.950859 0.152497
vt 0.965590 0.169442
vt 0.525055 0.291098
vt 0.525055 0.296867
vt 0.516112 0.296867
vt 0.516112 0.291098
vt 0.067101 0.416713
vt 0.067101 0.422482
vt 0.059183 0.422482
vt 0.053523 0.416713
vt 0.546969 0.760992
vt 0.539050 0.760992
vt 0.539050 0.752048
vt 0.546969 0.752048
vt 0.535773 0.704969
vt 0.535773 0.696887
vt 0.544716 0.696887
vt 0.544716 0.704969
vt 0.076187 0.422482
vt 0.068269 0.422482
vt 0.068269 0.416713
vt 0.081847 0.416713
vt 0.966098 0.178335
vt 0.952557 0.179145
vt 0.952038 0.170221
vt 0.963372 0.124746
vt 0.396161 0.610323
vt 0.396161 0.616092
vt 0.387220 0.616092
vt 0.387220 0.610323
vt 0.368103 0.166883
vt 0.360185 0.166883
vt 0.360185 0.161114
vt 0.373764 0.161114
vt 0.485254 0.634829
vt 0.477335 0.634829
vt 0.477335 0.625888
vt 0.485254 0.625888
vt 0.834714 0.697707
vt 0.834714 0.703476
vt 0.826796 0.703476
vt 0.821136 0.697707
vt 0.723922 0.476951
vt 0.723922 0.468870
vt 0.732863 0.468870
vt 0.732863 0.476951
vt 0.962896 0.115818
vt 0.949814 0.125472
vt 0.949337 0.116545
vt 0.962425 0.106891
vt 0.574754 0.295467
vt 0.574754 0.301237
vt 0.565811 0.301237
vt 0.565811 0.295467
vt 0.992627 0.273929
vt 0.984708 0.273929
vt 0.984708 0.268160
vt 0.998287 0.268160
vt 0.462589 0.410363
vt 0.454670 0.410363
vt 0.454670 0.401420
vt 0.462589 0.401420
vt 0.544709 0.912070
vt 0.544709 0.917840
vt 0.536790 0.917840
vt 0.531130 0.912070
vt 0.439650 0.529382
vt 0.439650 0.521300
vt 0.448594 0.521300
vt 0.448594 0.529382
vt 0.948865 0.107606
vt 0.948396 0.098677
vt 0.961955 0.097966
vt 0.268491 0.998644
vt 0.606226 0.403494
vt 0.606226 0.395412
vt 0.615167 0.395412
vt 0.615167 0.403494
vt 0.277434 0.998644
vt 0.993172 0.291678
vt 0.985254 0.291678
vt 0.985254 0.285909
vt 0.998832 0.285909
vt 0.961487 0.089066
vt 0.556183 0.716821
vt 0.556183 0.722591
vt 0.547242 0.722591
vt 0.547242 0.716821
vt 0.591480 0.311236
vt 0.583561 0.311236
vt 0.583561 0.302294
vt 0.591480 0.302294
vt 0.382775 0.247679
vt 0.382775 0.253448
vt 0.374857 0.253448
vt 0.369197 0.247679
vt 0.962662 0.008465
vt 0.960929 0.080156
vt 0.947942 0.089938
vt 0.947378 0.081016
vt 0.960394 0.071231
vt 0.802497 0.472420
vt 0.802497 0.478189
vt 0.793556 0.478189
vt 0.793556 0.472420
vt 0.965592 0.310794
vt 0.957674 0.310794
vt 0.957674 0.305025
vt 0.971252 0.305025
vt 0.672311 0.659952
vt 0.664392 0.659952
vt 0.664392 0.651010
vt 0.672311 0.651010
vt 0.266172 0.572092
vt 0.266172 0.577861
vt 0.258254 0.577861
vt 0.252594 0.572092
vt 0.436920 0.492516
vt 0.436920 0.484435
vt 0.445862 0.484435
vt 0.445862 0.492516
vt 0.946841 0.072044
vt 0.946308 0.063117
vt 0.959866 0.062299
vt 0.304262 0.998642
vt 0.295320 0.998644
vt 0.286378 0.998644
vt 0.464227 0.431894
vt 0.464227 0.423813
vt 0.473171 0.423813
vt 0.473171 0.431894
vt 0.313205 0.998637
vt 0.962588 0.257544
vt 0.954670 0.257544
vt 0.954670 0.251775
vt 0.968248 0.251775
vt 0.959364 0.053352
vt 0.432482 0.587384
vt 0.432482 0.593153
vt 0.423539 0.593153
vt 0.423539 0.587384
vt 0.492081 0.294579
vt 0.484162 0.294579
vt 0.484162 0.285636
vt 0.492081 0.285636
vt 0.741322 0.015292
vt 0.741322 0.021062
vt 0.733404 0.021062
vt 0.727744 0.015292
vt 0.958878 0.044412
vt 0.945810 0.054090
vt 0.945320 0.045162
vt 0.958425 0.035446
vt 0.366124 0.471874
vt 0.366124 0.477643
vt 0.357182 0.477643
vt 0.357182 0.471874
vt 0.421627 0.346294
vt 0.413709 0.346294
vt 0.413709 0.340524
vt 0.427287 0.340524
vt 0.642272 0.314785
vt 0.634353 0.314785
vt 0.634353 0.305844
vt 0.642272 0.305844
vt 0.546347 0.767614
vt 0.546347 0.773383
vt 0.538429 0.773383
vt 0.532769 0.767614
vt 0.413162 0.496886
vt 0.413162 0.488804
vt 0.422104 0.488804
vt 0.422104 0.496886
vt 0.944864 0.036112
vt 0.944427 0.027179
vt 0.957996 0.026485
vt 0.340026 0.998639
vt 0.331087 0.998635
vt 0.322147 0.998635
vt 0.572092 0.637519
vt 0.572092 0.629437
vt 0.581033 0.629437
vt 0.581033 0.637519
vt 0.357911 0.991808
vt 0.348966 0.998639
vt 0.465046 0.831001
vt 0.457128 0.831001
vt 0.457128 0.825232
vt 0.470706 0.825232
vt 0.957639 0.017455
vt 0.165687 0.499454
vt 0.165687 0.505223
vt 0.156745 0.505223
vt 0.156745 0.499454
vt 0.502185 0.343185
vt 0.494266 0.343185
vt 0.494266 0.334244
vt 0.502185 0.334244
vt 0.238865 0.673949
vt 0.238865 0.679718
vt 0.230947 0.679718
vt 0.225287 0.673949
vt 0.944020 0.008465
vt 0.944020 0.017455
vt 0.217905 0.413301
vt 0.199151 0.413308
vt 0.204808 0.409477
vt 0.357911 0.998639
vt 0.230996 0.405555
vt 0.230998 0.409468
vt 0.204806 0.405563
vt 0.350784 0.000274
vt 0.357962 0.000274
vt 0.357962 0.004186
vt 0.348420 0.002671
vt 0.236659 0.413294
vt 0.345206 0.003531
vt 0.148423 0.406527
vt 0.148651 0.408259
vt 0.145294 0.408549
vt 0.145228 0.406801
vt 0.141921 0.408515
vt 0.142021 0.406761
vt 0.341992 0.002671
vt 0.138533 0.408155
vt 0.138827 0.406433
vt 0.304306 0.000275
vt 0.339628 0.000275
vt 0.134700 0.410255
vt 0.135665 0.405827
vt 0.304315 0.990690
vt 0.338556 0.986473
vt 0.339636 0.990690
vt 0.130555 0.412366
vt 0.132520 0.405054
vt 0.339229 0.981881
vt 0.126402 0.413620
vt 0.129406 0.404139
vt 0.303944 0.971884
vt 0.341661 0.978292
vt 0.345216 0.976929
vt 0.357973 0.971884
vt 0.364775 0.908543
vt 0.310668 0.908543
vt 0.342034 0.902472
vt 0.326046 0.899168
vt 0.328031 0.898255
vt 0.261590 0.981883
vt 0.259158 0.978293
vt 0.262264 0.986477
vt 0.261182 0.990690
vt 0.255605 0.976927
vt 0.293103 0.901865
vt 0.295865 0.899468
vt 0.261167 0.901842
vt 0.956202 0.688045
vt 0.956205 0.686096
vt 0.959680 0.686100
vt 0.959680 0.688069
vt 0.959680 0.655926
vt 0.956205 0.655926
vt 0.743384 0.577540
vt 0.752197 0.586621
vt 0.727472 0.586621
vt 0.741517 0.576999
vt 0.773547 0.577538
vt 0.776320 0.579950
vt 0.553526 0.250642
vt 0.553565 0.170672
vt 0.588530 0.170688
vt 0.588486 0.275403
vt 0.553523 0.275394
vt 0.832157 0.586621
vt 0.808201 0.579937
vt 0.809389 0.579751
vt 0.810568 0.579241
vt 0.811621 0.578457
vt 0.812445 0.577471
vt 0.812954 0.576374
vt 0.817850 0.560068
vt 0.829478 0.560697
vt 0.290766 0.503863
vt 0.290572 0.477992
vt 0.325730 0.503602
vt 0.819872 0.549475
vt 0.832099 0.547816
vt 0.325522 0.444710
vt 0.283998 0.466818
vt 0.832170 0.525396
vt 0.821963 0.542684
vt 0.822438 0.539314
vt 0.284076 0.444566
vt 0.821748 0.536296
vt 0.282087 0.624799
vt 0.323534 0.624795
vt 0.323542 0.729515
vt 0.282095 0.729519
vt 0.746206 0.532351
vt 0.727471 0.525396
vt 0.817276 0.532404
vt 0.819966 0.533915
vt 0.953198 0.812749
vt 0.945386 0.812752
vt 0.945386 0.809755
vt 0.953198 0.809750
vt 0.953198 0.815859
vt 0.945386 0.815862
vt 0.945386 0.806643
vt 0.953198 0.806640
vt 0.237624 0.010667
vt 0.224906 0.046644
vt 0.227569 0.045013
vt 0.945386 0.735558
vt 0.953198 0.735555
vt 0.292931 0.015710
vt 0.292266 0.013175
vt 0.292232 0.010667
vt 0.950087 0.546782
vt 0.949637 0.544303
vt 0.953790 0.544173
vt 0.953872 0.546657
vt 0.953951 0.549009
vt 0.950283 0.552628
vt 0.830915 0.013628
vt 0.819402 0.008465
vt 0.842449 0.008521
vt 0.885483 0.013893
vt 0.885507 0.008743
vt 0.767950 0.013650
vt 0.767932 0.008498
vt 0.279902 0.383427
vt 0.279941 0.331966
vt 0.344972 0.332016
vt 0.344937 0.383471
vt 0.015783 0.137671
vt 0.012288 0.137671
vt 0.012288 0.072638
vt 0.015783 0.072638
vt 0.012288 0.248774
vt 0.012288 0.225736
vt 0.015783 0.225736
vt 0.015783 0.248774
vt 0.719825 0.013957
vt 0.725684 0.008766
vt 0.279967 0.289732
vt 0.345004 0.289773
vt 0.758714 0.942457
vt 0.758732 0.937306
vt 0.800975 0.937532
vt 0.806837 0.942719
vt 0.602125 0.671655
vt 0.537090 0.671544
vt 0.707268 0.937193
vt 0.012288 0.160704
vt 0.015783 0.160705
vt 0.945386 0.733442
vt 0.953198 0.733439
vt 0.744123 0.532702
vt 0.945386 0.731330
vt 0.953198 0.731327
vt 0.742245 0.533677
vt 0.945386 0.729217
vt 0.953198 0.729214
vt 0.740751 0.535182
vt 0.945386 0.727105
vt 0.953198 0.727103
vt 0.739787 0.537063
vt 0.945386 0.724994
vt 0.953198 0.724993
vt 0.739429 0.539109
vt 0.953198 0.714101
vt 0.945386 0.704871
vt 0.739479 0.549860
vt 0.727472 0.548267
vt 0.727472 0.560952
vt 0.488270 0.251853
vt 0.481767 0.262755
vt 0.446866 0.228837
vt 0.488311 0.228911
vt 0.481716 0.288492
vt 0.446750 0.288422
vt 0.352271 0.168626
vt 0.456989 0.167941
vt 0.456985 0.227528
vt 0.352266 0.227523
vt 0.739451 0.560341
vt 0.739416 0.573278
vt 0.739755 0.575320
vt 0.959680 0.705712
vt 0.954037 0.692669
vt 0.959680 0.692662
vt 0.551280 0.563568
vt 0.516337 0.562306
vt 0.516672 0.559749
vt 0.516702 0.544784
vt 0.551317 0.544853
vt 0.955511 0.690568
vt 0.959680 0.690535
vt 0.956179 0.689486
vt 0.515839 0.563493
vt 0.329585 0.898255
vt 0.364775 0.898255
vt 0.243382 0.381012
vt 0.192412 0.381009
vt 0.181595 0.365733
vt 0.254203 0.365751
vt 0.340033 0.071846
vt 0.338712 0.061847
vt 0.340033 0.051726
vt 0.337790 0.065288
vt 0.335274 0.067807
vt 0.331835 0.068731
vt 0.305418 0.071846
vt 0.328396 0.067811
vt 0.187625 0.343304
vt 0.181600 0.345615
vt 0.337791 0.058406
vt 0.335276 0.055888
vt 0.333395 0.051726
vt 0.715315 0.633481
vt 0.712408 0.639239
vt 0.706485 0.636249
vt 0.331839 0.054972
vt 0.331765 0.051056
vt 0.705094 0.635158
vt 0.328400 0.055898
vt 0.331094 0.049428
vt 0.704533 0.633480
vt 0.305422 0.051731
vt 0.325882 0.058416
vt 0.620065 0.729405
vt 0.616679 0.729405
vt 0.616702 0.721737
vt 0.620071 0.721737
vt 0.613327 0.729405
vt 0.613327 0.721737
vt 0.654223 0.721737
vt 0.654223 0.729405
vt 0.650789 0.729405
vt 0.650753 0.721737
vt 0.647334 0.729405
vt 0.647326 0.721737
vt 0.643893 0.729405
vt 0.643901 0.721737
vt 0.640467 0.729405
vt 0.640478 0.721737
vt 0.637051 0.729405
vt 0.637059 0.721737
vt 0.633641 0.729405
vt 0.633645 0.721737
vt 0.630237 0.729405
vt 0.630239 0.721737
vt 0.626841 0.729405
vt 0.626842 0.721737
vt 0.325879 0.065293
vt 0.623450 0.729405
vt 0.623451 0.721737
vt 0.324958 0.061855
vt 0.305087 0.049651
vt 0.704541 0.607613
vt 0.715324 0.607617
vt 0.331094 0.023551
vt 0.320606 0.017561
vt 0.705103 0.605936
vt 0.328235 0.015969
vt 0.331812 0.016907
vt 0.331764 0.021906
vt 0.322354 0.015800
vt 0.325611 0.013357
vt 0.038224 0.415960
vt 0.038063 0.423652
vt 0.034348 0.423458
vt 0.034994 0.415791
vt 0.030657 0.423029
vt 0.031778 0.415417
vt 0.041456 0.415924
vt 0.041781 0.423608
vt 0.333383 0.021217
vt 0.335389 0.015938
vt 0.340011 0.021217
vt 0.338009 0.013317
vt 0.045490 0.423336
vt 0.044683 0.415684
vt 0.048940 0.421487
vt 0.047879 0.423009
vt 0.047892 0.415244
vt 0.340011 0.010989
vt 0.338631 0.010989
vt 0.420084 0.540113
vt 0.418707 0.540134
vt 0.418859 0.538287
vt 0.181619 0.315120
vt 0.181628 0.304894
vt 0.254235 0.304954
vt 0.192456 0.294921
vt 0.243425 0.294964
vt 0.417494 0.533446
vt 0.419868 0.525396
vt 0.054321 0.414114
vt 0.051693 0.417270
vt 0.051075 0.414606
vt 0.054216 0.413773
vt 0.414896 0.530265
vt 0.055537 0.413325
vt 0.413515 0.529798
vt 0.410932 0.525503
vt 0.410962 0.529822
vt 0.409901 0.529826
vt 0.408518 0.530307
vt 0.022329 0.413116
vt 0.022212 0.413454
vt 0.021027 0.412616
vt 0.025434 0.414076
vt 0.024708 0.416714
vt 0.405956 0.533518
vt 0.402786 0.525494
vt 0.028588 0.414845
vt 0.027286 0.421040
vt 0.402839 0.535018
vt 0.404637 0.538375
vt 0.028284 0.422604
vt 0.404806 0.540220
vt 0.402808 0.540208
vt 0.953081 0.508175
vt 0.953117 0.510530
vt 0.949210 0.504714
vt 0.322990 0.013395
vt 0.322982 0.011039
vt 0.324980 0.011032
vt 0.942385 0.513187
vt 0.942348 0.510697
vt 0.953155 0.513016
vt 0.942108 0.498362
vt 0.953193 0.515501
vt 0.942423 0.515682
vt 0.450319 0.686576
vt 0.450301 0.678421
vt 0.451694 0.678418
vt 0.501272 0.678318
vt 0.501288 0.686471
vt 0.263587 0.508465
vt 0.313164 0.508692
vt 0.313133 0.515181
vt 0.256524 0.514919
vt 0.313116 0.518677
vt 0.252720 0.518394
vt 0.313093 0.523187
vt 0.252699 0.522900
vt 0.313074 0.527133
vt 0.252679 0.526844
vt 0.313054 0.531082
vt 0.252660 0.530790
vt 0.313034 0.535031
vt 0.252639 0.534737
vt 0.012064 0.914830
vt 0.021195 0.917071
vt 0.009225 0.922414
vt 0.014688 0.912213
vt 0.018408 0.914283
vt 0.649310 0.119651
vt 0.649637 0.127335
vt 0.645917 0.127379
vt 0.646078 0.119688
vt 0.652536 0.119408
vt 0.653345 0.127060
vt 0.008554 0.920784
vt 0.008486 0.915791
vt 0.642204 0.127184
vt 0.642849 0.119517
vt 0.006924 0.920110
vt 0.004909 0.914832
vt 0.638510 0.126753
vt 0.639636 0.119142
vt 0.000287 0.920110
vt 0.002289 0.912212
vt 0.635140 0.124762
vt 0.636449 0.118569
vt 0.636136 0.126328
vt 0.000287 0.909886
vt 0.001665 0.909886
vt 0.451802 0.709220
vt 0.449501 0.706918
vt 0.455694 0.697981
vt 0.448662 0.703777
vt 0.449505 0.700637
vt 0.632567 0.120433
vt 0.633296 0.117796
vt 0.630075 0.117169
vt 0.630193 0.116832
vt 0.420511 0.313490
vt 0.425474 0.318370
vt 0.422868 0.321545
vt 0.420262 0.328206
vt 0.421491 0.326383
vt 0.628892 0.116330
vt 0.426856 0.317905
vt 0.429447 0.313616
vt 0.429408 0.317935
vt 0.451806 0.698339
vt 0.453155 0.697979
vt 0.461231 0.703782
vt 0.460391 0.706923
vt 0.460391 0.700641
vt 0.458089 0.709223
vt 0.454946 0.710065
vt 0.430469 0.317942
vt 0.456742 0.697981
vt 0.458091 0.698342
vt 0.655744 0.118967
vt 0.656795 0.125210
vt 0.658925 0.118327
vt 0.659546 0.120990
vt 0.435706 0.326503
vt 0.434403 0.321643
vt 0.437597 0.323191
vt 0.662064 0.117489
vt 0.662168 0.117831
vt 0.431850 0.318426
vt 0.437594 0.313627
vt 0.663384 0.117037
vt 0.655734 0.126732
vt 0.437609 0.328342
vt 0.435530 0.328348
vt 0.015316 0.909887
vt 0.017395 0.909891
vt 0.421640 0.328230
vt 0.254227 0.315175
vt 0.187641 0.317436
vt 0.248200 0.317475
vt 0.003174 0.763518
vt 0.009101 0.766504
vt 0.000273 0.769279
vt 0.010494 0.767595
vt 0.011057 0.769274
vt 0.011061 0.795141
vt 0.000279 0.795141
vt 0.248186 0.343329
vt 0.009109 0.797909
vt 0.010500 0.796818
vt 0.254209 0.345635
vt 0.003185 0.800900
vt 0.000273 0.950590
vt 0.006913 0.950590
vt 0.005033 0.954751
vt 0.002517 0.957270
vt 0.008547 0.949913
vt 0.008477 0.953831
vt 0.406063 0.910158
vt 0.409533 0.910158
vt 0.409491 0.917825
vt 0.406063 0.917825
vt 0.009225 0.948279
vt 0.011919 0.954749
vt 0.412964 0.910158
vt 0.412941 0.917825
vt 0.416385 0.910158
vt 0.416380 0.917825
vt 0.419802 0.910158
vt 0.419810 0.917825
vt 0.423221 0.910158
vt 0.423232 0.917825
vt 0.001594 0.960711
vt 0.002516 0.964152
vt 0.426639 0.910158
vt 0.426648 0.917825
vt 0.005032 0.966670
vt 0.430061 0.910158
vt 0.430063 0.917825
vt 0.433485 0.910158
vt 0.433479 0.917825
vt 0.436906 0.910158
vt 0.436905 0.917825
vt 0.440332 0.910158
vt 0.440337 0.917825
vt 0.443758 0.910158
vt 0.443778 0.917825
vt 0.447217 0.910158
vt 0.447217 0.917825
vt 0.450338 0.695524
vt 0.501308 0.695413
vt 0.712419 0.601857
vt 0.706495 0.604846
vt 0.192412 0.391420
vt 0.243382 0.391413
vt 0.578122 0.967809
vt 0.622808 0.978313
vt 0.578099 0.978218
vt 0.622838 0.967908
vt 0.675753 0.978507
vt 0.653937 0.985116
vt 0.641180 0.980071
vt 0.685891 0.980071
vt 0.657491 0.986481
vt 0.738840 0.980071
vt 0.730603 0.998876
vt 0.685894 0.998876
vt 0.659924 0.990070
vt 0.660597 0.994661
vt 0.397405 0.335327
vt 0.396458 0.325424
vt 0.400249 0.327523
vt 0.400649 0.335086
vt 0.403851 0.330445
vt 0.403904 0.334981
vt 0.407164 0.333257
vt 0.407159 0.335004
vt 0.659516 0.998876
vt 0.410527 0.333404
vt 0.410401 0.335146
vt 0.016243 0.007859
vt 0.018607 0.005462
vt 0.018159 0.009375
vt 0.044986 0.005462
vt 0.044985 0.009375
vt 0.413849 0.333725
vt 0.413622 0.335463
vt 0.013029 0.008720
vt 0.416815 0.335978
vt 0.417153 0.334261
vt 0.000274 0.009375
vt 0.009817 0.007859
vt 0.419960 0.336711
vt 0.420455 0.335034
vt 0.000273 0.005461
vt 0.007451 0.005461
vt 0.423048 0.337659
vt 0.424487 0.333359
vt 0.641181 0.998876
vt 0.647280 0.994662
vt 0.648359 0.998876
vt 0.426095 0.338764
vt 0.428832 0.331705
vt 0.647954 0.990069
vt 0.429092 0.340007
vt 0.433094 0.330901
vt 0.650383 0.986480
vt 0.432039 0.341380
vt 0.436827 0.331645
vt 0.663162 0.301225
vt 0.665463 0.303522
vt 0.666304 0.306663
vt 0.660022 0.300382
vt 0.394173 0.335704
vt 0.392681 0.324959
vt 0.654581 0.303521
vt 0.656881 0.301224
vt 0.653741 0.306663
vt 0.654582 0.309806
vt 0.660024 0.312945
vt 0.656882 0.312105
vt 0.665465 0.309805
vt 0.663165 0.312104
vt 0.641180 0.000273
vt 0.659066 0.000273
vt 0.650125 0.007106
vt 0.641181 0.007106
vt 0.659067 0.007106
vt 0.668009 0.007106
vt 0.676950 0.007106
vt 0.685891 0.000273
vt 0.685891 0.007106
vt 0.694835 0.007106
vt 0.703776 0.007106
vt 0.712717 0.007106
vt 0.730598 0.000273
vt 0.721658 0.007106
vt 0.089698 0.005462
vt 0.089698 0.009375
vt 0.730599 0.007106
vt 0.739540 0.007106
vt 0.739537 0.000273
vt 0.748481 0.007105
vt 0.098645 0.009375
vt 0.099431 0.007858
vt 0.102648 0.008719
vt 0.097066 0.005462
vt 0.748478 0.000273
vt 0.757420 0.007106
vt 0.107591 0.009375
vt 0.806598 0.000273
vt 0.766361 0.007106
vt 0.165717 0.009375
vt 0.108228 0.005462
vt 0.165717 0.005462
vt 0.105864 0.007858
vt 0.775303 0.007106
vt 0.784244 0.007106
vt 0.846834 0.000273
vt 0.837895 0.007106
vt 0.828954 0.007106
vt 0.205961 0.009375
vt 0.204089 0.005462
vt 0.206456 0.007858
vt 0.820013 0.007106
vt 0.811072 0.007106
vt 0.802131 0.007106
vt 0.793188 0.007106
vt 0.973936 0.150876
vt 0.987551 0.149572
vt 0.988408 0.158480
vt 0.974893 0.159759
vt 0.102056 0.789767
vt 0.096396 0.783998
vt 0.109974 0.783998
vt 0.109974 0.789767
vt 0.391862 0.507919
vt 0.400803 0.507919
vt 0.400803 0.516001
vt 0.391862 0.516001
vt 0.445658 0.401420
vt 0.453577 0.401420
vt 0.453577 0.410362
vt 0.445658 0.410362
vt 0.134079 0.384798
vt 0.126161 0.384798
vt 0.126161 0.379028
vt 0.139739 0.379028
vt 0.970165 0.292771
vt 0.961223 0.292771
vt 0.961223 0.287002
vt 0.970165 0.287002
vt 0.973936 0.141985
vt 0.987403 0.141320
vt 0.973383 0.133082
vt 0.986956 0.132382
vt 0.517407 0.347113
vt 0.508465 0.347113
vt 0.508465 0.341344
vt 0.517407 0.341344
vt 0.972966 0.124184
vt 0.292116 0.583050
vt 0.286455 0.577280
vt 0.300034 0.577280
vt 0.300034 0.583050
vt 0.684599 0.389132
vt 0.692518 0.389132
vt 0.692518 0.398073
vt 0.684599 0.398073
vt 0.635445 0.610595
vt 0.644386 0.610595
vt 0.644386 0.618677
vt 0.635445 0.618677
vt 0.954668 0.096977
vt 0.946750 0.096977
vt 0.946750 0.091207
vt 0.960328 0.091207
vt 0.986527 0.123598
vt 0.972566 0.115264
vt 0.986135 0.114667
vt 0.998839 0.345202
vt 0.989896 0.345202
vt 0.989896 0.339432
vt 0.998839 0.339432
vt 0.972205 0.106350
vt 0.245966 0.295775
vt 0.240306 0.290006
vt 0.253885 0.290006
vt 0.253885 0.295775
vt 0.695522 0.621246
vt 0.703441 0.621246
vt 0.703441 0.630189
vt 0.695522 0.630189
vt 0.413162 0.501093
vt 0.422106 0.501093
vt 0.422106 0.509174
vt 0.413162 0.509174
vt 0.576460 0.169341
vt 0.568542 0.169341
vt 0.568542 0.163572
vt 0.582120 0.163572
vt 0.985760 0.105799
vt 0.971744 0.097434
vt 0.985384 0.096857
vt 0.499110 0.409647
vt 0.490169 0.409647
vt 0.490169 0.403878
vt 0.499110 0.403878
vt 0.971744 0.088535
vt 0.294847 0.623465
vt 0.289187 0.617695
vt 0.302765 0.617695
vt 0.302765 0.623465
vt 0.477335 0.615784
vt 0.485254 0.615784
vt 0.485254 0.624725
vt 0.477335 0.624725
vt 0.590388 0.592026
vt 0.599329 0.592026
vt 0.599329 0.600108
vt 0.590388 0.600108
vt 0.254231 0.509593
vt 0.246313 0.509593
vt 0.246313 0.503823
vt 0.259891 0.503823
vt 0.985228 0.087792
vt 0.971152 0.079654
vt 0.984710 0.078855
vt 0.901077 0.413198
vt 0.892136 0.413198
vt 0.892136 0.407428
vt 0.901077 0.407428
vt 0.970617 0.070768
vt 0.771363 0.597523
vt 0.765702 0.591754
vt 0.779281 0.591754
vt 0.779281 0.597523
vt 0.423266 0.489624
vt 0.431185 0.489624
vt 0.431185 0.498565
vt 0.423266 0.498565
vt 0.423266 0.504096
vt 0.432207 0.504096
vt 0.432207 0.512177
vt 0.423266 0.512177
vt 0.704259 0.660330
vt 0.696341 0.660330
vt 0.696341 0.654561
vt 0.709919 0.654561
vt 0.984168 0.070017
vt 0.970106 0.061853
vt 0.983664 0.061092
vt 0.338817 0.607899
vt 0.329874 0.607899
vt 0.329874 0.602130
vt 0.338817 0.602130
vt 0.969605 0.052945
vt 0.143017 0.485016
vt 0.137357 0.479246
vt 0.150935 0.479246
vt 0.150935 0.485016
vt 0.456854 0.537138
vt 0.464773 0.537138
vt 0.464773 0.546081
vt 0.456854 0.546081
vt 0.582742 0.350628
vt 0.591685 0.350628
vt 0.591685 0.358710
vt 0.582742 0.358710
vt 0.711359 0.716310
vt 0.703441 0.716310
vt 0.703441 0.710541
vt 0.717019 0.710541
vt 0.983159 0.052272
vt 0.969142 0.044028
vt 0.982705 0.043344
vt 0.998838 0.327452
vt 0.989896 0.327452
vt 0.989896 0.321682
vt 0.998838 0.321682
vt 0.968704 0.035130
vt 0.990914 0.309428
vt 0.985254 0.303659
vt 0.998832 0.303659
vt 0.998832 0.309428
vt 0.998908 0.590661
vt 0.998908 0.599602
vt 0.990989 0.599602
vt 0.990989 0.590661
vt 0.963407 0.275294
vt 0.955489 0.275294
vt 0.955489 0.269525
vt 0.969067 0.269525
vt 0.434189 0.598307
vt 0.443130 0.598307
vt 0.443130 0.606388
vt 0.434189 0.606388
vt 0.982263 0.034587
vt 0.968322 0.026220
vt 0.981890 0.025655
vt 0.277101 0.382886
vt 0.268160 0.382886
vt 0.268160 0.377116
vt 0.277101 0.377116
vt 0.967981 0.017358
vt 0.602056 0.122099
vt 0.596396 0.116330
vt 0.609974 0.116330
vt 0.609974 0.122099
vt 0.466138 0.368378
vt 0.466138 0.377319
vt 0.458220 0.377319
vt 0.458220 0.368378
vt 0.391042 0.722045
vt 0.383124 0.722045
vt 0.383124 0.716276
vt 0.396702 0.716276
vt 0.285909 0.567996
vt 0.294850 0.567996
vt 0.294850 0.576077
vt 0.285909 0.576077
vt 0.981523 0.008465
vt 0.981523 0.017381
vt 0.047787 0.908555
vt 0.039869 0.908555
vt 0.039869 0.902786
vt 0.053448 0.902786
vt 0.994197 0.255906
vt 0.985254 0.255906
vt 0.985254 0.250136
vt 0.994197 0.250136
vt 0.975754 0.168651
vt 0.740579 0.539050
vt 0.749522 0.539050
vt 0.749522 0.547132
vt 0.740579 0.547132
vt 0.684599 0.379028
vt 0.692518 0.379028
vt 0.692518 0.387971
vt 0.684599 0.387971
vt 0.843454 0.919751
vt 0.837794 0.913982
vt 0.851372 0.913982
vt 0.851372 0.919751
vt 0.990132 0.176243
vt 0.976624 0.177551
vt 0.989269 0.167344
vt 0.749123 0.998875
vt 0.750205 0.994662
vt 0.806610 0.998875
vt 0.806609 0.980071
vt 0.749531 0.990071
vt 0.843899 0.994660
vt 0.844573 0.990068
vt 0.844980 0.998875
vt 0.710058 0.480511
vt 0.707017 0.479393
vt 0.708471 0.475099
vt 0.712823 0.473461
vt 0.703934 0.478439
vt 0.704431 0.476762
vt 0.700791 0.477708
vt 0.701128 0.475990
vt 0.697599 0.477205
vt 0.697820 0.475466
vt 0.694377 0.476902
vt 0.694497 0.475159
vt 0.691132 0.476765
vt 0.691136 0.475018
vt 0.209670 0.008720
vt 0.212886 0.007858
vt 0.215208 0.009375
vt 0.215250 0.005462
vt 0.223852 0.005462
vt 0.687875 0.476738
vt 0.687831 0.472202
vt 0.864738 0.998876
vt 0.856139 0.998876
vt 0.857220 0.994661
vt 0.684618 0.476837
vt 0.684239 0.469272
vt 0.856545 0.990068
vt 0.681371 0.477067
vt 0.680455 0.467162
vt 0.855791 0.980071
vt 0.854113 0.986480
vt 0.678138 0.477434
vt 0.676679 0.466685
vt 0.850559 0.985116
vt 0.715989 0.483150
vt 0.713051 0.481765
vt 0.717090 0.472676
vt 0.720820 0.473436
vt 0.847004 0.986480
vt 0.792700 0.968216
vt 0.792762 0.978620
vt 0.743542 0.978717
vt 0.886782 0.967231
vt 0.886885 0.977639
vt 0.949888 0.980071
vt 0.952890 0.990067
vt 0.952214 0.994660
vt 0.953296 0.998876
vt 0.549506 0.711250
vt 0.546462 0.710137
vt 0.547910 0.705841
vt 0.552259 0.704197
vt 0.543378 0.709185
vt 0.543874 0.707508
vt 0.540234 0.708455
vt 0.540571 0.706737
vt 0.313273 0.009375
vt 0.312412 0.005462
vt 0.314777 0.007859
vt 0.954133 0.000273
vt 0.945193 0.007106
vt 0.936251 0.007106
vt 0.954135 0.007106
vt 0.963078 0.007106
vt 0.963078 0.000273
vt 0.972021 0.007106
vt 0.856075 0.000273
vt 0.900485 0.007106
vt 0.891543 0.007106
vt 0.317990 0.008721
vt 0.322218 0.009375
vt 0.927310 0.007106
vt 0.918367 0.007106
vt 0.909426 0.007106
vt 0.424085 0.329490
vt 0.424085 0.321409
vt 0.433028 0.321409
vt 0.433028 0.329490
vt 0.919169 0.581684
vt 0.911251 0.581684
vt 0.911251 0.575915
vt 0.924829 0.575915
vt 0.994096 0.257656
vt 0.994400 0.266592
vt 0.980833 0.267055
vt 0.980530 0.258141
vt 0.154213 0.399271
vt 0.148553 0.393501
vt 0.162131 0.393501
vt 0.162131 0.399271
vt 0.492081 0.699345
vt 0.501022 0.699345
vt 0.501022 0.707427
vt 0.492081 0.707427
vt 0.882601 0.007106
vt 0.998908 0.600764
vt 0.998908 0.609706
vt 0.990989 0.609706
vt 0.990989 0.600764
vt 0.972896 0.346294
vt 0.963955 0.346294
vt 0.963955 0.340524
vt 0.972896 0.340524
vt 0.983342 0.131111
vt 0.975424 0.131111
vt 0.975424 0.125341
vt 0.989002 0.125341
vt 0.980221 0.249210
vt 0.993464 0.239780
vt 0.993789 0.248716
vt 0.979896 0.240268
vt 0.861481 0.082777
vt 0.852540 0.082777
vt 0.852540 0.077008
vt 0.861481 0.077008
vt 0.979558 0.231308
vt 0.981084 0.095338
vt 0.975424 0.089569
vt 0.989002 0.089569
vt 0.989002 0.095338
vt 0.278809 0.327689
vt 0.278809 0.336631
vt 0.270890 0.336631
vt 0.270890 0.327689
vt 0.979519 0.024339
vt 0.971601 0.024339
vt 0.971601 0.018569
vt 0.985179 0.018569
vt 0.370563 0.550246
vt 0.379504 0.550246
vt 0.379504 0.558327
vt 0.370563 0.558327
vt 0.992762 0.221825
vt 0.993119 0.230756
vt 0.979154 0.222353
vt 0.864718 0.007106
vt 0.855778 0.007106
vt 0.873660 0.007106
vt 0.846837 0.007106
vt 0.448116 0.368378
vt 0.457059 0.368378
vt 0.457059 0.376460
vt 0.448116 0.376460
vt 0.883050 0.082777
vt 0.877390 0.077008
vt 0.890968 0.077008
vt 0.890968 0.082777
vt 0.475423 0.834244
vt 0.475423 0.843187
vt 0.467504 0.843187
vt 0.467504 0.834244
vt 0.776010 0.678080
vt 0.767067 0.678080
vt 0.767067 0.672311
vt 0.776010 0.672311
vt 0.980064 0.041816
vt 0.972146 0.041816
vt 0.972146 0.036046
vt 0.985725 0.036046
vt 0.979154 0.213355
vt 0.992086 0.203565
vt 0.992650 0.212481
vt 0.978471 0.204396
vt 0.514949 0.296867
vt 0.506008 0.296867
vt 0.506008 0.291098
vt 0.514949 0.291098
vt 0.978471 0.195387
vt 0.405988 0.330729
vt 0.400327 0.324959
vt 0.413906 0.324959
vt 0.413906 0.330729
vt 0.525942 0.823048
vt 0.525942 0.831989
vt 0.518023 0.831989
vt 0.518023 0.823048
vt 0.756962 0.575950
vt 0.749044 0.575950
vt 0.749044 0.570181
vt 0.762623 0.570181
vt 0.741671 0.635061
vt 0.741671 0.626980
vt 0.750612 0.626980
vt 0.750612 0.635061
vt 0.991025 0.185144
vt 0.991911 0.194037
vt 0.977508 0.186463
vt 0.368581 0.600253
vt 0.359640 0.600253
vt 0.359640 0.594484
vt 0.368581 0.594484
vt 0.088675 0.422482
vt 0.083015 0.416713
vt 0.096593 0.416713
vt 0.096593 0.422482
vt 0.436647 0.401420
vt 0.444565 0.401420
vt 0.444565 0.410362
vt 0.436647 0.410362
vt 0.672037 0.405243
vt 0.680978 0.405243
vt 0.680978 0.413325
vt 0.672037 0.413325
vt 0.835608 0.720952
vt 0.827690 0.720952
vt 0.827690 0.715183
vt 0.841269 0.715183
vt 0.556183 0.910739
vt 0.547242 0.910739
vt 0.547242 0.904970
vt 0.556183 0.904970
vt 0.980149 0.365483
vt 0.981329 0.275937
vt 0.985262 0.356467
vt 0.985262 0.365483
vt 0.583107 0.475719
vt 0.583103 0.501245
vt 0.577918 0.501242
vt 0.588288 0.501245
vt 0.985008 0.347509
vt 0.984624 0.338527
vt 0.984195 0.329578
vt 0.983746 0.320615
vt 0.983277 0.311676
vt 0.982799 0.302730
vt 0.982313 0.293796
vt 0.981824 0.284862
vt 0.974906 0.365483
vt 0.974906 0.356602
vt 0.974672 0.347684
vt 0.974290 0.338793
vt 0.973874 0.329880
vt 0.973413 0.320974
vt 0.972939 0.312057
vt 0.972438 0.303148
vt 0.971932 0.294230
vt 0.971408 0.285322
vt 0.970889 0.276409
vt 0.970359 0.267552
vt 0.969902 0.258658
vt 0.445588 0.823594
vt 0.445588 0.829363
vt 0.436647 0.829363
vt 0.436647 0.823594
vt 0.253611 0.673949
vt 0.253611 0.679718
vt 0.245693 0.679718
vt 0.240033 0.673949
vt 0.956796 0.268238
vt 0.956345 0.259309
vt 0.969443 0.249752
vt 0.993650 0.160022
vt 0.993650 0.165791
vt 0.984708 0.165791
vt 0.984708 0.160022
vt 0.955488 0.114726
vt 0.947570 0.114726
vt 0.947570 0.108957
vt 0.961149 0.108957
vt 0.644183 0.437942
vt 0.636264 0.437942
vt 0.636264 0.429000
vt 0.644183 0.429000
vt 0.491186 0.913162
vt 0.491186 0.918932
vt 0.483268 0.918932
vt 0.477608 0.913162
vt 0.448935 0.719441
vt 0.448935 0.711360
vt 0.457876 0.711360
vt 0.457876 0.719441
vt 0.955879 0.250415
vt 0.955441 0.241486
vt 0.969002 0.240824
vt 0.143327 0.991808
vt 0.125443 0.998644
vt 0.116501 0.998643
vt 0.107561 0.998644
vt 0.143322 0.998644
vt 0.152262 0.998644
vt 0.134383 0.998644
vt 0.143343 0.004186
vt 0.145366 0.002670
vt 0.148581 0.003531
vt 0.143003 0.000273
vt 0.134400 0.000273
vt 0.044982 0.004186
vt 0.098624 0.998644
vt 0.044977 0.991808
vt 0.089685 0.998642
vt 0.044979 0.998642
vt 0.036037 0.998642
vt 0.053920 0.998642
vt 0.062861 0.998642
vt 0.036039 0.991808
vt 0.027097 0.998642
vt 0.045842 0.000273
vt 0.043480 0.002671
vt 0.040268 0.003531
vt 0.036039 0.004186
vt 0.071803 0.998642
vt 0.080744 0.998642
vt 0.957337 0.277174
vt 0.957850 0.286100
vt 0.380120 0.749480
vt 0.380120 0.741398
vt 0.389063 0.741398
vt 0.389063 0.749480
vt 0.988530 0.220406
vt 0.980612 0.220406
vt 0.980612 0.214637
vt 0.994190 0.214637
vt 0.930366 0.383054
vt 0.922448 0.383056
vt 0.922447 0.374113
vt 0.930365 0.374112
vt 0.537685 0.095738
vt 0.537685 0.087657
vt 0.546626 0.087657
vt 0.546626 0.095738
vt 0.268357 0.674222
vt 0.268357 0.679991
vt 0.260439 0.679991
vt 0.254779 0.674222
vt 0.134626 0.347008
vt 0.126708 0.347009
vt 0.126707 0.338067
vt 0.134625 0.338067
vt 0.189171 0.783998
vt 0.189171 0.789767
vt 0.180230 0.789767
vt 0.180230 0.783998
vt 0.959857 0.203749
vt 0.951939 0.203749
vt 0.951939 0.197979
vt 0.965517 0.197979
vt 0.958378 0.294980
vt 0.958879 0.303906
vt 0.413709 0.802730
vt 0.413709 0.794648
vt 0.422650 0.794648
vt 0.422650 0.802730
vt 0.902436 0.585199
vt 0.902436 0.590969
vt 0.894518 0.590969
vt 0.888859 0.585199
vt 0.267614 0.156675
vt 0.259695 0.156675
vt 0.259695 0.147734
vt 0.267614 0.147734
vt 0.958150 0.055161
vt 0.958150 0.060930
vt 0.949209 0.060930
vt 0.949209 0.055161
vt 0.564172 0.112542
vt 0.556254 0.112542
vt 0.556254 0.106772
vt 0.569832 0.106772
vt 0.034691 0.000274
vt 0.000273 0.004186
vt 0.000273 0.000274
vt 0.037054 0.002671
vt 0.000273 0.991808
vt 0.018156 0.998642
vt 0.009216 0.998642
vt 0.000273 0.998642
vt 0.596207 0.497412
vt 0.601867 0.501236
vt 0.596209 0.493499
vt 0.033610 0.986470
vt 0.034690 0.990681
vt 0.000273 0.990681
vt 0.009218 0.973991
vt 0.000273 0.971874
vt 0.009217 0.971874
vt 0.608591 0.475706
vt 0.608593 0.479348
vt 0.432898 0.378784
vt 0.423956 0.378791
vt 0.423953 0.375149
vt 0.420262 0.368383
vt 0.432892 0.368378
vt 0.420265 0.375150
vt 0.341344 0.062323
vt 0.366835 0.062261
vt 0.366835 0.065949
vt 0.341352 0.066012
vt 0.452555 0.676985
vt 0.439924 0.676984
vt 0.443614 0.665756
vt 0.452556 0.665757
vt 0.097215 0.596287
vt 0.105152 0.564553
vt 0.103693 0.605460
vt 0.105066 0.617461
vt 0.103675 0.615867
vt 0.088750 0.374855
vt 0.088753 0.303933
vt 0.097695 0.303933
vt 0.097692 0.374855
vt 0.270344 0.593938
vt 0.277809 0.599926
vt 0.277813 0.670848
vt 0.270347 0.680011
vt 0.678457 0.628984
vt 0.674768 0.620153
vt 0.687399 0.620153
vt 0.687399 0.628985
vt 0.097336 0.525365
vt 0.103838 0.519388
vt 0.105231 0.519391
vt 0.548911 0.773966
vt 0.547517 0.773966
vt 0.547521 0.761335
vt 0.573007 0.761340
vt 0.548911 0.782910
vt 0.033523 0.072671
vt 0.033358 0.114433
vt 0.024409 0.117802
vt 0.024581 0.072638
vt 0.573008 0.887829
vt 0.548916 0.882759
vt 0.998575 0.375613
vt 0.986411 0.407418
vt 0.986347 0.365650
vt 0.987739 0.365648
vt 0.547516 0.782911
vt 0.547526 0.882760
vt 0.024303 0.170716
vt 0.033246 0.170734
vt 0.986503 0.463721
vt 0.987875 0.451719
vt 0.987895 0.462127
vt 0.998667 0.436432
vt 0.392683 0.336974
vt 0.412561 0.336977
vt 0.412559 0.347384
vt 0.392681 0.347381
vt 0.531620 0.541379
vt 0.511742 0.541379
vt 0.511742 0.522665
vt 0.531620 0.522665
vt 0.610706 0.936912
vt 0.609503 0.944067
vt 0.609513 0.933659
vt 0.610343 0.935069
vt 0.610708 0.933223
vt 0.611745 0.931654
vt 0.620281 0.918351
vt 0.020151 0.071472
vt 0.000273 0.010650
vt 0.000274 0.071472
vt 0.263810 0.579191
vt 0.263810 0.586166
vt 0.252594 0.586167
vt 0.252594 0.579191
vt 0.616977 0.930589
vt 0.621646 0.925196
vt 0.618535 0.931629
vt 0.613300 0.930602
vt 0.615139 0.930229
vt 0.520754 0.002152
vt 0.531971 0.002150
vt 0.531971 0.004025
vt 0.520754 0.004027
vt 0.531971 0.005895
vt 0.520754 0.005899
vt 0.801232 0.445658
vt 0.806399 0.457526
vt 0.804559 0.457891
vt 0.799884 0.452504
vt 0.802998 0.458936
vt 0.797313 0.458573
vt 0.801951 0.460501
vt 0.520754 0.007773
vt 0.531971 0.007768
vt 0.796559 0.462336
vt 0.801582 0.462349
vt 0.520754 0.009646
vt 0.531971 0.009642
vt 0.624218 0.931265
vt 0.619577 0.933190
vt 0.624965 0.935032
vt 0.619943 0.935034
vt 0.624222 0.938797
vt 0.619577 0.936883
vt 0.531971 0.011516
vt 0.520754 0.011518
vt 0.531971 0.013389
vt 0.520754 0.013391
vt 0.622100 0.941992
vt 0.618535 0.938454
vt 0.263810 0.596595
vt 0.263810 0.600435
vt 0.252594 0.600432
vt 0.252594 0.596594
vt 0.263810 0.604272
vt 0.252594 0.604271
vt 0.799422 0.469304
vt 0.797298 0.466104
vt 0.801944 0.464195
vt 0.802983 0.465761
vt 0.263810 0.608113
vt 0.252594 0.608111
vt 0.802616 0.471446
vt 0.804542 0.466807
vt 0.806386 0.472196
vt 0.806383 0.467174
vt 0.808226 0.466805
vt 0.263810 0.611953
vt 0.252594 0.611951
vt 0.520754 0.019015
vt 0.520754 0.017139
vt 0.531971 0.017137
vt 0.531971 0.019013
vt 0.520754 0.015265
vt 0.531971 0.015263
vt 0.618917 0.944139
vt 0.616978 0.939506
vt 0.615154 0.944903
vt 0.615142 0.939879
vt 0.263810 0.617660
vt 0.252594 0.617660
vt 0.613303 0.939517
vt 0.611745 0.938475
vt 0.520754 0.020891
vt 0.531971 0.020889
vt 0.809789 0.465759
vt 0.812033 0.471351
vt 0.810834 0.464194
vt 0.531971 0.022770
vt 0.520754 0.022768
vt 0.520754 0.024646
vt 0.531971 0.024648
vt 0.520754 0.026526
vt 0.531971 0.026530
vt 0.811200 0.462351
vt 0.810837 0.460505
vt 0.812032 0.460942
vt 0.520754 0.028407
vt 0.531971 0.028409
vt 0.809798 0.458941
vt 0.531971 0.030288
vt 0.520754 0.030288
vt 0.808240 0.457894
vt 0.520754 0.000273
vt 0.531971 0.000273
vt 0.252594 0.592754
vt 0.263810 0.592757
vt 0.038042 0.971884
vt 0.018164 0.973992
vt 0.018164 0.971878
vt 0.036720 0.978290
vt 0.034287 0.981879
vt 0.040275 0.976927
vt 0.043829 0.978291
vt 0.338857 0.582469
vt 0.343076 0.592463
vt 0.339306 0.592991
vt 0.335838 0.583668
vt 0.301158 0.593364
vt 0.297378 0.592911
vt 0.301396 0.582835
vt 0.304440 0.583975
vt 0.335097 0.591942
vt 0.332774 0.584737
vt 0.330854 0.590040
vt 0.329671 0.585665
vt 0.046933 0.986471
vt 0.046259 0.981879
vt 0.326923 0.588132
vt 0.326545 0.586428
vt 0.045851 0.990686
vt 0.323557 0.588656
vt 0.323374 0.586918
vt 0.320192 0.588853
vt 0.320176 0.587096
vt 0.316821 0.588717
vt 0.316972 0.586976
vt 0.313447 0.588258
vt 0.313792 0.586546
vt 0.309552 0.590244
vt 0.310649 0.585847
vt 0.305347 0.592231
vt 0.307525 0.584981
vt 0.976200 0.978489
vt 0.967778 0.978711
vt 0.974637 0.972040
vt 0.976032 0.972004
vt 0.981101 0.971874
vt 0.983589 0.975822
vt 0.548916 0.887829
vt 0.545566 0.643388
vt 0.545574 0.638722
vt 0.569666 0.638762
vt 0.985611 0.978249
vt 0.593750 0.643471
vt 0.593743 0.646630
vt 0.545559 0.646550
vt 0.593758 0.638804
vt 0.152519 0.870016
vt 0.157588 0.870148
vt 0.157417 0.876634
vt 0.150029 0.873964
vt 0.148006 0.876390
vt 0.158981 0.870185
vt 0.165839 0.876857
vt 0.036046 0.990573
vt 0.036046 0.981158
vt 0.044472 0.981158
vt 0.044472 0.990573
vt 0.741081 0.071551
vt 0.741041 0.086270
vt 0.641206 0.080843
vt 0.641234 0.071272
vt 0.625888 0.085955
vt 0.631792 0.080818
vt 0.602169 0.646645
vt 0.340054 0.909889
vt 0.320175 0.970709
vt 0.340054 0.970709
vt 0.097215 0.301807
vt 0.097313 0.240987
vt 0.109475 0.272794
vt 0.108010 0.317095
vt 0.108146 0.231022
vt 0.109540 0.231024
vt 0.198949 0.561158
vt 0.190008 0.561194
vt 0.189787 0.519433
vt 0.198728 0.519388
vt 0.597102 0.782910
vt 0.597101 0.882759
vt 0.597101 0.773964
vt 0.598497 0.782910
vt 0.598493 0.882759
vt 0.921445 0.681489
vt 0.914971 0.690662
vt 0.913500 0.646361
vt 0.921328 0.610566
vt 0.914989 0.701069
vt 0.913599 0.702663
vt 0.199115 0.617467
vt 0.190172 0.617495
vt 0.913435 0.604590
vt 0.914828 0.604588
vt 0.053457 0.704182
vt 0.044515 0.704183
vt 0.044512 0.633261
vt 0.053454 0.633260
vt 0.484092 0.226473
vt 0.475150 0.226473
vt 0.475150 0.217640
vt 0.487781 0.217640
vt 0.598490 0.761333
vt 0.598494 0.773964
vt 0.913709 0.404327
vt 0.913712 0.333405
vt 0.921181 0.327417
vt 0.921175 0.413489
vt 0.225925 0.524852
vt 0.200437 0.610923
vt 0.200444 0.524850
vt 0.557279 0.600436
vt 0.548340 0.593665
vt 0.560970 0.593670
vt 0.560968 0.600437
vt 0.225926 0.617688
vt 0.200440 0.617691
vt 0.361825 0.453063
vt 0.361825 0.441835
vt 0.370767 0.441835
vt 0.374455 0.453064
vt 0.392326 0.062327
vt 0.392318 0.066014
vt 0.557619 0.479339
vt 0.557622 0.475697
vt 0.569999 0.493494
vt 0.548335 0.604071
vt 0.557276 0.604077
vt 0.989923 0.982184
vt 0.989922 0.980066
vt 0.998866 0.980066
vt 0.998866 0.998873
vt 0.357985 0.009375
vt 0.323568 0.005462
vt 0.357985 0.005462
vt 0.964452 0.998873
vt 0.965533 0.994659
vt 0.964859 0.990066
vt 0.980985 0.982185
vt 0.569999 0.497409
vt 0.989906 0.007106
vt 0.980964 0.007106
vt 0.998848 0.000273
vt 0.998848 0.007106
vt 0.564340 0.501234
vt 0.321205 0.007859
vt 0.444020 0.356525
vt 0.444020 0.348443
vt 0.452961 0.348443
vt 0.452961 0.356525
vt 0.129910 0.516420
vt 0.124249 0.510650
vt 0.137828 0.510650
vt 0.137828 0.516420
vt 0.998734 0.347304
vt 0.998734 0.356260
vt 0.262697 0.646403
vt 0.254779 0.646403
vt 0.254779 0.640634
vt 0.268357 0.640634
vt 0.997749 0.328931
vt 0.998183 0.337862
vt 0.259148 0.981705
vt 0.259148 0.990646
vt 0.251229 0.990646
vt 0.251229 0.981705
vt 0.564649 0.301237
vt 0.555707 0.301237
vt 0.555707 0.295467
vt 0.564649 0.295467
vt 0.761337 0.634353
vt 0.770280 0.634359
vt 0.770277 0.637848
vt 0.761335 0.637844
vt 0.566781 0.503725
vt 0.577915 0.503733
vt 0.718946 0.866992
vt 0.715729 0.862646
vt 0.726864 0.862644
vt 0.726864 0.866991
vt 0.767421 0.642439
vt 0.761333 0.642437
vt 0.109139 0.223716
vt 0.109506 0.229793
vt 0.101602 0.230270
vt 0.101234 0.224191
vt 0.302497 0.049733
vt 0.302497 0.053011
vt 0.296408 0.053011
vt 0.293555 0.049733
vt 0.101038 0.220917
vt 0.293555 0.047242
vt 0.302497 0.047242
vt 0.460403 0.802329
vt 0.452485 0.799050
vt 0.463620 0.799050
vt 0.452485 0.796559
vt 0.466064 0.796559
vt 0.962427 0.986478
vt 0.961107 0.980071
vt 0.980986 0.980071
vt 0.109382 0.329097
vt 0.107992 0.327502
vt 0.520818 0.707809
vt 0.519888 0.697904
vt 0.523675 0.700010
vt 0.524064 0.707573
vt 0.527272 0.702936
vt 0.527319 0.707472
vt 0.530580 0.705752
vt 0.530575 0.707499
vt 0.533942 0.705898
vt 0.533819 0.707641
vt 0.537264 0.706212
vt 0.537042 0.707950
vt 0.517586 0.708181
vt 0.516112 0.697433
vt 0.555443 0.713879
vt 0.552501 0.712500
vt 0.556523 0.703403
vt 0.560254 0.704156
vt 0.958873 0.985113
vt 0.955319 0.986478
vt 0.462862 0.646400
vt 0.462862 0.635992
vt 0.482739 0.635992
vt 0.482740 0.646398
vt 0.477881 0.494266
vt 0.497759 0.494266
vt 0.497759 0.512980
vt 0.477881 0.512980
vt 0.384607 0.579648
vt 0.376052 0.566357
vt 0.386841 0.581651
vt 0.385646 0.581216
vt 0.386013 0.583062
vt 0.386857 0.592060
vt 0.385653 0.584905
vt 0.500021 0.761344
vt 0.488804 0.761342
vt 0.488804 0.759465
vt 0.500021 0.759468
vt 0.488804 0.757597
vt 0.500021 0.757597
vt 0.488804 0.755725
vt 0.500021 0.755725
vt 0.384614 0.586467
vt 0.490776 0.194052
vt 0.488531 0.199643
vt 0.489732 0.192488
vt 0.492338 0.195098
vt 0.488804 0.753853
vt 0.500021 0.753852
vt 0.488804 0.751980
vt 0.500021 0.751977
vt 0.383056 0.587510
vt 0.381209 0.592898
vt 0.381216 0.587874
vt 0.282653 0.493694
vt 0.282653 0.497533
vt 0.271437 0.497532
vt 0.271437 0.493692
vt 0.282653 0.503241
vt 0.271437 0.503241
vt 0.379378 0.587503
vt 0.377443 0.592139
vt 0.271437 0.489853
vt 0.282653 0.489852
vt 0.377817 0.586454
vt 0.374256 0.589997
vt 0.271437 0.486013
vt 0.282653 0.486014
vt 0.376773 0.584885
vt 0.372128 0.586803
vt 0.271437 0.482175
vt 0.282653 0.482176
vt 0.371382 0.583039
vt 0.376404 0.583039
vt 0.372129 0.579272
vt 0.376770 0.581195
vt 0.282653 0.478337
vt 0.271437 0.478338
vt 0.271437 0.471747
vt 0.282653 0.471750
vt 0.377812 0.579632
vt 0.374697 0.573202
vt 0.500021 0.744478
vt 0.488804 0.744485
vt 0.488804 0.742607
vt 0.500021 0.742600
vt 0.488804 0.740727
vt 0.500021 0.740723
vt 0.497563 0.187228
vt 0.503249 0.186866
vt 0.498610 0.188795
vt 0.504004 0.190630
vt 0.498981 0.190642
vt 0.488804 0.738848
vt 0.500021 0.738843
vt 0.496000 0.186182
vt 0.500676 0.180797
vt 0.499327 0.173949
vt 0.494163 0.185818
vt 0.488804 0.736968
vt 0.500021 0.736966
vt 0.381210 0.578229
vt 0.379371 0.578591
vt 0.488804 0.735087
vt 0.500021 0.735086
vt 0.383050 0.578599
vt 0.492324 0.186188
vt 0.490768 0.187234
vt 0.488804 0.733207
vt 0.500021 0.733207
vt 0.489729 0.188800
vt 0.488534 0.189236
vt 0.500021 0.763221
vt 0.488804 0.763221
vt 0.489366 0.190645
vt 0.503264 0.194398
vt 0.498618 0.192488
vt 0.488804 0.746360
vt 0.500021 0.746353
vt 0.501139 0.197597
vt 0.497579 0.194053
vt 0.488804 0.748235
vt 0.500021 0.748228
vt 0.497947 0.199739
vt 0.496020 0.195099
vt 0.488804 0.750108
vt 0.500021 0.750103
vt 0.494180 0.195468
vt 0.494178 0.200490
vt 0.271437 0.464774
vt 0.282653 0.464774
vt 0.597101 0.887829
vt 0.537134 0.646537
vt 0.144183 0.981158
vt 0.152608 0.981159
vt 0.152608 0.990574
vt 0.144183 0.990573
vt 0.723057 0.709386
vt 0.707739 0.704272
vt 0.717154 0.704250
vt 0.607865 0.694980
vt 0.707714 0.694703
vt 0.607906 0.709701
vt 0.251414 0.610923
vt 0.251407 0.524851
vt 0.251413 0.617691
vt 0.234845 0.406004
vt 0.234844 0.402515
vt 0.243785 0.402512
vt 0.243786 0.406001
vt 0.599425 0.503727
vt 0.588291 0.503736
vt 0.237700 0.410596
vt 0.243788 0.410594
vt 0.027853 0.914780
vt 0.019935 0.914779
vt 0.019935 0.910432
vt 0.031069 0.910434
vt 0.963066 0.144183
vt 0.963067 0.146676
vt 0.954125 0.146680
vt 0.954124 0.144189
vt 0.960215 0.149956
vt 0.954126 0.149958
vt 0.259420 0.288175
vt 0.251502 0.288175
vt 0.251503 0.282087
vt 0.259421 0.282087
vt 0.668964 0.776658
vt 0.668973 0.779937
vt 0.661055 0.779959
vt 0.657830 0.776689
vt 0.668957 0.774167
vt 0.655380 0.774205
vt 0.961235 0.347847
vt 0.961235 0.356772
vt 0.971327 0.586181
vt 0.971327 0.578099
vt 0.980269 0.578099
vt 0.980269 0.586181
vt 0.836899 0.627253
vt 0.836899 0.633023
vt 0.828981 0.633023
vt 0.823321 0.627253
vt 0.960314 0.330478
vt 0.960721 0.339408
vt 0.998908 0.366669
vt 0.990989 0.366669
vt 0.990989 0.357728
vt 0.998908 0.357728
vt 0.831989 0.732933
vt 0.831989 0.738702
vt 0.823048 0.738702
vt 0.823048 0.732933
vt 0.197705 0.516692
vt 0.189787 0.516692
vt 0.189787 0.510923
vt 0.203365 0.510923
vt 0.523484 0.039486
vt 0.523484 0.031404
vt 0.532427 0.031404
vt 0.532427 0.039486
vt 0.509556 0.179718
vt 0.501638 0.179718
vt 0.501638 0.173949
vt 0.515217 0.173949
vt 0.020207 0.259080
vt 0.012288 0.259080
vt 0.012288 0.250136
vt 0.020207 0.250136
vt 0.152307 0.351174
vt 0.152307 0.356944
vt 0.143364 0.356944
vt 0.143364 0.351174
vt 0.837445 0.645003
vt 0.837445 0.650773
vt 0.829527 0.650773
vt 0.823867 0.645003
vt 0.959383 0.312752
vt 0.959849 0.321679
vt 0.227899 0.439972
vt 0.227877 0.441724
vt 0.231247 0.440117
vt 0.231107 0.441862
vt 0.234615 0.440509
vt 0.234313 0.442232
vt 0.238439 0.438397
vt 0.237486 0.442830
vt 0.242574 0.436273
vt 0.240634 0.443591
vt 0.143010 0.990686
vt 0.545604 0.299998
vt 0.545604 0.291917
vt 0.554545 0.291917
vt 0.554545 0.299998
vt 0.961421 0.126707
vt 0.961421 0.132476
vt 0.953503 0.132476
vt 0.947843 0.126707
vt 0.968566 0.231895
vt 0.955001 0.232533
vt 0.954581 0.223602
vt 0.968144 0.222964
vt 0.550722 0.892955
vt 0.550722 0.898724
vt 0.541780 0.898724
vt 0.541780 0.892955
vt 0.967727 0.214031
vt 0.963067 0.162480
vt 0.963067 0.168249
vt 0.954124 0.168249
vt 0.954124 0.162480
vt 0.806389 0.749080
vt 0.798471 0.749080
vt 0.798471 0.743310
vt 0.812049 0.743310
vt 0.439378 0.086223
vt 0.431459 0.086223
vt 0.431459 0.077280
vt 0.439378 0.077280
vt 0.179062 0.783998
vt 0.179062 0.789767
vt 0.171144 0.789767
vt 0.165484 0.783998
vt 0.384490 0.576624
vt 0.384490 0.568542
vt 0.393433 0.568542
vt 0.393433 0.576624
vt 0.954162 0.214648
vt 0.953756 0.205716
vt 0.967320 0.205100
vt 0.683780 0.407317
vt 0.683780 0.399236
vt 0.692721 0.399236
vt 0.692721 0.407317
vt 0.492626 0.808610
vt 0.484708 0.808610
vt 0.484708 0.802841
vt 0.498286 0.802841
vt 0.966913 0.196172
vt 0.340181 0.594211
vt 0.340181 0.599980
vt 0.331240 0.599980
vt 0.331240 0.594211
vt 0.692518 0.377866
vt 0.684599 0.377866
vt 0.684599 0.368924
vt 0.692518 0.368924
vt 0.972071 0.322774
vt 0.972071 0.328544
vt 0.964153 0.328544
vt 0.958493 0.322774
vt 0.953347 0.196790
vt 0.952941 0.187858
vt 0.966506 0.187245
vt 0.994195 0.232386
vt 0.994195 0.238156
vt 0.985254 0.238156
vt 0.985254 0.232386
vt 0.444019 0.897905
vt 0.436101 0.897905
vt 0.436101 0.892136
vt 0.449679 0.892136
vt 0.525942 0.821886
vt 0.518023 0.821886
vt 0.518023 0.812944
vt 0.525942 0.812944
vt 0.966610 0.233752
vt 0.966610 0.239521
vt 0.958692 0.239521
vt 0.953032 0.233752
vt 0.604042 0.719169
vt 0.604042 0.711087
vt 0.612983 0.711087
vt 0.612983 0.719169
vt 0.931185 0.601240
vt 0.923266 0.601240
vt 0.923266 0.592299
vt 0.931185 0.592299
vt 0.582741 0.985289
vt 0.574823 0.985289
vt 0.574823 0.979520
vt 0.588401 0.979520
vt 0.831785 0.668249
vt 0.823867 0.668249
vt 0.823867 0.662480
vt 0.837445 0.662480
vt 0.355746 0.811340
vt 0.346805 0.811340
vt 0.346805 0.805571
vt 0.355746 0.805571
vt 0.994882 0.275177
vt 0.995378 0.284104
vt 0.998908 0.610868
vt 0.998908 0.619810
vt 0.990989 0.619810
vt 0.990989 0.610868
vt 0.759421 0.314583
vt 0.768362 0.314583
vt 0.768362 0.322664
vt 0.759421 0.322664
vt 0.132913 0.477916
vt 0.127252 0.472146
vt 0.140831 0.472146
vt 0.140831 0.477916
vt 0.995865 0.293054
vt 0.996356 0.301982
vt 0.520207 0.918932
vt 0.512288 0.918932
vt 0.512288 0.913162
vt 0.525867 0.913162
vt 0.349193 0.255906
vt 0.340252 0.255906
vt 0.340252 0.250136
vt 0.349193 0.250136
vt 0.348716 0.981705
vt 0.348716 0.990646
vt 0.340797 0.990646
vt 0.340797 0.981705
vt 0.837520 0.365648
vt 0.846462 0.365648
vt 0.846462 0.373729
vt 0.837520 0.373729
vt 0.956780 0.221772
vt 0.951120 0.216002
vt 0.964698 0.216002
vt 0.964698 0.221772
vt 0.996829 0.310960
vt 0.997303 0.319889
vt 0.262697 0.653503
vt 0.254779 0.653503
vt 0.254779 0.647734
vt 0.268357 0.647734
vt 0.012766 0.963989
vt 0.003823 0.963989
vt 0.003823 0.958220
vt 0.012766 0.958220
vt 0.866740 0.809667
vt 0.866740 0.818610
vt 0.858821 0.818610
vt 0.858821 0.809667
vt 0.489350 0.047515
vt 0.498293 0.047515
vt 0.498293 0.055596
vt 0.489350 0.055596
vt 0.551536 0.917840
vt 0.545876 0.912070
vt 0.559455 0.912070
vt 0.559455 0.917840
vt 0.253885 0.302875
vt 0.248225 0.297106
vt 0.261803 0.297106
vt 0.261803 0.302875
vt 0.950847 0.484981
vt 0.950847 0.493924
vt 0.942928 0.493923
vt 0.942928 0.484981
vt 0.747099 0.986482
vt 0.743545 0.985116
vt 0.743546 0.968308
vt 0.015602 0.885568
vt 0.005690 0.886426
vt 0.007827 0.882655
vt 0.015397 0.882314
vt 0.010780 0.879079
vt 0.015335 0.879039
vt 1.663162 0.301225
vt 1.665463 0.303522
vt 1.666304 0.306663
vt 1.660022 0.300382
vt 0.013537 0.875714
vt 0.015175 0.875879
vt 0.014469 0.872295
vt 0.016199 0.872829
vt 0.017207 0.869750
vt 0.015578 0.869123
vt 0.016887 0.866034
vt 0.018480 0.866768
vt 0.019918 0.863860
vt 0.018397 0.862993
vt 0.021536 0.861046
vt 0.017665 0.858683
vt 0.023293 0.858303
vt 0.017008 0.854076
vt 0.025166 0.855640
vt 0.017158 0.849738
vt 0.027150 0.853062
vt 0.018700 0.846259
vt 0.015947 0.888806
vt 0.005189 0.890199
vt 0.739994 0.986479
vt 0.737564 0.990069
vt 0.736891 0.994662
vt 0.737971 0.998876
vt 0.675822 0.968099
vt 0.304125 0.047768
vt 0.302628 0.046276
vt 0.953198 0.819246
vt 0.945386 0.819249
vt 0.953202 0.826337
vt 0.945386 0.835831
vt 0.959680 0.834975
vt 0.959680 0.852009
vt 0.956196 0.851804
vt 0.959680 0.853209
vt 0.956205 0.853213
vt 0.257662 0.900413
vt 0.959680 0.854486
vt 0.956205 0.854489
vt 0.258716 0.901194
vt 0.959680 0.855791
vt 0.956205 0.855793
vt 0.959680 0.857068
vt 0.956205 0.857068
vt 0.259910 0.901689
vt 0.959680 0.858266
vt 0.956205 0.858266
vt 0.959680 0.890150
vt 0.956205 0.890150
vt 0.966412 0.975556
vt 0.966413 0.971874
vt 0.969888 0.971876
vt 0.969888 0.975560
vt 0.252051 0.978292
vt 0.337908 0.274986
vt 0.341713 0.275103
vt 0.338604 0.285495
vt 0.335470 0.284629
vt 0.300790 0.287810
vt 0.296559 0.277822
vt 0.300326 0.277291
vt 0.303810 0.286607
vt 0.304533 0.278332
vt 0.306876 0.285533
vt 0.308774 0.280223
vt 0.309986 0.284593
vt 0.312708 0.282100
vt 0.313123 0.283796
vt 0.316033 0.281464
vt 0.316295 0.283198
vt 0.258809 0.002670
vt 0.261173 0.000275
vt 0.319371 0.281084
vt 0.319496 0.282830
vt 0.322733 0.280980
vt 0.322713 0.282728
vt 0.326126 0.281160
vt 0.325926 0.282896
vt 0.329826 0.278837
vt 0.329123 0.283315
vt 0.333837 0.276485
vt 0.332309 0.283901
vt 0.249619 0.981883
vt 0.248943 0.986478
vt 0.250024 0.990689
vt 0.348772 0.978292
vt 0.351202 0.981881
vt 0.357973 0.990687
vt 0.351876 0.986473
vt 0.160804 0.402967
vt 0.164501 0.412201
vt 0.160269 0.411256
vt 0.157767 0.404110
vt 0.155979 0.409458
vt 0.154688 0.405113
vt 0.152002 0.407649
vt 0.151580 0.405953
vt 0.350796 0.990687
vt 0.163795 0.401693
vt 0.168256 0.411581
vt 0.122610 0.413280
vt 0.126329 0.403089
vt 1.451802 0.709220
vt 1.449501 0.706918
vt 1.455694 0.697981
vt 1.448662 0.703777
vt 1.449505 0.700637
vt 1.451806 0.698339
vt 1.453155 0.697979
vt 1.461231 0.703782
vt 1.460391 0.706923
vt 1.460391 0.700641
vt 1.458089 0.709223
vt 1.454946 0.710065
vt 1.456742 0.697981
vt 1.458091 0.698342
vt 1.654581 0.303521
vt 1.656881 0.301224
vt 1.653741 0.306663
vt 1.654582 0.309806
vt 1.660024 0.312945
vt 1.656882 0.312105
vt 1.665465 0.309805
vt 1.663165 0.312104
vt 0.462222 0.351866
vt 0.460239 0.353409
vt 0.454613 0.349526
vt 0.652103 0.544622
vt 0.726373 0.544608
vt 0.726373 0.551441
vt 0.652103 0.551451
vt 0.462162 0.367267
vt 0.454554 0.359113
vt 0.652103 0.536575
vt 0.726373 0.536562
vt 0.726373 0.556806
vt 0.726373 0.561552
vt 0.652103 0.561552
vt 0.652103 0.556806
vt 0.814847 0.548335
vt 0.814848 0.566020
vt 0.740580 0.563745
vt 0.740579 0.548339
vt 0.458900 0.348482
vt 0.454623 0.348443
vt 0.652103 0.552531
vt 0.726373 0.552525
vt 0.467566 0.401441
vt 0.471842 0.401420
vt 0.471847 0.402503
vt 0.466205 0.406359
vt 0.464227 0.404809
vt 0.464254 0.422491
vt 0.471876 0.412074
vt 0.485185 0.422472
vt 0.485185 0.412066
vt 0.693723 0.583344
vt 0.684325 0.562807
vt 0.705257 0.562807
vt 0.705258 0.583345
vt 0.693723 0.603879
vt 0.688666 0.603882
vt 0.448662 0.764337
vt 0.522966 0.764337
vt 0.489116 0.788012
vt 0.498494 0.412074
vt 0.506115 0.422491
vt 0.716792 0.583344
vt 0.726190 0.562807
vt 0.721850 0.603884
vt 0.716792 0.603882
vt 0.475764 0.190008
vt 0.475764 0.207300
vt 0.464227 0.207300
vt 0.464227 0.190006
vt 0.608292 0.905153
vt 0.590984 0.916210
vt 0.591022 0.904289
vt 0.721673 0.605940
vt 0.716792 0.605938
vt 0.589135 0.917109
vt 0.561429 0.913380
vt 0.721544 0.608281
vt 0.716792 0.608281
vt 0.184187 0.478640
vt 0.182391 0.480887
vt 0.156371 0.481505
vt 0.154552 0.480530
vt 0.179734 0.482497
vt 0.158600 0.482244
vt 0.176928 0.483032
vt 0.160634 0.482551
vt 0.721497 0.610338
vt 0.716792 0.610337
vt 0.586886 0.917761
vt 0.563152 0.915653
vt 0.565756 0.917324
vt 0.584843 0.917997
vt 0.568543 0.917942
vt 0.721498 0.626639
vt 0.721608 0.629494
vt 0.716792 0.629491
vt 0.716792 0.626637
vt 0.721902 0.632587
vt 0.716792 0.632586
vt 0.722308 0.635441
vt 0.716792 0.635440
vt 0.716792 0.659459
vt 0.726187 0.659459
vt 0.195002 0.456854
vt 0.120699 0.456854
vt 0.422246 0.353417
vt 0.420329 0.367276
vt 0.420262 0.351875
vt 0.759141 0.466531
vt 0.684872 0.468805
vt 0.684874 0.451120
vt 0.759142 0.451125
vt 0.427933 0.359119
vt 0.429718 0.367241
vt 0.726373 0.495084
vt 0.726373 0.501918
vt 0.652103 0.501925
vt 0.652103 0.495092
vt 0.427870 0.349530
vt 0.726372 0.509963
vt 0.652103 0.509972
vt 0.504168 0.406359
vt 0.506146 0.404809
vt 0.502806 0.401442
vt 0.498525 0.402506
vt 0.498530 0.401423
vt 0.652103 0.484981
vt 0.726373 0.484982
vt 0.726373 0.489727
vt 0.652103 0.489727
vt 0.726373 0.494002
vt 0.652103 0.494007
vt 0.423582 0.348488
vt 0.427859 0.348447
vt 0.441244 0.359091
vt 0.441244 0.367222
vt 0.726373 0.523261
vt 0.652103 0.523275
vt 0.452772 0.367236
vt 0.475764 0.176716
vt 0.475764 0.143638
vt 0.487302 0.143638
vt 0.487302 0.176715
vt 0.581990 0.436229
vt 0.588622 0.424709
vt 0.621678 0.423539
vt 0.611582 0.445328
vt 0.693723 0.659448
vt 0.684328 0.659448
vt 0.688210 0.635431
vt 0.693723 0.635429
vt 0.564719 0.437088
vt 0.582025 0.448150
vt 0.583874 0.449051
vt 0.487302 0.190006
vt 0.487302 0.207300
vt 0.688844 0.605936
vt 0.693723 0.605931
vt 0.688973 0.608275
vt 0.693723 0.608272
vt 0.487299 0.788987
vt 0.459481 0.786127
vt 0.461281 0.788377
vt 0.485073 0.789729
vt 0.463940 0.789987
vt 0.689020 0.610330
vt 0.693723 0.610327
vt 0.483040 0.790037
vt 0.466746 0.790521
vt 0.689020 0.626628
vt 0.693723 0.626628
vt 0.607255 0.449270
vt 0.588167 0.449943
vt 0.586124 0.449706
vt 0.609858 0.447600
vt 0.604467 0.449888
vt 0.693723 0.629481
vt 0.688910 0.629482
vt 0.693723 0.632575
vt 0.688614 0.632578
vt 0.464227 0.143638
vt 0.464227 0.176715
vt 0.551338 0.891589
vt 0.584394 0.892768
vt 0.355817 0.869201
vt 0.355817 0.865265
vt 0.363290 0.865256
vt 0.363290 0.869194
vt 0.355817 0.861327
vt 0.363290 0.861323
vt 0.339681 0.467597
vt 0.341268 0.463770
vt 0.343557 0.464228
vt 0.343554 0.468371
vt 0.347431 0.467603
vt 0.345848 0.463774
vt 0.355817 0.873142
vt 0.363290 0.873139
vt 0.339327 0.462473
vt 0.336395 0.465400
vt 0.986892 0.026050
vt 0.986892 0.024068
vt 0.988943 0.024072
vt 0.988943 0.026052
vt 0.988943 0.028028
vt 0.986892 0.028032
vt 0.776989 0.685064
vt 0.771077 0.689014
vt 0.769688 0.688084
vt 0.776665 0.686701
vt 0.772713 0.689340
vt 0.986892 0.022090
vt 0.988943 0.022089
vt 0.774350 0.689016
vt 0.775738 0.688089
vt 0.986892 0.020114
vt 0.988943 0.020114
vt 0.986892 0.018144
vt 0.988943 0.018141
vt 0.347786 0.462480
vt 0.350717 0.465406
vt 0.349082 0.460538
vt 0.352911 0.462120
vt 0.355817 0.857385
vt 0.363290 0.857381
vt 0.355817 0.853443
vt 0.363290 0.853439
vt 0.355817 0.849497
vt 0.363290 0.849494
vt 0.349535 0.458248
vt 0.353676 0.458243
vt 0.355817 0.845549
vt 0.363290 0.845547
vt 0.349076 0.455957
vt 0.352903 0.454368
vt 0.355817 0.841598
vt 0.363290 0.841597
vt 0.347778 0.454013
vt 0.350708 0.451084
vt 0.355817 0.837647
vt 0.363290 0.837648
vt 0.345837 0.452716
vt 0.347423 0.448888
vt 0.355817 0.833697
vt 0.363290 0.833697
vt 0.343545 0.452259
vt 0.343547 0.448116
vt 0.355817 0.896830
vt 0.355817 0.892881
vt 0.363290 0.892883
vt 0.363290 0.896830
vt 0.341256 0.452712
vt 0.339673 0.448884
vt 0.355817 0.888930
vt 0.363290 0.888931
vt 0.339316 0.454008
vt 0.336386 0.451079
vt 0.355817 0.884979
vt 0.363290 0.884980
vt 0.338021 0.455949
vt 0.334191 0.454367
vt 0.355817 0.881032
vt 0.363290 0.881030
vt 0.337567 0.458238
vt 0.333425 0.458243
vt 0.355817 0.877085
vt 0.363290 0.877084
vt 0.338026 0.460529
vt 0.334199 0.462118
vt 0.986892 0.031978
vt 0.986892 0.030007
vt 0.988943 0.030006
vt 0.988943 0.031977
vt 0.768759 0.686693
vt 0.775735 0.682035
vt 0.768433 0.685053
vt 0.774346 0.681104
vt 0.986892 0.014230
vt 0.986892 0.012298
vt 0.988943 0.012274
vt 0.988943 0.014225
vt 0.986892 0.010391
vt 0.988943 0.010333
vt 0.776663 0.683425
vt 0.986892 0.008465
vt 0.988943 0.008465
vt 0.768757 0.683414
vt 0.772708 0.680776
vt 0.769684 0.682026
vt 0.771073 0.681100
vt 0.986892 0.033931
vt 0.988943 0.033941
vt 0.988943 0.035894
vt 0.986892 0.035867
vt 0.988943 0.037834
vt 0.986892 0.037778
vt 0.988943 0.039702
vt 0.986892 0.039702
vt 0.988943 0.016181
vt 0.986892 0.016185
vt 0.268110 0.058165
vt 0.268111 0.059873
vt 0.264528 0.059873
vt 0.264529 0.058165
vt 0.260942 0.059873
vt 0.260942 0.058165
vt 0.257354 0.059873
vt 0.257353 0.058165
vt 0.985254 0.841248
vt 0.985254 0.837977
vt 0.989731 0.837979
vt 0.989731 0.841250
vt 0.989731 0.844522
vt 0.985254 0.844519
vt 0.985254 0.834709
vt 0.989731 0.834715
vt 0.985254 0.831445
vt 0.989731 0.831454
vt 0.985254 0.828184
vt 0.989731 0.828194
vt 0.985254 0.824926
vt 0.989731 0.824933
vt 0.985254 0.821662
vt 0.989731 0.821666
vt 0.985254 0.818394
vt 0.989731 0.818398
vt 0.985254 0.815123
vt 0.989731 0.815124
vt 0.985254 0.811848
vt 0.989731 0.811847
vt 0.985254 0.808573
vt 0.989731 0.808573
vt 0.985254 0.805298
vt 0.989731 0.805298
vt 0.985254 0.854346
vt 0.989731 0.854346
vt 0.989731 0.857619
vt 0.985254 0.857619
vt 0.985254 0.851069
vt 0.989731 0.851069
vt 0.985254 0.847794
vt 0.989731 0.847795
vt 0.271671 0.058165
vt 0.271690 0.059873
vt 0.275238 0.058165
vt 0.275243 0.059873
vt 0.278789 0.058165
vt 0.278810 0.059873
vt 0.282302 0.058165
vt 0.282302 0.059873
vt 0.228796 0.058165
vt 0.228777 0.059873
vt 0.225287 0.059873
vt 0.225287 0.058165
vt 0.232345 0.058165
vt 0.232340 0.059873
vt 0.235908 0.058165
vt 0.235882 0.059873
vt 0.239464 0.058165
vt 0.239442 0.059873
vt 0.243027 0.058165
vt 0.243013 0.059873
vt 0.246597 0.058165
vt 0.246596 0.059873
vt 0.250178 0.058165
vt 0.250184 0.059873
vt 0.253763 0.058165
vt 0.253772 0.059873
vt 0.573574 0.980339
vt 0.573574 0.987186
vt 0.564556 0.987186
vt 0.945386 0.690253
vt 0.945412 0.682171
vt 0.954428 0.682200
vt 0.954402 0.690283
vt 0.612010 0.304854
vt 0.619838 0.308864
vt 0.606264 0.308551
vt 0.611789 0.314451
vt 0.619706 0.314631
vt 0.945435 0.674256
vt 0.954452 0.674279
vt 0.945448 0.668487
vt 0.954295 0.668507
vt 0.864554 0.677809
vt 0.856636 0.677809
vt 0.856636 0.672037
vt 0.870215 0.672040
vt 0.831924 0.749191
vt 0.818371 0.749190
vt 0.818371 0.740262
vt 0.831924 0.740262
vt 0.813217 0.758061
vt 0.818371 0.758061
vt 0.818547 0.687287
vt 0.818481 0.696075
vt 0.818438 0.678564
vt 0.813217 0.601311
vt 0.818485 0.669794
vt 0.818550 0.704923
vt 0.818425 0.713722
vt 0.818460 0.722503
vt 0.818337 0.731422
vt 0.625010 0.308988
vt 0.612417 0.287515
vt 0.614960 0.286836
vt 0.616409 0.285454
vt 0.617151 0.282929
vt 0.627818 0.190661
vt 0.616527 0.280373
vt 0.828510 0.238083
vt 0.841703 0.208341
vt 0.841642 0.226988
vt 0.833686 0.238100
vt 0.841804 0.177246
vt 0.839254 0.176237
vt 0.818373 0.601312
vt 0.818373 0.616889
vt 0.828791 0.114241
vt 0.837858 0.156465
vt 0.837154 0.163756
vt 0.837814 0.171046
vt 0.818352 0.634558
vt 0.818340 0.643368
vt 0.818340 0.625709
vt 0.818413 0.652208
vt 0.818394 0.661009
vt 0.831928 0.625709
vt 0.831928 0.616889
vt 0.440610 0.034953
vt 0.425175 0.040916
vt 0.425101 0.035148
vt 0.417258 0.041019
vt 0.411524 0.035324
vt 0.735245 0.681614
vt 0.733317 0.689463
vt 0.708902 0.676406
vt 0.841549 0.254674
vt 0.833631 0.254648
vt 0.406063 0.980339
vt 0.440825 0.987186
vt 0.432033 0.987186
vt 0.449619 0.987186
vt 0.893501 0.614067
vt 0.893564 0.605987
vt 0.902356 0.606052
vt 0.902294 0.614135
vt 0.220371 0.677807
vt 0.212453 0.677807
vt 0.212453 0.672037
vt 0.226031 0.672039
vt 0.893622 0.598069
vt 0.902413 0.598133
vt 0.893550 0.592299
vt 0.902398 0.592361
vt 0.868304 0.082778
vt 0.862644 0.077009
vt 0.876222 0.077008
vt 0.876222 0.082779
vt 0.458411 0.987185
vt 0.831905 0.643368
vt 0.831905 0.634558
vt 0.467203 0.987186
vt 0.457334 0.854101
vt 0.457343 0.846019
vt 0.466135 0.846028
vt 0.466126 0.854111
vt 0.148825 0.383162
vt 0.140907 0.383162
vt 0.140907 0.377390
vt 0.154486 0.377393
vt 0.466142 0.838108
vt 0.457350 0.838102
vt 0.457128 0.832333
vt 0.465976 0.832338
vt 0.599870 0.924942
vt 0.594211 0.919172
vt 0.607790 0.919170
vt 0.607788 0.924944
vt 0.475995 0.987186
vt 0.831957 0.661009
vt 0.831957 0.652208
vt 0.484783 0.987186
vt 0.261409 0.506757
vt 0.261409 0.498676
vt 0.270199 0.498673
vt 0.270199 0.506756
vt 0.615785 0.915661
vt 0.607867 0.915662
vt 0.607865 0.909886
vt 0.621446 0.909892
vt 0.270195 0.490752
vt 0.261403 0.490761
vt 0.261059 0.484992
vt 0.269908 0.484981
vt 0.509755 0.006047
vt 0.504096 0.000278
vt 0.517678 0.000273
vt 0.517672 0.006051
vt 0.493562 0.987186
vt 0.832013 0.678564
vt 0.832013 0.669794
vt 0.502344 0.987186
vt 0.647139 0.150408
vt 0.647125 0.142327
vt 0.655917 0.142310
vt 0.655932 0.150393
vt 0.983347 0.113367
vt 0.975424 0.107591
vt 0.989008 0.107599
vt 0.975429 0.113374
vt 0.655900 0.134389
vt 0.647107 0.134411
vt 0.646642 0.128643
vt 0.655490 0.128618
vt 0.309593 0.795784
vt 0.317517 0.790006
vt 0.317511 0.795792
vt 0.303933 0.790015
vt 0.511132 0.987186
vt 0.832064 0.696075
vt 0.832064 0.687287
vt 0.519923 0.987186
vt 0.099495 0.384990
vt 0.099467 0.376908
vt 0.108259 0.376876
vt 0.108288 0.384958
vt 0.139275 0.617468
vt 0.131349 0.611687
vt 0.144936 0.611700
vt 0.131357 0.617479
vt 0.108229 0.368957
vt 0.099437 0.368991
vt 0.098853 0.363225
vt 0.107700 0.363189
vt 0.986273 0.202125
vt 0.994201 0.196341
vt 0.994191 0.202138
vt 0.980612 0.196356
vt 0.528716 0.987186
vt 0.832043 0.713722
vt 0.832043 0.704923
vt 0.537507 0.987186
vt 0.798758 0.433081
vt 0.798703 0.425000
vt 0.807494 0.424938
vt 0.807549 0.433020
vt 0.105691 0.422498
vt 0.097761 0.416713
vt 0.111352 0.416729
vt 0.097773 0.422515
vt 0.807435 0.417016
vt 0.798644 0.417083
vt 0.797925 0.411319
vt 0.806773 0.411250
vt 0.829529 0.685746
vt 0.837462 0.679957
vt 0.837447 0.685766
vt 0.823867 0.679978
vt 0.546525 0.987186
vt 0.831957 0.731422
vt 0.831957 0.722503
vt 0.555540 0.987186
vt 0.196718 0.478640
vt 0.196706 0.470559
vt 0.205722 0.470544
vt 0.205734 0.478627
vt 0.982257 0.077598
vt 0.974331 0.071819
vt 0.987918 0.071829
vt 0.196691 0.462641
vt 0.205707 0.462623
vt 0.974339 0.077611
vt 0.196341 0.456873
vt 0.205189 0.456854
vt 0.296758 0.814351
vt 0.291098 0.808582
vt 0.304679 0.808575
vt 0.304676 0.814355
vt 0.338599 0.569565
vt 0.339619 0.571572
vt 0.306618 0.571207
vt 0.301638 0.569143
vt 0.340330 0.574209
vt 0.307377 0.573853
vt 0.472476 0.607591
vt 0.471302 0.620686
vt 0.470255 0.618160
vt 0.470250 0.607592
vt 0.468497 0.616745
vt 0.468492 0.607591
vt 0.339681 0.577264
vt 0.316121 0.577017
vt 0.472481 0.629194
vt 0.470433 0.623688
vt 0.468974 0.629186
vt 0.468981 0.624712
vt 0.338638 0.578706
vt 0.338495 0.579424
vt 0.317308 0.579202
vt 0.468449 0.629185
vt 0.468454 0.625219
vt 0.341071 0.010798
vt 0.348619 0.011258
vt 0.351118 0.013717
vt 0.348480 0.010752
vt 0.984988 0.040961
vt 0.988953 0.040962
vt 0.988952 0.048373
vt 0.984981 0.062149
vt 0.362712 0.018692
vt 0.504168 0.789494
vt 0.524896 0.799550
vt 0.519764 0.805723
vt 0.506947 0.805694
vt 0.488239 0.791370
vt 0.489831 0.789459
vt 0.495729 0.007295
vt 0.359093 0.007289
vt 0.362992 0.000273
vt 0.495729 0.000276
vt 0.495488 0.011359
vt 0.495447 0.019390
vt 0.360413 0.011167
vt 0.360569 0.010650
vt 0.357917 0.013659
vt 0.354519 0.014593
vt 0.475988 0.607591
vt 0.475988 0.629194
vt 0.437698 0.607591
vt 0.437702 0.629197
vt 0.434189 0.629197
vt 0.434190 0.607591
vt 0.438887 0.620687
vt 0.439926 0.607591
vt 0.439934 0.618160
vt 0.441687 0.607591
vt 0.441693 0.616745
vt 0.444329 0.616064
vt 0.444322 0.607591
vt 0.446915 0.607591
vt 0.446927 0.616746
vt 0.449028 0.607591
vt 0.449045 0.618607
vt 0.630777 0.923307
vt 0.630268 0.920668
vt 0.764998 0.920875
vt 0.629271 0.918027
vt 0.764993 0.918240
vt 0.628591 0.915388
vt 0.764991 0.915605
vt 0.450022 0.621151
vt 0.451587 0.607591
vt 0.451624 0.624039
vt 0.449525 0.623694
vt 0.628950 0.912814
vt 0.764989 0.913033
vt 0.448118 0.624584
vt 0.629948 0.911477
vt 0.723398 0.910052
vt 0.630270 0.909886
vt 0.712759 0.908587
vt 0.619607 0.908587
vt 0.712696 0.904970
vt 0.790431 0.904970
vt 0.801056 0.910113
vt 0.801054 0.913019
vt 0.790431 0.908587
vt 0.722790 0.092737
vt 0.722033 0.087589
vt 0.800582 0.089061
vt 0.800478 0.094555
vt 0.609637 0.278027
vt 0.607638 0.280164
vt 0.604083 0.280079
vt 0.600294 0.276104
vt 0.801056 0.915568
vt 0.612185 0.277729
vt 0.801058 0.918184
vt 0.614709 0.278470
vt 0.596400 0.238308
vt 0.801061 0.920802
vt 0.765002 0.923514
vt 0.801068 0.923421
vt 0.765010 0.926153
vt 0.801078 0.926045
vt 0.630109 0.925940
vt 0.765023 0.928163
vt 0.801087 0.928042
vt 0.629075 0.927938
vt 0.801098 0.930672
vt 0.765036 0.930803
vt 0.631464 0.930569
vt 0.628345 0.930575
vt 0.354603 0.859383
vt 0.354597 0.876715
vt 0.318530 0.870208
vt 0.318536 0.859367
vt 0.276639 0.718924
vt 0.280252 0.708105
vt 0.280184 0.718946
vt 0.271709 0.713931
vt 0.277253 0.707468
vt 0.765038 0.933883
vt 0.638050 0.933638
vt 0.628967 0.933638
vt 0.765036 0.936073
vt 0.630129 0.935797
vt 0.629995 0.935087
vt 0.941016 0.223922
vt 0.944983 0.223921
vt 0.944983 0.358830
vt 0.941016 0.358831
vt 0.441214 0.629197
vt 0.441214 0.624720
vt 0.441740 0.625229
vt 0.441741 0.629195
vt 0.439760 0.623692
vt 0.271757 0.705898
vt 0.275724 0.705922
vt 0.993717 0.020781
vt 0.993715 0.157416
vt 0.990170 0.157416
vt 0.990172 0.008465
vt 0.187057 0.876730
vt 0.169579 0.870229
vt 0.894542 0.398148
vt 0.894047 0.348741
vt 0.912362 0.344894
vt 0.911956 0.410992
vt 0.223200 0.789799
vt 0.287085 0.806748
vt 0.208555 0.807055
vt 0.589842 0.260581
vt 0.590324 0.240470
vt 0.419062 0.374364
vt 0.371109 0.362464
vt 0.391476 0.354215
vt 0.419084 0.354247
vt 0.409339 0.065267
vt 0.416189 0.065265
vt 0.416192 0.071715
vt 0.388585 0.071726
vt 0.474645 0.434314
vt 0.474645 0.460176
vt 0.453032 0.462482
vt 0.453031 0.432004
vt 0.391491 0.323733
vt 0.390561 0.313507
vt 0.419092 0.313490
vt 0.419098 0.323714
vt 0.259720 0.790016
vt 0.259718 0.796466
vt 0.252868 0.796464
vt 0.232114 0.790006
vt 0.792101 0.176109
vt 0.774987 0.161393
vt 0.820635 0.161388
vt 0.820635 0.176110
vt 0.551884 0.000273
vt 0.574315 0.002779
vt 0.575396 0.055449
vt 0.552885 0.066148
vt 0.753231 0.524075
vt 0.727746 0.524075
vt 0.727744 0.478427
vt 0.753229 0.478427
vt 0.392681 0.481274
vt 0.401145 0.473462
vt 0.403042 0.473452
vt 0.418165 0.481135
vt 0.823387 0.095849
vt 0.824311 0.107330
vt 0.583276 0.107335
vt 0.570181 0.095855
vt 0.000273 0.721242
vt 0.241303 0.720918
vt 0.114672 0.781301
vt 0.057300 0.781379
vt 0.132032 0.781266
vt 0.189400 0.781185
vt 0.190567 0.781487
vt 0.216698 0.782005
vt 0.191422 0.782338
vt 0.016931 0.073852
vt 0.020263 0.073848
vt 0.020263 0.075062
vt 0.016931 0.075065
vt 0.016931 0.072638
vt 0.020263 0.072638
vt 0.333552 0.032190
vt 0.337730 0.033801
vt 0.336559 0.034114
vt 0.335705 0.034971
vt 0.016931 0.211292
vt 0.020263 0.211293
vt 0.020263 0.212502
vt 0.016931 0.212502
vt 0.335392 0.036138
vt 0.332660 0.033393
vt 0.016931 0.208652
vt 0.020263 0.208654
vt 0.332332 0.038767
vt 0.335390 0.038777
vt 0.016931 0.205960
vt 0.020263 0.205963
vt 0.335389 0.041471
vt 0.016931 0.204753
vt 0.020263 0.204760
vt 0.335701 0.042637
vt 0.332657 0.044218
vt 0.016931 0.203553
vt 0.020263 0.203559
vt 0.333549 0.045421
vt 0.336556 0.043490
vt 0.016931 0.202353
vt 0.020263 0.202360
vt 0.337725 0.043802
vt 0.016931 0.144997
vt 0.020263 0.145004
vt 0.395096 0.043777
vt 0.016931 0.143799
vt 0.020263 0.143805
vt 0.412456 0.043776
vt 0.403777 0.045835
vt 0.411287 0.043459
vt 0.396266 0.043459
vt 0.016931 0.142602
vt 0.020263 0.142604
vt 0.397120 0.042601
vt 0.016931 0.141401
vt 0.020263 0.141398
vt 0.397433 0.041426
vt 0.410428 0.042601
vt 0.949537 0.151124
vt 0.946205 0.151128
vt 0.946205 0.149916
vt 0.949537 0.149913
vt 0.949537 0.152334
vt 0.946205 0.152338
vt 0.410114 0.041429
vt 0.397434 0.038727
vt 0.946205 0.147219
vt 0.949537 0.147216
vt 0.410115 0.038734
vt 0.397436 0.036083
vt 0.949537 0.144574
vt 0.946205 0.144576
vt 0.410118 0.036092
vt 0.397124 0.034914
vt 0.016931 0.134864
vt 0.020263 0.134859
vt 0.020263 0.136068
vt 0.016931 0.136072
vt 0.020263 0.138706
vt 0.016931 0.138710
vt 0.016931 0.133653
vt 0.020263 0.133649
vt 0.396270 0.034055
vt 0.410433 0.034921
vt 0.946205 0.143364
vt 0.949537 0.143364
vt 0.949537 0.283303
vt 0.946205 0.283303
vt 0.946205 0.282091
vt 0.949536 0.282091
vt 0.411292 0.034060
vt 0.395101 0.033740
vt 0.403780 0.031677
vt 0.412460 0.033742
vt 0.946205 0.280882
vt 0.949537 0.280883
vt 0.946205 0.223512
vt 0.949537 0.223511
vt 0.474009 0.032183
vt 0.469831 0.033794
vt 0.868652 0.196751
vt 0.890806 0.266982
vt 0.868652 0.266983
vt 0.890806 0.268486
vt 0.868652 0.268484
vt 0.471856 0.034964
vt 0.474900 0.033386
vt 0.472170 0.036130
vt 0.471001 0.034108
vt 0.949537 0.222302
vt 0.946205 0.222304
vt 0.946205 0.221095
vt 0.949537 0.221093
vt 0.946205 0.219886
vt 0.949537 0.219884
vt 0.949537 0.217244
vt 0.946205 0.217246
vt 0.475229 0.038759
vt 0.472170 0.038768
vt 0.890806 0.273870
vt 0.868652 0.273866
vt 0.890806 0.279329
vt 0.868652 0.279325
vt 0.472169 0.041462
vt 0.474897 0.044212
vt 0.471854 0.042629
vt 0.946205 0.214552
vt 0.949537 0.214550
vt 0.946205 0.213340
vt 0.949537 0.213338
vt 0.946205 0.212131
vt 0.949537 0.212128
vt 0.474004 0.045416
vt 0.470998 0.043483
vt 0.890806 0.280823
vt 0.868652 0.280818
vt 0.890806 0.351044
vt 0.868652 0.351037
vt 0.469828 0.043795
vt 0.946205 0.210918
vt 0.949537 0.210917
vt 0.946205 0.153546
vt 0.949537 0.153545
vt 0.056150 0.791128
vt 0.057319 0.791444
vt 0.072566 0.807278
vt 0.018447 0.787180
vt 0.107505 0.807233
vt 0.114690 0.791370
vt 0.110092 0.806537
vt 0.458637 0.624032
vt 0.458663 0.632852
vt 0.457824 0.633072
vt 0.455145 0.633075
vt 0.056848 0.377395
vt 0.091782 0.377390
vt 0.090975 0.377697
vt 0.460734 0.623677
vt 0.462148 0.624560
vt 0.460219 0.621141
vt 0.458607 0.607591
vt 0.462166 0.630360
vt 0.455101 0.607591
vt 0.053796 0.382887
vt 0.088495 0.381208
vt 0.088177 0.382887
vt 0.463380 0.625613
vt 0.463392 0.629170
vt 0.000273 0.889993
vt 0.000276 0.843256
vt 0.003833 0.855613
vt 0.003830 0.889993
vt 0.291878 0.552977
vt 0.338611 0.553579
vt 0.338909 0.555172
vt 0.732582 0.693769
vt 0.727937 0.698002
vt 0.715206 0.696205
vt 0.708276 0.693586
vt 0.284642 0.554566
vt 0.282262 0.555784
vt 0.339889 0.556518
vt 0.842290 0.149177
vt 0.845766 0.114266
vt 0.844832 0.150206
vt 0.340215 0.559083
vt 0.281267 0.558345
vt 0.676310 0.672200
vt 0.705691 0.692916
vt 0.684601 0.661664
vt 0.673540 0.669700
vt 0.845773 0.110517
vt 0.828796 0.110501
vt 0.839738 0.151130
vt 0.828799 0.106367
vt 0.845775 0.106375
vt 0.671176 0.666323
vt 0.683209 0.659424
vt 0.669719 0.662648
vt 0.843171 0.103042
vt 0.845748 0.102403
vt 0.828799 0.103037
vt 0.459269 0.163686
vt 0.444616 0.166578
vt 0.441834 0.152481
vt 0.456486 0.149583
vt 0.441444 0.149868
vt 0.456199 0.146936
vt 0.453284 0.144681
vt 0.441251 0.147091
vt 0.226423 0.521206
vt 0.224242 0.522947
vt 0.218755 0.511031
vt 0.227877 0.518603
vt 0.221669 0.523559
vt 0.207300 0.523580
vt 0.207264 0.511161
vt 0.228386 0.515535
vt 0.224462 0.505210
vt 0.229132 0.461824
vt 0.224502 0.481780
vt 0.218813 0.475946
vt 0.222223 0.454718
vt 0.224380 0.455163
vt 0.227122 0.456807
vt 0.207408 0.454670
vt 0.207322 0.475789
vt 0.228616 0.459111
vt 0.452611 0.084908
vt 0.441050 0.087319
vt 0.441030 0.084560
vt 0.453407 0.081970
vt 0.440926 0.081814
vt 0.455362 0.078788
vt 0.667437 0.595354
vt 0.662932 0.602362
vt 0.661400 0.599730
vt 0.658354 0.597571
vt 0.653408 0.596148
vt 0.651557 0.588203
vt 0.440595 0.078631
vt 0.458665 0.074844
vt 0.440228 0.076454
vt 0.458318 0.072667
vt 0.298272 0.065880
vt 0.298533 0.058166
vt 0.300430 0.058165
vt 0.300432 0.066323
vt 0.009285 0.325844
vt 0.009285 0.072638
vt 0.011181 0.072638
vt 0.011181 0.325844
vt 0.633260 0.965981
vt 0.633260 0.962047
vt 0.885994 0.962043
vt 0.886467 0.965978
vt 0.731629 0.881875
vt 0.721725 0.877936
vt 0.731631 0.877941
vt 0.716549 0.881870
vt 0.716549 0.877936
vt 0.283456 0.065889
vt 0.283451 0.058174
vt 0.403021 0.469487
vt 0.412881 0.460132
vt 0.412927 0.469439
vt 0.401877 0.460181
vt 0.399324 0.464337
vt 0.820723 0.115013
vt 0.797603 0.108717
vt 0.820106 0.108717
vt 0.788751 0.108717
vt 0.779901 0.108717
vt 0.771050 0.108717
vt 0.762200 0.108717
vt 0.753348 0.108717
vt 0.744498 0.108717
vt 0.735647 0.108717
vt 0.726797 0.108717
vt 0.717946 0.108720
vt 0.709096 0.108719
vt 0.700245 0.108713
vt 0.691398 0.108704
vt 0.567996 0.115013
vt 0.682549 0.108693
vt 0.720919 0.887979
vt 0.720918 0.883127
vt 0.742925 0.883124
vt 0.743420 0.887976
vt 0.844160 0.745928
vt 0.833154 0.745929
vt 0.833152 0.723923
vt 0.844157 0.723922
vt 0.504847 0.326329
vt 0.505171 0.322228
vt 0.516142 0.323095
vt 0.518383 0.327400
vt 0.634651 0.951676
vt 0.656659 0.951676
vt 0.656659 0.955795
vt 0.633534 0.960916
vt 0.504149 0.335152
vt 0.517684 0.336225
vt 0.665506 0.955791
vt 0.514795 0.340124
vt 0.503823 0.339253
vt 0.765706 0.666934
vt 0.774556 0.666933
vt 0.774555 0.671050
vt 0.765705 0.671048
vt 0.674354 0.955781
vt 0.683205 0.955781
vt 0.985254 0.182898
vt 0.985254 0.178047
vt 0.994104 0.178045
vt 0.994104 0.182897
vt 0.774553 0.655926
vt 0.765702 0.655929
vt 0.604796 0.380398
vt 0.605120 0.376297
vt 0.616091 0.377163
vt 0.618332 0.381469
vt 0.604096 0.389219
vt 0.617631 0.390297
vt 0.614739 0.394196
vt 0.603768 0.393320
vt 0.532499 0.069719
vt 0.541349 0.069717
vt 0.541350 0.073831
vt 0.532500 0.073833
vt 0.692055 0.955781
vt 0.351448 0.072031
vt 0.351447 0.067178
vt 0.360297 0.067177
vt 0.360298 0.072029
vt 0.541346 0.058711
vt 0.532496 0.058713
vt 0.517320 0.569961
vt 0.517204 0.565849
vt 0.528205 0.565538
vt 0.530892 0.569579
vt 0.700907 0.955781
vt 0.709757 0.955781
vt 0.531140 0.578430
vt 0.517567 0.578808
vt 0.528683 0.582615
vt 0.517681 0.582920
vt 0.279085 0.619418
vt 0.287935 0.619417
vt 0.287935 0.623531
vt 0.279085 0.623531
vt 0.054615 0.720037
vt 0.054615 0.715185
vt 0.063465 0.715183
vt 0.063465 0.720036
vt 0.287933 0.608411
vt 0.279083 0.608412
vt 0.388220 0.521032
vt 0.388536 0.516931
vt 0.399509 0.517777
vt 0.401757 0.522077
vt 0.718609 0.955781
vt 0.727459 0.955781
vt 0.387538 0.529857
vt 0.401075 0.530904
vt 0.398192 0.534808
vt 0.387220 0.533958
vt 0.338070 0.660380
vt 0.346921 0.660379
vt 0.346921 0.664494
vt 0.338070 0.664495
vt 0.596941 0.903269
vt 0.596941 0.898417
vt 0.605791 0.898416
vt 0.605791 0.903268
vt 0.346918 0.649372
vt 0.338067 0.649375
vt 0.476174 0.394052
vt 0.476498 0.389951
vt 0.487469 0.390818
vt 0.489710 0.395123
vt 0.736311 0.955781
vt 0.475476 0.402875
vt 0.489011 0.403948
vt 0.486122 0.407847
vt 0.475150 0.406976
vt 0.179412 0.390581
vt 0.188262 0.390581
vt 0.188262 0.394695
vt 0.179412 0.394695
vt 0.745161 0.955781
vt 0.754013 0.955781
vt 0.361551 0.072030
vt 0.361551 0.067178
vt 0.370401 0.067177
vt 0.370401 0.072029
vt 0.188260 0.379575
vt 0.179410 0.379576
vt 0.437855 0.455269
vt 0.437739 0.451157
vt 0.448741 0.450847
vt 0.451428 0.454888
vt 0.451675 0.463738
vt 0.438102 0.464116
vt 0.449218 0.467923
vt 0.438216 0.468228
vt 0.959041 0.590745
vt 0.967891 0.590744
vt 0.967891 0.594859
vt 0.959041 0.594859
vt 0.762862 0.955781
vt 0.771711 0.955781
vt 0.636264 0.855209
vt 0.636264 0.850357
vt 0.645114 0.850355
vt 0.645114 0.855208
vt 0.967889 0.579738
vt 0.959039 0.579740
vt 0.698461 0.588755
vt 0.698784 0.584654
vt 0.709756 0.585520
vt 0.711997 0.589826
vt 0.697761 0.597576
vt 0.711296 0.598654
vt 0.780550 0.955781
vt 0.708404 0.602553
vt 0.697433 0.601677
vt 0.154354 0.336568
vt 0.154337 0.332454
vt 0.163187 0.332416
vt 0.163204 0.336531
vt 0.626276 0.344400
vt 0.626161 0.340288
vt 0.637162 0.339978
vt 0.639849 0.344019
vt 0.163137 0.321409
vt 0.154287 0.321449
vt 0.371655 0.072030
vt 0.371655 0.067178
vt 0.380505 0.067177
vt 0.380505 0.072029
vt 0.664847 0.108684
vt 0.673699 0.108687
vt 0.640096 0.352869
vt 0.626524 0.353247
vt 0.655995 0.108684
vt 0.064719 0.720037
vt 0.064719 0.715185
vt 0.073569 0.715183
vt 0.073569 0.720036
vt 0.637639 0.357054
vt 0.626637 0.357359
vt 0.886241 0.960916
vt 0.789392 0.955781
vt 0.798238 0.955781
vt 0.130323 0.532909
vt 0.130306 0.528795
vt 0.139156 0.528757
vt 0.139173 0.532872
vt 0.504211 0.308078
vt 0.504096 0.303965
vt 0.515097 0.303659
vt 0.517783 0.307701
vt 0.139107 0.517750
vt 0.130256 0.517790
vt 0.807090 0.955781
vt 0.815938 0.955781
vt 0.518029 0.316550
vt 0.504456 0.316926
vt 0.638293 0.108683
vt 0.647143 0.108684
vt 0.955762 0.185082
vt 0.955762 0.180230
vt 0.964612 0.180230
vt 0.964612 0.185081
vt 0.515571 0.320734
vt 0.504570 0.321038
vt 0.836267 0.352540
vt 0.836269 0.363546
vt 0.827419 0.363548
vt 0.827417 0.352543
vt 0.836269 0.367661
vt 0.827419 0.367662
vt 0.425021 0.547842
vt 0.424904 0.543729
vt 0.435906 0.543419
vt 0.438593 0.547461
vt 0.824791 0.955781
vt 0.438839 0.556312
vt 0.425267 0.556688
vt 0.620590 0.108684
vt 0.629440 0.108684
vt 0.916713 0.574760
vt 0.916713 0.569909
vt 0.925563 0.569907
vt 0.925563 0.574760
vt 0.436381 0.560497
vt 0.425380 0.560800
vt 0.846917 0.620153
vt 0.846967 0.631160
vt 0.838117 0.631198
vt 0.838067 0.620192
vt 0.846984 0.635274
vt 0.838134 0.635311
vt 0.486736 0.571599
vt 0.486620 0.567487
vt 0.497621 0.567177
vt 0.500308 0.571217
vt 0.833641 0.955781
vt 0.842493 0.955781
vt 0.500556 0.580068
vt 0.486984 0.580446
vt 0.602886 0.108684
vt 0.611737 0.108684
vt 0.882851 0.594422
vt 0.882851 0.589571
vt 0.891701 0.589569
vt 0.891701 0.594422
vt 0.498099 0.584254
vt 0.487097 0.584558
vt 0.593748 0.329441
vt 0.582742 0.329440
vt 0.582743 0.320590
vt 0.593749 0.320591
vt 0.606611 0.913709
vt 0.606612 0.917823
vt 0.597761 0.917825
vt 0.597760 0.913710
vt 0.500663 0.555215
vt 0.500546 0.551103
vt 0.511548 0.550792
vt 0.514235 0.554833
vt 0.851343 0.955781
vt 0.860192 0.955781
vt 0.514483 0.563684
vt 0.500910 0.564062
vt 0.594035 0.108684
vt 0.569167 0.108684
vt 0.881776 0.059742
vt 0.856909 0.059740
vt 0.857851 0.054888
vt 0.881776 0.054890
vt 0.512026 0.567869
vt 0.501024 0.568174
vt 0.998719 0.509558
vt 0.998717 0.533484
vt 0.987712 0.533483
vt 0.987713 0.509557
vt 0.750766 0.587930
vt 0.739765 0.597419
vt 0.739760 0.587937
vt 0.753341 0.592150
vt 0.749669 0.597414
vt 0.860192 0.951666
vt 0.884118 0.951667
vt 0.418101 0.469410
vt 0.043408 0.467231
vt 0.043407 0.719965
vt 0.038230 0.719965
vt 0.038233 0.467231
vt 0.437193 0.061951
vt 0.455283 0.058165
vt 0.674825 0.655157
vt 0.450927 0.139011
vt 0.441185 0.141024
vt 0.674715 0.658193
vt 0.451449 0.142038
vt 0.441187 0.144122
vt 0.672909 0.660825
vt 0.016828 0.785118
vt 0.054974 0.786392
vt 0.054978 0.789094
vt 0.056134 0.781698
vt 0.055282 0.782565
vt 0.054969 0.783744
vt 0.055294 0.790269
vt 0.283065 0.561006
vt 0.339500 0.561699
vt 0.288032 0.563705
vt 0.338475 0.564312
vt 0.463277 0.616744
vt 0.461173 0.618603
vt 0.461161 0.607591
vt 0.463269 0.607591
vt 0.465864 0.616063
vt 0.465860 0.607591
vt 0.337947 0.566931
vt 0.294835 0.566424
vt 0.112681 0.807225
vt 0.132049 0.791330
vt 0.452473 0.633077
vt 0.451637 0.632860
vt 0.626963 0.087418
vt 0.626161 0.087111
vt 0.189421 0.791185
vt 0.629418 0.090933
vt 0.448125 0.630384
vt 0.629721 0.092614
vt 0.446896 0.629199
vt 0.446891 0.625642
vt 0.619608 0.904970
vt 0.115861 0.791049
vt 0.130881 0.791018
vt 0.130026 0.790162
vt 0.116719 0.790186
vt 0.890806 0.421266
vt 0.868652 0.421263
vt 0.890806 0.422767
vt 0.868652 0.422767
vt 0.868664 0.114146
vt 0.890818 0.114166
vt 0.890813 0.119632
vt 0.868658 0.119614
vt 0.890806 0.125018
vt 0.868652 0.125006
vt 0.890806 0.126518
vt 0.868652 0.126516
vt 0.890806 0.196749
vt 0.130865 0.781589
vt 0.130013 0.782459
vt 0.116704 0.782486
vt 0.115842 0.781622
vt 0.016931 0.132440
vt 0.020263 0.132437
vt 0.129703 0.783638
vt 0.117021 0.783661
vt 0.129708 0.786287
vt 0.117027 0.786308
vt 0.117031 0.789010
vt 0.129712 0.788989
vt 0.190590 0.790869
vt 0.191441 0.790013
vt 0.191751 0.788841
vt 0.191744 0.786146
vt 0.191739 0.783505
vt 0.559334 0.067274
vt 0.855403 0.993438
vt 0.854763 0.998650
vt 0.850083 0.989624
vt 0.907321 0.413462
vt 0.597013 0.212455
vt 0.591045 0.210007
vt 0.591285 0.199786
vt 0.602337 0.190060
vt 0.482524 0.102677
vt 0.489373 0.102676
vt 0.489375 0.128540
vt 0.482526 0.128540
vt 0.478973 0.792117
vt 1.573574 0.980339
vt 1.564556 0.987186
vt 1.573574 0.987186
vt 1.945386 0.690253
vt 1.954402 0.690283
vt 1.954428 0.682200
vt 1.945412 0.682171
vt 1.612010 0.304854
vt 1.606264 0.308551
vt 1.619838 0.308864
vt 1.611789 0.314451
vt 1.619706 0.314631
vt 1.954452 0.674279
vt 1.945435 0.674256
vt 1.954295 0.668507
vt 1.945448 0.668487
vt 1.864554 0.677809
vt 1.870215 0.672040
vt 1.856636 0.672037
vt 1.856636 0.677809
vt 1.831924 0.749191
vt 1.831924 0.740262
vt 1.818371 0.740262
vt 1.818371 0.749190
vt 1.813217 0.758061
vt 1.818371 0.758061
vt 1.818547 0.687287
vt 1.818481 0.696075
vt 1.818438 0.678564
vt 1.813217 0.601311
vt 1.818485 0.669794
vt 1.818550 0.704923
vt 1.818425 0.713722
vt 1.818460 0.722503
vt 1.818337 0.731422
vt 1.625010 0.308988
vt 1.614960 0.286836
vt 1.612417 0.287515
vt 1.616409 0.285454
vt 1.617151 0.282929
vt 1.627818 0.190661
vt 1.616527 0.280373
vt 1.828510 0.238083
vt 1.833686 0.238100
vt 1.841642 0.226988
vt 1.841703 0.208341
vt 1.841804 0.177246
vt 1.839254 0.176237
vt 1.818373 0.616889
vt 1.818373 0.601312
vt 1.828791 0.114241
vt 1.837154 0.163756
vt 1.837858 0.156465
vt 1.837814 0.171046
vt 1.818340 0.643368
vt 1.818352 0.634558
vt 1.818340 0.625709
vt 1.818413 0.652208
vt 1.818394 0.661009
vt 1.831928 0.625709
vt 1.831928 0.616889
vt 1.440610 0.034953
vt 1.425101 0.035148
vt 1.425175 0.040916
vt 1.417258 0.041019
vt 1.411524 0.035324
vt 1.735245 0.681614
vt 1.708902 0.676406
vt 1.733317 0.689463
vt 1.841549 0.254674
vt 1.833631 0.254648
vt 1.406063 0.980339
vt 1.432033 0.987186
vt 1.440825 0.987186
vt 1.449619 0.987186
vt 1.893501 0.614067
vt 1.902294 0.614135
vt 1.902356 0.606052
vt 1.893564 0.605987
vt 1.220371 0.677807
vt 1.226031 0.672039
vt 1.212453 0.672037
vt 1.212453 0.677807
vt 1.893622 0.598069
vt 1.902413 0.598133
vt 1.902398 0.592361
vt 1.893550 0.592299
vt 1.868304 0.082778
vt 1.876222 0.082779
vt 1.876222 0.077008
vt 1.862644 0.077009
vt 1.458411 0.987185
vt 1.831905 0.643368
vt 1.831905 0.634558
vt 1.467203 0.987186
vt 1.457334 0.854101
vt 1.466126 0.854111
vt 1.466135 0.846028
vt 1.457343 0.846019
vt 1.148825 0.383162
vt 1.154486 0.377393
vt 1.140907 0.377390
vt 1.140907 0.383162
vt 1.466142 0.838108
vt 1.457350 0.838102
vt 1.465976 0.832338
vt 1.457128 0.832333
vt 1.599870 0.924942
vt 1.607788 0.924944
vt 1.607790 0.919170
vt 1.594211 0.919172
vt 1.475995 0.987186
vt 1.831957 0.661009
vt 1.831957 0.652208
vt 1.484783 0.987186
vt 1.261409 0.506757
vt 1.270199 0.506756
vt 1.270199 0.498673
vt 1.261409 0.498676
vt 1.615785 0.915661
vt 1.621446 0.909892
vt 1.607865 0.909886
vt 1.607867 0.915662
vt 1.270195 0.490752
vt 1.261403 0.490761
vt 1.269908 0.484981
vt 1.261059 0.484992
vt 1.509755 0.006047
vt 1.517672 0.006051
vt 1.517678 0.000273
vt 1.504096 0.000278
vt 1.493562 0.987186
vt 1.832013 0.678564
vt 1.832013 0.669794
vt 1.502344 0.987186
vt 1.647139 0.150408
vt 1.655932 0.150393
vt 1.655917 0.142310
vt 1.647125 0.142327
vt 1.983347 0.113367
vt 1.989008 0.107599
vt 1.975424 0.107591
vt 1.975429 0.113374
vt 1.655900 0.134389
vt 1.647107 0.134411
vt 1.655490 0.128618
vt 1.646642 0.128643
vt 1.309593 0.795784
vt 1.317511 0.795792
vt 1.317517 0.790006
vt 1.303933 0.790015
vt 1.511132 0.987186
vt 1.832064 0.696075
vt 1.832064 0.687287
vt 1.519923 0.987186
vt 1.099495 0.384990
vt 1.108288 0.384958
vt 1.108259 0.376876
vt 1.099467 0.376908
vt 1.139275 0.617468
vt 1.144936 0.611700
vt 1.131349 0.611687
vt 1.131357 0.617479
vt 1.108229 0.368957
vt 1.099437 0.368991
vt 1.107700 0.363189
vt 1.098853 0.363225
vt 1.986273 0.202125
vt 1.994191 0.202138
vt 1.994201 0.196341
vt 1.980612 0.196356
vt 1.528716 0.987186
vt 1.832043 0.713722
vt 1.832043 0.704923
vt 1.537507 0.987186
vt 1.798758 0.433081
vt 1.807549 0.433020
vt 1.807494 0.424938
vt 1.798703 0.425000
vt 1.105691 0.422498
vt 1.111352 0.416729
vt 1.097761 0.416713
vt 1.097773 0.422515
vt 1.807435 0.417016
vt 1.798644 0.417083
vt 1.806773 0.411250
vt 1.797925 0.411319
vt 1.829529 0.685746
vt 1.837447 0.685766
vt 1.837462 0.679957
vt 1.823867 0.679978
vt 1.546525 0.987186
vt 1.831957 0.731422
vt 1.831957 0.722503
vt 1.555540 0.987186
vt 1.196718 0.478640
vt 1.205734 0.478627
vt 1.205722 0.470544
vt 1.196706 0.470559
vt 1.982257 0.077598
vt 1.987918 0.071829
vt 1.974331 0.071819
vt 1.205707 0.462623
vt 1.196691 0.462641
vt 1.974339 0.077611
vt 1.205189 0.456854
vt 1.196341 0.456873
vt 1.296758 0.814351
vt 1.304676 0.814355
vt 1.304679 0.808575
vt 1.291098 0.808582
vt 1.338599 0.569565
vt 1.301638 0.569143
vt 1.306618 0.571207
vt 1.339619 0.571572
vt 1.307377 0.573853
vt 1.340330 0.574209
vt 1.472476 0.607591
vt 1.470250 0.607592
vt 1.470255 0.618160
vt 1.471302 0.620686
vt 1.468492 0.607591
vt 1.468497 0.616745
vt 1.316121 0.577017
vt 1.339681 0.577264
vt 1.472481 0.629194
vt 1.470433 0.623688
vt 1.468981 0.624712
vt 1.468974 0.629186
vt 1.338638 0.578706
vt 1.317308 0.579202
vt 1.338495 0.579424
vt 1.468454 0.625219
vt 1.468449 0.629185
vt 1.341071 0.010798
vt 1.351118 0.013717
vt 1.348619 0.011258
vt 1.348480 0.010752
vt 1.984988 0.040961
vt 1.984981 0.062149
vt 1.988952 0.048373
vt 1.988953 0.040962
vt 1.362712 0.018692
vt 1.504168 0.789494
vt 1.506947 0.805694
vt 1.519764 0.805723
vt 1.524896 0.799550
vt 1.488239 0.791370
vt 1.489831 0.789459
vt 1.495729 0.007295
vt 1.495729 0.000276
vt 1.362992 0.000273
vt 1.359093 0.007289
vt 1.495488 0.011359
vt 1.495447 0.019390
vt 1.360569 0.010650
vt 1.360413 0.011167
vt 1.357917 0.013659
vt 1.354519 0.014593
vt 1.475988 0.607591
vt 1.475988 0.629194
vt 1.437698 0.607591
vt 1.434190 0.607591
vt 1.434189 0.629197
vt 1.437702 0.629197
vt 1.438887 0.620687
vt 1.439934 0.618160
vt 1.439926 0.607591
vt 1.441693 0.616745
vt 1.441687 0.607591
vt 1.444329 0.616064
vt 1.444322 0.607591
vt 1.446915 0.607591
vt 1.446927 0.616746
vt 1.449028 0.607591
vt 1.449045 0.618607
vt 1.630777 0.923307
vt 1.764998 0.920875
vt 1.630268 0.920668
vt 1.764993 0.918240
vt 1.629271 0.918027
vt 1.764991 0.915605
vt 1.628591 0.915388
vt 1.451587 0.607591
vt 1.450022 0.621151
vt 1.451624 0.624039
vt 1.449525 0.623694
vt 1.764989 0.913033
vt 1.628950 0.912814
vt 1.448118 0.624584
vt 1.723398 0.910052
vt 1.629948 0.911477
vt 1.630270 0.909886
vt 1.712759 0.908587
vt 1.790431 0.904970
vt 1.712696 0.904970
vt 1.619607 0.908587
vt 1.801056 0.910113
vt 1.801054 0.913019
vt 1.790431 0.908587
vt 1.722790 0.092737
vt 1.800478 0.094555
vt 1.800582 0.089061
vt 1.722033 0.087589
vt 1.609637 0.278027
vt 1.600294 0.276104
vt 1.604083 0.280079
vt 1.607638 0.280164
vt 1.801056 0.915568
vt 1.612185 0.277729
vt 1.801058 0.918184
vt 1.614709 0.278470
vt 1.596400 0.238308
vt 1.801061 0.920802
vt 1.765002 0.923514
vt 1.801068 0.923421
vt 1.765010 0.926153
vt 1.801078 0.926045
vt 1.630109 0.925940
vt 1.765023 0.928163
vt 1.801087 0.928042
vt 1.629075 0.927938
vt 1.801098 0.930672
vt 1.765036 0.930803
vt 1.631464 0.930569
vt 1.628345 0.930575
vt 1.354603 0.859383
vt 1.318536 0.859367
vt 1.318530 0.870208
vt 1.354597 0.876715
vt 1.276639 0.718924
vt 1.280184 0.718946
vt 1.280252 0.708105
vt 1.277253 0.707468
vt 1.271709 0.713931
vt 1.638050 0.933638
vt 1.765038 0.933883
vt 1.628967 0.933638
vt 1.630129 0.935797
vt 1.765036 0.936073
vt 1.629995 0.935087
vt 1.941016 0.223922
vt 1.941016 0.358831
vt 1.944983 0.358830
vt 1.944983 0.223921
vt 1.441214 0.629197
vt 1.441741 0.629195
vt 1.441740 0.625229
vt 1.441214 0.624720
vt 1.439760 0.623692
vt 1.275724 0.705922
vt 1.271757 0.705898
vt 1.993717 0.020781
vt 1.990172 0.008465
vt 1.990170 0.157416
vt 1.993715 0.157416
vt 1.187057 0.876730
vt 1.169579 0.870229
vt 1.894542 0.398148
vt 1.911956 0.410992
vt 1.912362 0.344894
vt 1.894047 0.348741
vt 1.223200 0.789799
vt 1.208555 0.807055
vt 1.287085 0.806748
vt 1.590324 0.240470
vt 1.589842 0.260581
vt 1.419062 0.374364
vt 1.419084 0.354247
vt 1.391476 0.354215
vt 1.371109 0.362464
vt 1.409339 0.065267
vt 1.388585 0.071726
vt 1.416192 0.071715
vt 1.416189 0.065265
vt 1.474645 0.434314
vt 1.453031 0.432004
vt 1.453032 0.462482
vt 1.474645 0.460176
vt 1.391491 0.323733
vt 1.390561 0.313507
vt 1.419098 0.323714
vt 1.419092 0.313490
vt 1.259720 0.790016
vt 1.232114 0.790006
vt 1.252868 0.796464
vt 1.259718 0.796466
vt 1.792101 0.176109
vt 1.820635 0.176110
vt 1.820635 0.161388
vt 1.774987 0.161393
vt 1.575396 0.055449
vt 1.574315 0.002779
vt 1.551884 0.000273
vt 1.552885 0.066148
vt 1.753231 0.524075
vt 1.753229 0.478427
vt 1.727744 0.478427
vt 1.727746 0.524075
vt 1.392681 0.481274
vt 1.418165 0.481135
vt 1.403042 0.473452
vt 1.401145 0.473462
vt 1.823387 0.095849
vt 1.570181 0.095855
vt 1.583276 0.107335
vt 1.824311 0.107330
vt 1.114672 0.781301
vt 1.241303 0.720918
vt 1.000273 0.721242
vt 1.057300 0.781379
vt 1.132032 0.781266
vt 1.189400 0.781185
vt 1.190567 0.781487
vt 1.216698 0.782005
vt 1.191422 0.782338
vt 1.016931 0.073852
vt 1.016931 0.075065
vt 1.020263 0.075062
vt 1.020263 0.073848
vt 1.016931 0.072638
vt 1.020263 0.072638
vt 1.336559 0.034114
vt 1.337730 0.033801
vt 1.333552 0.032190
vt 1.335705 0.034971
vt 1.016931 0.211292
vt 1.016931 0.212502
vt 1.020263 0.212502
vt 1.020263 0.211293
vt 1.332660 0.033393
vt 1.335392 0.036138
vt 1.016931 0.208652
vt 1.020263 0.208654
vt 1.332332 0.038767
vt 1.335390 0.038777
vt 1.016931 0.205960
vt 1.020263 0.205963
vt 1.335389 0.041471
vt 1.016931 0.204753
vt 1.020263 0.204760
vt 1.332657 0.044218
vt 1.335701 0.042637
vt 1.016931 0.203553
vt 1.020263 0.203559
vt 1.333549 0.045421
vt 1.336556 0.043490
vt 1.016931 0.202353
vt 1.020263 0.202360
vt 1.337725 0.043802
vt 1.016931 0.144997
vt 1.020263 0.145004
vt 1.395096 0.043777
vt 1.016931 0.143799
vt 1.020263 0.143805
vt 1.403777 0.045835
vt 1.412456 0.043776
vt 1.411287 0.043459
vt 1.396266 0.043459
vt 1.016931 0.142602
vt 1.020263 0.142604
vt 1.397120 0.042601
vt 1.016931 0.141401
vt 1.020263 0.141398
vt 1.410428 0.042601
vt 1.397433 0.041426
vt 1.949537 0.151124
vt 1.949537 0.149913
vt 1.946205 0.149916
vt 1.946205 0.151128
vt 1.946205 0.152338
vt 1.949537 0.152334
vt 1.410114 0.041429
vt 1.397434 0.038727
vt 1.949537 0.147216
vt 1.946205 0.147219
vt 1.410115 0.038734
vt 1.397436 0.036083
vt 1.949537 0.144574
vt 1.946205 0.144576
vt 1.410118 0.036092
vt 1.397124 0.034914
vt 1.016931 0.134864
vt 1.016931 0.136072
vt 1.020263 0.136068
vt 1.020263 0.134859
vt 1.016931 0.138710
vt 1.020263 0.138706
vt 1.016931 0.133653
vt 1.020263 0.133649
vt 1.410433 0.034921
vt 1.396270 0.034055
vt 1.949537 0.143364
vt 1.946205 0.143364
vt 1.949537 0.283303
vt 1.949536 0.282091
vt 1.946205 0.282091
vt 1.946205 0.283303
vt 1.411292 0.034060
vt 1.395101 0.033740
vt 1.412460 0.033742
vt 1.403780 0.031677
vt 1.949537 0.280883
vt 1.946205 0.280882
vt 1.949537 0.223511
vt 1.946205 0.223512
vt 1.474009 0.032183
vt 1.469831 0.033794
vt 1.868652 0.196751
vt 1.868652 0.266983
vt 1.890806 0.266982
vt 1.868652 0.268484
vt 1.890806 0.268486
vt 1.474900 0.033386
vt 1.471856 0.034964
vt 1.472170 0.036130
vt 1.471001 0.034108
vt 1.949537 0.222302
vt 1.949537 0.221093
vt 1.946205 0.221095
vt 1.946205 0.222304
vt 1.949537 0.219884
vt 1.946205 0.219886
vt 1.949537 0.217244
vt 1.946205 0.217246
vt 1.472170 0.038768
vt 1.475229 0.038759
vt 1.868652 0.273866
vt 1.890806 0.273870
vt 1.868652 0.279325
vt 1.890806 0.279329
vt 1.474897 0.044212
vt 1.472169 0.041462
vt 1.471854 0.042629
vt 1.949537 0.214550
vt 1.946205 0.214552
vt 1.949537 0.213338
vt 1.946205 0.213340
vt 1.949537 0.212128
vt 1.946205 0.212131
vt 1.470998 0.043483
vt 1.474004 0.045416
vt 1.868652 0.280818
vt 1.890806 0.280823
vt 1.868652 0.351037
vt 1.890806 0.351044
vt 1.469828 0.043795
vt 1.949537 0.210917
vt 1.946205 0.210918
vt 1.949537 0.153545
vt 1.946205 0.153546
vt 1.072566 0.807278
vt 1.057319 0.791444
vt 1.056150 0.791128
vt 1.018447 0.787180
vt 1.107505 0.807233
vt 1.110092 0.806537
vt 1.114690 0.791370
vt 1.458637 0.624032
vt 1.455145 0.633075
vt 1.457824 0.633072
vt 1.458663 0.632852
vt 1.056848 0.377395
vt 1.090975 0.377697
vt 1.091782 0.377390
vt 1.462148 0.624560
vt 1.460734 0.623677
vt 1.460219 0.621141
vt 1.458607 0.607591
vt 1.462166 0.630360
vt 1.455101 0.607591
vt 1.053796 0.382887
vt 1.088495 0.381208
vt 1.088177 0.382887
vt 1.463392 0.629170
vt 1.463380 0.625613
vt 1.000273 0.889993
vt 1.003830 0.889993
vt 1.003833 0.855613
vt 1.000276 0.843256
vt 1.291878 0.552977
vt 1.338909 0.555172
vt 1.338611 0.553579
vt 1.732582 0.693769
vt 1.708276 0.693586
vt 1.715206 0.696205
vt 1.727937 0.698002
vt 1.284642 0.554566
vt 1.282262 0.555784
vt 1.339889 0.556518
vt 1.842290 0.149177
vt 1.844832 0.150206
vt 1.845766 0.114266
vt 1.281267 0.558345
vt 1.340215 0.559083
vt 1.676310 0.672200
vt 1.705691 0.692916
vt 1.684601 0.661664
vt 1.673540 0.669700
vt 1.845773 0.110517
vt 1.828796 0.110501
vt 1.839738 0.151130
vt 1.828799 0.106367
vt 1.845775 0.106375
vt 1.683209 0.659424
vt 1.671176 0.666323
vt 1.669719 0.662648
vt 1.843171 0.103042
vt 1.845748 0.102403
vt 1.828799 0.103037
vt 1.459269 0.163686
vt 1.456486 0.149583
vt 1.441834 0.152481
vt 1.444616 0.166578
vt 1.456199 0.146936
vt 1.441444 0.149868
vt 1.453284 0.144681
vt 1.441251 0.147091
vt 1.226423 0.521206
vt 1.227877 0.518603
vt 1.218755 0.511031
vt 1.224242 0.522947
vt 1.221669 0.523559
vt 1.207300 0.523580
vt 1.207264 0.511161
vt 1.228386 0.515535
vt 1.224462 0.505210
vt 1.229132 0.461824
vt 1.224502 0.481780
vt 1.218813 0.475946
vt 1.224380 0.455163
vt 1.222223 0.454718
vt 1.227122 0.456807
vt 1.207408 0.454670
vt 1.207322 0.475789
vt 1.228616 0.459111
vt 1.452611 0.084908
vt 1.453407 0.081970
vt 1.441030 0.084560
vt 1.441050 0.087319
vt 1.455362 0.078788
vt 1.440926 0.081814
vt 1.661400 0.599730
vt 1.662932 0.602362
vt 1.667437 0.595354
vt 1.658354 0.597571
vt 1.653408 0.596148
vt 1.651557 0.588203
vt 1.458665 0.074844
vt 1.440595 0.078631
vt 1.458318 0.072667
vt 1.440228 0.076454
vt 1.298272 0.065880
vt 1.300432 0.066323
vt 1.300430 0.058165
vt 1.298533 0.058166
vt 1.009285 0.325844
vt 1.011181 0.325844
vt 1.011181 0.072638
vt 1.009285 0.072638
vt 1.633260 0.965981
vt 1.886467 0.965978
vt 1.885994 0.962043
vt 1.633260 0.962047
vt 1.731629 0.881875
vt 1.731631 0.877941
vt 1.721725 0.877936
vt 1.716549 0.877936
vt 1.716549 0.881870
vt 1.283451 0.058174
vt 1.283456 0.065889
vt 1.412927 0.469439
vt 1.412881 0.460132
vt 1.403021 0.469487
vt 1.401877 0.460181
vt 1.399324 0.464337
vt 1.820723 0.115013
vt 1.820106 0.108717
vt 1.797603 0.108717
vt 1.788751 0.108717
vt 1.779901 0.108717
vt 1.771050 0.108717
vt 1.762200 0.108717
vt 1.753348 0.108717
vt 1.744498 0.108717
vt 1.735647 0.108717
vt 1.726797 0.108717
vt 1.717946 0.108720
vt 1.709096 0.108719
vt 1.700245 0.108713
vt 1.691398 0.108704
vt 1.567996 0.115013
vt 1.682549 0.108693
vt 1.720919 0.887979
vt 1.743420 0.887976
vt 1.742925 0.883124
vt 1.720918 0.883127
vt 1.844160 0.745928
vt 1.844157 0.723922
vt 1.833152 0.723923
vt 1.833154 0.745929
vt 1.504847 0.326329
vt 1.518383 0.327400
vt 1.516142 0.323095
vt 1.505171 0.322228
vt 1.656659 0.955795
vt 1.656659 0.951676
vt 1.634651 0.951676
vt 1.633534 0.960916
vt 1.504149 0.335152
vt 1.517684 0.336225
vt 1.665506 0.955791
vt 1.503823 0.339253
vt 1.514795 0.340124
vt 1.765706 0.666934
vt 1.765705 0.671048
vt 1.774555 0.671050
vt 1.774556 0.666933
vt 1.683205 0.955781
vt 1.674354 0.955781
vt 1.985254 0.182898
vt 1.994104 0.182897
vt 1.994104 0.178045
vt 1.985254 0.178047
vt 1.774553 0.655926
vt 1.765702 0.655929
vt 1.604796 0.380398
vt 1.618332 0.381469
vt 1.616091 0.377163
vt 1.605120 0.376297
vt 1.604096 0.389219
vt 1.617631 0.390297
vt 1.603768 0.393320
vt 1.614739 0.394196
vt 1.532499 0.069719
vt 1.532500 0.073833
vt 1.541350 0.073831
vt 1.541349 0.069717
vt 1.692055 0.955781
vt 1.351448 0.072031
vt 1.360298 0.072029
vt 1.360297 0.067177
vt 1.351447 0.067178
vt 1.541346 0.058711
vt 1.532496 0.058713
vt 1.517320 0.569961
vt 1.530892 0.569579
vt 1.528205 0.565538
vt 1.517204 0.565849
vt 1.709757 0.955781
vt 1.700907 0.955781
vt 1.517567 0.578808
vt 1.531140 0.578430
vt 1.517681 0.582920
vt 1.528683 0.582615
vt 1.279085 0.619418
vt 1.279085 0.623531
vt 1.287935 0.623531
vt 1.287935 0.619417
vt 1.054615 0.720037
vt 1.063465 0.720036
vt 1.063465 0.715183
vt 1.054615 0.715185
vt 1.287933 0.608411
vt 1.279083 0.608412
vt 1.388220 0.521032
vt 1.401757 0.522077
vt 1.399509 0.517777
vt 1.388536 0.516931
vt 1.727459 0.955781
vt 1.718609 0.955781
vt 1.387538 0.529857
vt 1.401075 0.530904
vt 1.387220 0.533958
vt 1.398192 0.534808
vt 1.338070 0.660380
vt 1.338070 0.664495
vt 1.346921 0.664494
vt 1.346921 0.660379
vt 1.596941 0.903269
vt 1.605791 0.903268
vt 1.605791 0.898416
vt 1.596941 0.898417
vt 1.346918 0.649372
vt 1.338067 0.649375
vt 1.476174 0.394052
vt 1.489710 0.395123
vt 1.487469 0.390818
vt 1.476498 0.389951
vt 1.736311 0.955781
vt 1.475476 0.402875
vt 1.489011 0.403948
vt 1.475150 0.406976
vt 1.486122 0.407847
vt 1.179412 0.390581
vt 1.179412 0.394695
vt 1.188262 0.394695
vt 1.188262 0.390581
vt 1.754013 0.955781
vt 1.745161 0.955781
vt 1.361551 0.072030
vt 1.370401 0.072029
vt 1.370401 0.067177
vt 1.361551 0.067178
vt 1.188260 0.379575
vt 1.179410 0.379576
vt 1.437855 0.455269
vt 1.451428 0.454888
vt 1.448741 0.450847
vt 1.437739 0.451157
vt 1.438102 0.464116
vt 1.451675 0.463738
vt 1.438216 0.468228
vt 1.449218 0.467923
vt 1.959041 0.590745
vt 1.959041 0.594859
vt 1.967891 0.594859
vt 1.967891 0.590744
vt 1.771711 0.955781
vt 1.762862 0.955781
vt 1.636264 0.855209
vt 1.645114 0.855208
vt 1.645114 0.850355
vt 1.636264 0.850357
vt 1.967889 0.579738
vt 1.959039 0.579740
vt 1.698461 0.588755
vt 1.711997 0.589826
vt 1.709756 0.585520
vt 1.698784 0.584654
vt 1.697761 0.597576
vt 1.711296 0.598654
vt 1.780550 0.955781
vt 1.697433 0.601677
vt 1.708404 0.602553
vt 1.163187 0.332416
vt 1.154337 0.332454
vt 1.154354 0.336568
vt 1.163204 0.336531
vt 1.626276 0.344400
vt 1.639849 0.344019
vt 1.637162 0.339978
vt 1.626161 0.340288
vt 1.163137 0.321409
vt 1.154287 0.321449
vt 1.371655 0.072030
vt 1.380505 0.072029
vt 1.380505 0.067177
vt 1.371655 0.067178
vt 1.673699 0.108687
vt 1.664847 0.108684
vt 1.626524 0.353247
vt 1.640096 0.352869
vt 1.655995 0.108684
vt 1.064719 0.720037
vt 1.073569 0.720036
vt 1.073569 0.715183
vt 1.064719 0.715185
vt 1.626637 0.357359
vt 1.637639 0.357054
vt 1.886241 0.960916
vt 1.798238 0.955781
vt 1.789392 0.955781
vt 1.130323 0.532909
vt 1.139173 0.532872
vt 1.139156 0.528757
vt 1.130306 0.528795
vt 1.504211 0.308078
vt 1.517783 0.307701
vt 1.515097 0.303659
vt 1.504096 0.303965
vt 1.139107 0.517750
vt 1.130256 0.517790
vt 1.815938 0.955781
vt 1.807090 0.955781
vt 1.504456 0.316926
vt 1.518029 0.316550
vt 1.647143 0.108684
vt 1.638293 0.108683
vt 1.955762 0.185082
vt 1.964612 0.185081
vt 1.964612 0.180230
vt 1.955762 0.180230
vt 1.504570 0.321038
vt 1.515571 0.320734
vt 1.836267 0.352540
vt 1.827417 0.352543
vt 1.827419 0.363548
vt 1.836269 0.363546
vt 1.827419 0.367662
vt 1.836269 0.367661
vt 1.425021 0.547842
vt 1.438593 0.547461
vt 1.435906 0.543419
vt 1.424904 0.543729
vt 1.824791 0.955781
vt 1.425267 0.556688
vt 1.438839 0.556312
vt 1.629440 0.108684
vt 1.620590 0.108684
vt 1.916713 0.574760
vt 1.925563 0.574760
vt 1.925563 0.569907
vt 1.916713 0.569909
vt 1.425380 0.560800
vt 1.436381 0.560497
vt 1.846917 0.620153
vt 1.838067 0.620192
vt 1.838117 0.631198
vt 1.846967 0.631160
vt 1.838134 0.635311
vt 1.846984 0.635274
vt 1.486736 0.571599
vt 1.500308 0.571217
vt 1.497621 0.567177
vt 1.486620 0.567487
vt 1.842493 0.955781
vt 1.833641 0.955781
vt 1.486984 0.580446
vt 1.500556 0.580068
vt 1.611737 0.108684
vt 1.602886 0.108684
vt 1.882851 0.594422
vt 1.891701 0.594422
vt 1.891701 0.589569
vt 1.882851 0.589571
vt 1.487097 0.584558
vt 1.498099 0.584254
vt 1.593748 0.329441
vt 1.593749 0.320591
vt 1.582743 0.320590
vt 1.582742 0.329440
vt 1.606611 0.913709
vt 1.597760 0.913710
vt 1.597761 0.917825
vt 1.606612 0.917823
vt 1.500663 0.555215
vt 1.514235 0.554833
vt 1.511548 0.550792
vt 1.500546 0.551103
vt 1.860192 0.955781
vt 1.851343 0.955781
vt 1.500910 0.564062
vt 1.514483 0.563684
vt 1.594035 0.108684
vt 1.569167 0.108684
vt 1.881776 0.059742
vt 1.881776 0.054890
vt 1.857851 0.054888
vt 1.856909 0.059740
vt 1.501024 0.568174
vt 1.512026 0.567869
vt 1.998719 0.509558
vt 1.987713 0.509557
vt 1.987712 0.533483
vt 1.998717 0.533484
vt 1.750766 0.587930
vt 1.739760 0.587937
vt 1.739765 0.597419
vt 1.753341 0.592150
vt 1.749669 0.597414
vt 1.884118 0.951667
vt 1.860192 0.951666
vt 1.418101 0.469410
vt 1.043408 0.467231
vt 1.038233 0.467231
vt 1.038230 0.719965
vt 1.043407 0.719965
vt 1.455283 0.058165
vt 1.437193 0.061951
vt 1.674825 0.655157
vt 1.450927 0.139011
vt 1.441185 0.141024
vt 1.674715 0.658193
vt 1.451449 0.142038
vt 1.441187 0.144122
vt 1.672909 0.660825
vt 1.054978 0.789094
vt 1.054974 0.786392
vt 1.016828 0.785118
vt 1.056134 0.781698
vt 1.054969 0.783744
vt 1.055282 0.782565
vt 1.055294 0.790269
vt 1.283065 0.561006
vt 1.339500 0.561699
vt 1.288032 0.563705
vt 1.338475 0.564312
vt 1.463277 0.616744
vt 1.463269 0.607591
vt 1.461161 0.607591
vt 1.461173 0.618603
vt 1.465864 0.616063
vt 1.465860 0.607591
vt 1.294835 0.566424
vt 1.337947 0.566931
vt 1.112681 0.807225
vt 1.132049 0.791330
vt 1.451637 0.632860
vt 1.452473 0.633077
vt 1.626161 0.087111
vt 1.626963 0.087418
vt 1.189421 0.791185
vt 1.629418 0.090933
vt 1.448125 0.630384
vt 1.629721 0.092614
vt 1.446891 0.625642
vt 1.446896 0.629199
vt 1.619608 0.904970
vt 1.130881 0.791018
vt 1.115861 0.791049
vt 1.130026 0.790162
vt 1.116719 0.790186
vt 1.868652 0.421263
vt 1.890806 0.421266
vt 1.868652 0.422767
vt 1.890806 0.422767
vt 1.868664 0.114146
vt 1.868658 0.119614
vt 1.890813 0.119632
vt 1.890818 0.114166
vt 1.868652 0.125006
vt 1.890806 0.125018
vt 1.868652 0.126516
vt 1.890806 0.126518
vt 1.890806 0.196749
vt 1.130865 0.781589
vt 1.115842 0.781622
vt 1.116704 0.782486
vt 1.130013 0.782459
vt 1.016931 0.132440
vt 1.020263 0.132437
vt 1.117021 0.783661
vt 1.129703 0.783638
vt 1.117027 0.786308
vt 1.129708 0.786287
vt 1.117031 0.789010
vt 1.129712 0.788989
vt 1.190590 0.790869
vt 1.191441 0.790013
vt 1.191751 0.788841
vt 1.191744 0.786146
vt 1.191739 0.783505
vt 1.559334 0.067274
vt 1.855403 0.993438
vt 1.850083 0.989624
vt 1.854763 0.998650
vt 1.907321 0.413462
vt 1.597013 0.212455
vt 1.602337 0.190060
vt 1.591285 0.199786
vt 1.591045 0.210007
vt 1.482524 0.102677
vt 1.482526 0.128540
vt 1.489375 0.128540
vt 1.489373 0.102676
vt 1.478973 0.792117
vt 0.168431 0.809940
vt 0.141878 0.815939
vt 0.133027 0.815939
vt 0.150728 0.815939
vt 0.159580 0.815939
vt 0.124177 0.815939
vt 0.115325 0.815939
vt 0.106475 0.815939
vt 0.097624 0.815939
vt 0.168431 0.815939
vt 0.645449 0.350006
vt 0.649427 0.363579
vt 0.645463 0.359084
vt 0.641532 0.359093
vt 0.944953 0.054615
vt 0.944953 0.222785
vt 0.941016 0.222785
vt 0.941016 0.054615
vt 0.088775 0.815939
vt 0.079927 0.815938
vt 0.000273 0.809940
vt 0.071081 0.815939
vt 0.044512 0.719921
vt 0.044512 0.715457
vt 0.053362 0.715457
vt 0.053362 0.719920
vt 0.452693 0.546776
vt 0.452987 0.560350
vt 0.444136 0.560541
vt 0.443844 0.546966
vt 0.456340 0.546695
vt 0.456581 0.557699
vt 0.388039 0.588832
vt 0.388040 0.577827
vt 0.396890 0.577827
vt 0.396889 0.588833
vt 0.685273 0.896742
vt 0.676424 0.896746
vt 0.676422 0.893097
vt 0.685270 0.893094
vt 0.497913 0.522936
vt 0.498204 0.536510
vt 0.494502 0.534017
vt 0.494266 0.523014
vt 0.685266 0.889132
vt 0.676419 0.889132
vt 0.694118 0.893096
vt 0.694115 0.889132
vt 0.506762 0.522745
vt 0.507056 0.536319
vt 0.494578 0.998884
vt 0.503429 0.988531
vt 0.503429 0.998884
vt 0.512281 0.988531
vt 0.512281 0.998884
vt 0.702967 0.893095
vt 0.702963 0.889132
vt 0.521132 0.988531
vt 0.521132 0.998884
vt 0.127526 0.218864
vt 0.131488 0.218868
vt 0.131490 0.227715
vt 0.127526 0.227712
vt 0.131489 0.236563
vt 0.127526 0.236559
vt 0.127526 0.245408
vt 0.131490 0.245408
vt 0.135138 0.227717
vt 0.135136 0.236566
vt 0.512016 0.636378
vt 0.515608 0.633725
vt 0.515906 0.647300
vt 0.512259 0.647381
vt 0.524461 0.633534
vt 0.524754 0.647109
vt 0.607045 0.903868
vt 0.651299 0.897871
vt 0.660151 0.897871
vt 0.669001 0.897871
vt 0.980178 0.622706
vt 0.971327 0.622705
vt 0.971328 0.618242
vt 0.980178 0.618242
vt 0.677853 0.897870
vt 0.472786 0.572106
vt 0.481639 0.572092
vt 0.481661 0.585669
vt 0.472809 0.585684
vt 0.485292 0.574657
vt 0.485309 0.585663
vt 0.277011 0.375834
vt 0.268161 0.375835
vt 0.268160 0.364829
vt 0.277010 0.364828
vt 0.469142 0.574685
vt 0.469161 0.585691
vt 0.110707 0.889228
vt 0.101857 0.889226
vt 0.101858 0.884762
vt 0.110708 0.884763
vt 0.686704 0.897871
vt 0.131491 0.210020
vt 0.127526 0.210017
vt 0.135140 0.210021
vt 0.135137 0.218871
vt 0.954782 0.667205
vt 0.945932 0.667206
vt 0.945931 0.656200
vt 0.954781 0.656199
vt 0.431962 0.473709
vt 0.431939 0.460132
vt 0.435593 0.462697
vt 0.435610 0.473703
vt 0.127526 0.201169
vt 0.131488 0.201172
vt 0.423086 0.460146
vt 0.423110 0.473724
vt 0.127526 0.192322
vt 0.131490 0.192324
vt 0.135139 0.192326
vt 0.135136 0.201176
vt 0.419443 0.462725
vt 0.419462 0.473731
vt 0.748065 0.998183
vt 0.739213 0.998183
vt 0.739213 0.993719
vt 0.748065 0.993719
vt 0.708742 0.408602
vt 0.699891 0.408603
vt 0.699891 0.397597
vt 0.708741 0.397597
vt 0.763199 0.547166
vt 0.763182 0.533589
vt 0.766835 0.536156
vt 0.766847 0.547162
vt 0.775210 0.903868
vt 0.695553 0.897870
vt 0.704401 0.897870
vt 0.713252 0.897870
vt 0.754329 0.533601
vt 0.754349 0.547179
vt 0.750683 0.536179
vt 0.750701 0.547185
vt 0.956966 0.041603
vt 0.948116 0.041602
vt 0.948117 0.037138
vt 0.956967 0.037139
vt 0.722102 0.897870
vt 0.127526 0.183472
vt 0.131489 0.183474
vt 0.131491 0.174624
vt 0.127526 0.174623
vt 0.135140 0.174626
vt 0.135137 0.183475
vt 0.444952 0.643721
vt 0.436102 0.643722
vt 0.436101 0.632716
vt 0.444951 0.632715
vt 0.387175 0.507841
vt 0.387156 0.494266
vt 0.390807 0.496833
vt 0.390823 0.507838
vt 0.127526 0.165772
vt 0.131487 0.165771
vt 0.378303 0.494278
vt 0.378324 0.507855
vt 0.374659 0.496857
vt 0.374676 0.507861
vt 0.127526 0.156921
vt 0.131484 0.156920
vt 0.135134 0.156920
vt 0.135134 0.165771
vt 0.622723 0.956677
vt 0.613872 0.956676
vt 0.613873 0.952213
vt 0.622723 0.952213
vt 0.389245 0.414609
vt 0.380395 0.414610
vt 0.380394 0.403606
vt 0.389244 0.403605
vt 0.472921 0.497465
vt 0.472902 0.483888
vt 0.476555 0.486456
vt 0.476569 0.497460
vt 0.730954 0.897870
vt 0.739804 0.897870
vt 0.748656 0.897870
vt 0.464049 0.483901
vt 0.464069 0.497477
vt 0.757506 0.897870
vt 0.460404 0.486479
vt 0.460421 0.497483
vt 0.350194 0.067177
vt 0.350194 0.071640
vt 0.341344 0.071641
vt 0.341344 0.067177
vt 0.493013 0.345248
vt 0.484163 0.345249
vt 0.484162 0.334245
vt 0.493012 0.334244
vt 0.131489 0.148071
vt 0.131491 0.139221
vt 0.135142 0.139224
vt 0.135137 0.148074
vt 0.495586 0.566007
vt 0.495567 0.552431
vt 0.499220 0.554998
vt 0.499234 0.566002
vt 0.127526 0.130369
vt 0.127526 0.121518
vt 0.131488 0.130370
vt 0.127526 0.139220
vt 0.127526 0.148069
vt 0.486714 0.552444
vt 0.486735 0.566021
vt 0.441468 0.988531
vt 0.450319 0.998884
vt 0.441467 0.998884
vt 0.432615 0.988531
vt 0.423765 0.988531
vt 0.432615 0.998884
vt 0.423765 0.998884
vt 0.623333 0.893095
vt 0.614483 0.893095
vt 0.614481 0.889132
vt 0.623331 0.889132
vt 0.632181 0.893094
vt 0.632178 0.889132
vt 0.423091 0.474897
vt 0.423109 0.488475
vt 0.419456 0.485907
vt 0.419443 0.474901
vt 0.431942 0.474884
vt 0.431964 0.488462
vt 0.641029 0.893097
vt 0.641028 0.889132
vt 0.632184 0.896741
vt 0.623334 0.896745
vt 0.435590 0.474878
vt 0.435609 0.485884
vt 0.649876 0.889132
vt 0.649879 0.893094
vt 0.649881 0.896743
vt 0.641031 0.896746
vt 0.989896 0.545686
vt 0.989897 0.534681
vt 0.998747 0.534681
vt 0.998746 0.545687
vt 0.469240 0.557343
vt 0.469533 0.570917
vt 0.465830 0.568425
vt 0.465593 0.557422
vt 0.658727 0.893096
vt 0.658724 0.889132
vt 0.478089 0.557152
vt 0.478384 0.570727
vt 0.823867 0.606867
vt 0.823867 0.602404
vt 0.832717 0.602403
vt 0.832717 0.606866
vt 0.667574 0.893095
vt 0.667571 0.889132
vt 0.667577 0.896743
vt 0.658728 0.896745
vt 0.481736 0.557073
vt 0.481976 0.568076
vt 0.654288 0.339241
vt 0.654289 0.328236
vt 0.663139 0.328236
vt 0.663138 0.339242
vt 0.000274 0.455584
vt 0.000273 0.451120
vt 0.009123 0.451120
vt 0.009124 0.455583
vt 0.440433 0.558047
vt 0.440197 0.547044
vt 0.476874 0.988531
vt 0.485725 0.988531
vt 0.485725 0.998884
vt 0.476874 0.998884
vt 0.494578 0.988531
vt 0.468022 0.988531
vt 0.468022 0.998884
vt 0.459171 0.998884
vt 0.459171 0.988531
vt 0.450319 0.988531
vt 0.660022 0.772897
vt 0.660022 0.768434
vt 0.668872 0.768433
vt 0.668872 0.772896
vt 0.489896 0.731923
vt 0.489897 0.720918
vt 0.498747 0.720918
vt 0.498746 0.731924
vt 0.432758 0.513461
vt 0.436405 0.513380
vt 0.436647 0.524384
vt 0.433053 0.527034
vt 0.424201 0.527226
vt 0.423909 0.513651
vt 0.420498 0.524732
vt 0.420262 0.513729
vt 0.605633 0.893097
vt 0.605632 0.889132
vt 0.614484 0.896744
vt 0.605634 0.896746
vt 0.491262 0.719635
vt 0.491263 0.708630
vt 0.500113 0.708630
vt 0.500112 0.719636
vt 0.083673 0.719922
vt 0.074823 0.719920
vt 0.074824 0.715457
vt 0.083674 0.715457
vt 0.415282 0.510457
vt 0.418929 0.510377
vt 0.419169 0.521381
vt 0.415577 0.524031
vt 0.596781 0.889132
vt 0.406727 0.524224
vt 0.406433 0.510649
vt 0.596781 0.893096
vt 0.587930 0.889132
vt 0.414913 0.998884
vt 0.406063 0.998884
vt 0.406063 0.988531
vt 0.414913 0.988531
vt 0.641453 0.330586
vt 0.645422 0.339648
vt 0.135137 0.121518
vt 0.135137 0.130370
vt 0.652977 0.328604
vt 0.653033 0.339608
vt 0.649320 0.326051
vt 0.645384 0.330571
vt 0.373406 0.353167
vt 0.364556 0.353168
vt 0.364555 0.342164
vt 0.373405 0.342163
vt 0.483069 0.555023
vt 0.483087 0.566027
vt 0.902352 0.664214
vt 0.893501 0.664213
vt 0.893502 0.659749
vt 0.902352 0.659749
vt 0.994812 0.008465
vt 0.998749 0.008465
vt 0.998749 0.176635
vt 0.994812 0.176635
vt 0.711333 0.651477
vt 0.715252 0.642391
vt 0.715327 0.670898
vt 0.711360 0.661833
vt 0.711320 0.642399
vt 0.131483 0.280799
vt 0.135134 0.280799
vt 0.135134 0.289650
vt 0.127526 0.289650
vt 0.127526 0.280798
vt 0.565394 0.988531
vt 0.574246 0.988531
vt 0.574246 0.998884
vt 0.565394 0.998884
vt 0.703714 0.640478
vt 0.703722 0.651483
vt 0.707357 0.637903
vt 0.632827 0.956677
vt 0.623976 0.956676
vt 0.623977 0.952213
vt 0.632827 0.952213
vt 0.607045 0.897871
vt 0.615895 0.897871
vt 0.624747 0.897871
vt 0.670768 0.562819
vt 0.679621 0.562807
vt 0.679638 0.576384
vt 0.670788 0.576397
vt 0.683274 0.565375
vt 0.683286 0.576381
vt 0.710107 0.396315
vt 0.701257 0.396316
vt 0.701256 0.385310
vt 0.710106 0.385309
vt 0.633597 0.897871
vt 0.958878 0.077376
vt 0.950028 0.077374
vt 0.950029 0.072911
vt 0.958879 0.072912
vt 0.667122 0.565397
vt 0.667140 0.576403
vt 0.127526 0.263103
vt 0.131490 0.263106
vt 0.131490 0.271953
vt 0.127526 0.271947
vt 0.135139 0.263107
vt 0.135137 0.271956
vt 0.437306 0.724277
vt 0.428456 0.724278
vt 0.428455 0.713272
vt 0.437305 0.713272
vt 0.461944 0.582662
vt 0.461653 0.569088
vt 0.465358 0.571582
vt 0.465591 0.582586
vt 0.127526 0.254255
vt 0.131490 0.254257
vt 0.453095 0.582853
vt 0.452802 0.569278
vt 0.135140 0.245410
vt 0.135138 0.254259
vt 0.449209 0.571929
vt 0.449448 0.582932
vt 0.021139 0.793925
vt 0.012288 0.793923
vt 0.012289 0.789459
vt 0.021140 0.789460
vt 0.642449 0.897871
vt 0.944133 0.784900
vt 0.935283 0.784901
vt 0.935282 0.773895
vt 0.944132 0.773894
vt 0.528166 0.636028
vt 0.528401 0.647031
vt 0.538836 0.988531
vt 0.538836 0.998884
vt 0.529985 0.998884
vt 0.529985 0.988531
vt 0.547689 0.988531
vt 0.547689 0.998884
vt 0.720665 0.893096
vt 0.720663 0.889132
vt 0.729514 0.889132
vt 0.729518 0.893097
vt 0.556540 0.998884
vt 0.556541 0.988531
vt 0.738364 0.889132
vt 0.738367 0.893094
vt 0.738369 0.896742
vt 0.729520 0.896746
vt 0.425822 0.528420
vt 0.434673 0.528406
vt 0.434695 0.541985
vt 0.425840 0.541997
vt 0.438321 0.528400
vt 0.438340 0.539406
vt 0.603223 0.731377
vt 0.603224 0.720372
vt 0.612074 0.720372
vt 0.612073 0.731378
vt 0.742218 0.079013
vt 0.742217 0.074549
vt 0.751068 0.074549
vt 0.751068 0.079013
vt 0.443025 0.469686
vt 0.443317 0.483261
vt 0.439614 0.480768
vt 0.439378 0.469765
vt 0.026826 0.815938
vt 0.017976 0.815938
vt 0.009124 0.815938
vt 0.451874 0.469496
vt 0.452168 0.483070
vt 0.747217 0.893094
vt 0.747215 0.889132
vt 0.455521 0.469416
vt 0.455760 0.480419
vt 0.756067 0.889132
vt 0.756067 0.896742
vt 0.747217 0.896743
vt 0.665211 0.388940
vt 0.665212 0.377935
vt 0.674062 0.377935
vt 0.674061 0.388941
vt 0.703799 0.672875
vt 0.703750 0.661870
vt 0.603768 0.956677
vt 0.603768 0.952213
vt 0.612619 0.952213
vt 0.612619 0.956676
vt 0.707457 0.675430
vt 0.711396 0.670912
vt 0.000273 0.815938
vt 0.035678 0.815938
vt 0.044528 0.815938
vt 0.658496 0.998185
vt 0.649646 0.998183
vt 0.649647 0.993719
vt 0.658497 0.993720
vt 0.422187 0.539430
vt 0.422174 0.528424
vt 0.659203 0.590470
vt 0.659204 0.579465
vt 0.668054 0.579465
vt 0.668053 0.590471
vt 0.498572 0.537691
vt 0.502220 0.537685
vt 0.502238 0.548691
vt 0.498593 0.551269
vt 0.720668 0.896743
vt 0.711818 0.896746
vt 0.711816 0.893097
vt 0.489721 0.537704
vt 0.489740 0.551282
vt 0.711814 0.889132
vt 0.053380 0.815938
vt 0.062231 0.815938
vt 0.980066 0.147283
vt 0.980066 0.142819
vt 0.988916 0.142819
vt 0.988916 0.147282
vt 0.486088 0.548715
vt 0.486073 0.537709
vt 0.764063 0.654643
vt 0.764064 0.643638
vt 0.772914 0.643638
vt 0.772913 0.654644
vt 0.702969 0.896743
vt 0.694119 0.896745
vt 0.510409 0.522665
vt 0.510650 0.533668
vt 0.766358 0.897870
vt 0.775210 0.897870
vt 0.403023 0.521731
vt 0.402786 0.510728
vt 0.596781 0.896744
vt 0.587930 0.896744
vt 0.653059 0.349999
vt 0.653070 0.361004
vt 0.512016 0.254314
vt 0.512017 0.243309
vt 0.520867 0.243309
vt 0.520866 0.254315
vt 0.859913 0.606048
vt 0.859913 0.601584
vt 0.868763 0.601584
vt 0.868763 0.606047
vt 1.168431 0.809940
vt 1.133027 0.815939
vt 1.141878 0.815939
vt 1.150728 0.815939
vt 1.159580 0.815939
vt 1.124177 0.815939
vt 1.115325 0.815939
vt 1.106475 0.815939
vt 1.097624 0.815939
vt 1.168431 0.815939
vt 1.645449 0.350006
vt 1.645463 0.359084
vt 1.649427 0.363579
vt 1.641532 0.359093
vt 1.944953 0.054615
vt 1.941016 0.054615
vt 1.941016 0.222785
vt 1.944953 0.222785
vt 1.088775 0.815939
vt 1.079927 0.815938
vt 1.000273 0.809940
vt 1.071081 0.815939
vt 1.044512 0.719921
vt 1.053362 0.719920
vt 1.053362 0.715457
vt 1.044512 0.715457
vt 1.452693 0.546776
vt 1.443844 0.546966
vt 1.444136 0.560541
vt 1.452987 0.560350
vt 1.456581 0.557699
vt 1.456340 0.546695
vt 1.388039 0.588832
vt 1.396889 0.588833
vt 1.396890 0.577827
vt 1.388040 0.577827
vt 1.685273 0.896742
vt 1.685270 0.893094
vt 1.676422 0.893097
vt 1.676424 0.896746
vt 1.497913 0.522936
vt 1.494266 0.523014
vt 1.494502 0.534017
vt 1.498204 0.536510
vt 1.685266 0.889132
vt 1.676419 0.889132
vt 1.694118 0.893096
vt 1.694115 0.889132
vt 1.506762 0.522745
vt 1.507056 0.536319
vt 1.494578 0.998884
vt 1.503429 0.998884
vt 1.503429 0.988531
vt 1.512281 0.998884
vt 1.512281 0.988531
vt 1.702967 0.893095
vt 1.702963 0.889132
vt 1.521132 0.998884
vt 1.521132 0.988531
vt 1.127526 0.218864
vt 1.127526 0.227712
vt 1.131490 0.227715
vt 1.131488 0.218868
vt 1.127526 0.236559
vt 1.131489 0.236563
vt 1.127526 0.245408
vt 1.131490 0.245408
vt 1.135136 0.236566
vt 1.135138 0.227717
vt 1.512016 0.636378
vt 1.512259 0.647381
vt 1.515906 0.647300
vt 1.515608 0.633725
vt 1.524754 0.647109
vt 1.524461 0.633534
vt 1.607045 0.903868
vt 1.660151 0.897871
vt 1.651299 0.897871
vt 1.669001 0.897871
vt 1.980178 0.622706
vt 1.980178 0.618242
vt 1.971328 0.618242
vt 1.971327 0.622705
vt 1.677853 0.897870
vt 1.472786 0.572106
vt 1.472809 0.585684
vt 1.481661 0.585669
vt 1.481639 0.572092
vt 1.485309 0.585663
vt 1.485292 0.574657
vt 1.277011 0.375834
vt 1.277010 0.364828
vt 1.268160 0.364829
vt 1.268161 0.375835
vt 1.469142 0.574685
vt 1.469161 0.585691
vt 1.110707 0.889228
vt 1.110708 0.884763
vt 1.101858 0.884762
vt 1.101857 0.889226
vt 1.686704 0.897871
vt 1.131491 0.210020
vt 1.127526 0.210017
vt 1.135137 0.218871
vt 1.135140 0.210021
vt 1.954782 0.667205
vt 1.954781 0.656199
vt 1.945931 0.656200
vt 1.945932 0.667206
vt 1.431962 0.473709
vt 1.435610 0.473703
vt 1.435593 0.462697
vt 1.431939 0.460132
vt 1.131488 0.201172
vt 1.127526 0.201169
vt 1.423086 0.460146
vt 1.423110 0.473724
vt 1.127526 0.192322
vt 1.131490 0.192324
vt 1.135136 0.201176
vt 1.135139 0.192326
vt 1.419443 0.462725
vt 1.419462 0.473731
vt 1.748065 0.998183
vt 1.748065 0.993719
vt 1.739213 0.993719
vt 1.739213 0.998183
vt 1.708742 0.408602
vt 1.708741 0.397597
vt 1.699891 0.397597
vt 1.699891 0.408603
vt 1.763199 0.547166
vt 1.766847 0.547162
vt 1.766835 0.536156
vt 1.763182 0.533589
vt 1.775210 0.903868
vt 1.704401 0.897870
vt 1.695553 0.897870
vt 1.713252 0.897870
vt 1.754329 0.533601
vt 1.754349 0.547179
vt 1.750683 0.536179
vt 1.750701 0.547185
vt 1.956966 0.041603
vt 1.956967 0.037139
vt 1.948117 0.037138
vt 1.948116 0.041602
vt 1.722102 0.897870
vt 1.127526 0.183472
vt 1.131489 0.183474
vt 1.131491 0.174624
vt 1.127526 0.174623
vt 1.135137 0.183475
vt 1.135140 0.174626
vt 1.444952 0.643721
vt 1.444951 0.632715
vt 1.436101 0.632716
vt 1.436102 0.643722
vt 1.387175 0.507841
vt 1.390823 0.507838
vt 1.390807 0.496833
vt 1.387156 0.494266
vt 1.131487 0.165771
vt 1.127526 0.165772
vt 1.378303 0.494278
vt 1.378324 0.507855
vt 1.374659 0.496857
vt 1.374676 0.507861
vt 1.127526 0.156921
vt 1.131484 0.156920
vt 1.135134 0.165771
vt 1.135134 0.156920
vt 1.622723 0.956677
vt 1.622723 0.952213
vt 1.613873 0.952213
vt 1.613872 0.956676
vt 1.389245 0.414609
vt 1.389244 0.403605
vt 1.380394 0.403606
vt 1.380395 0.414610
vt 1.472921 0.497465
vt 1.476569 0.497460
vt 1.476555 0.486456
vt 1.472902 0.483888
vt 1.739804 0.897870
vt 1.730954 0.897870
vt 1.748656 0.897870
vt 1.464049 0.483901
vt 1.464069 0.497477
vt 1.757506 0.897870
vt 1.460404 0.486479
vt 1.460421 0.497483
vt 1.350194 0.067177
vt 1.341344 0.067177
vt 1.341344 0.071641
vt 1.350194 0.071640
vt 1.493013 0.345248
vt 1.493012 0.334244
vt 1.484162 0.334245
vt 1.484163 0.345249
vt 1.131489 0.148071
vt 1.135137 0.148074
vt 1.135142 0.139224
vt 1.131491 0.139221
vt 1.495586 0.566007
vt 1.499234 0.566002
vt 1.499220 0.554998
vt 1.495567 0.552431
vt 1.127526 0.130369
vt 1.131488 0.130370
vt 1.127526 0.121518
vt 1.127526 0.139220
vt 1.127526 0.148069
vt 1.486714 0.552444
vt 1.486735 0.566021
vt 1.441468 0.988531
vt 1.432615 0.988531
vt 1.441467 0.998884
vt 1.450319 0.998884
vt 1.423765 0.988531
vt 1.423765 0.998884
vt 1.432615 0.998884
vt 1.623333 0.893095
vt 1.623331 0.889132
vt 1.614481 0.889132
vt 1.614483 0.893095
vt 1.632181 0.893094
vt 1.632178 0.889132
vt 1.423091 0.474897
vt 1.419443 0.474901
vt 1.419456 0.485907
vt 1.423109 0.488475
vt 1.431964 0.488462
vt 1.431942 0.474884
vt 1.641029 0.893097
vt 1.641028 0.889132
vt 1.632184 0.896741
vt 1.623334 0.896745
vt 1.435609 0.485884
vt 1.435590 0.474878
vt 1.649876 0.889132
vt 1.649879 0.893094
vt 1.649881 0.896743
vt 1.641031 0.896746
vt 1.989896 0.545686
vt 1.998746 0.545687
vt 1.998747 0.534681
vt 1.989897 0.534681
vt 1.469240 0.557343
vt 1.465593 0.557422
vt 1.465830 0.568425
vt 1.469533 0.570917
vt 1.658727 0.893096
vt 1.658724 0.889132
vt 1.478089 0.557152
vt 1.478384 0.570727
vt 1.823867 0.606867
vt 1.832717 0.606866
vt 1.832717 0.602403
vt 1.823867 0.602404
vt 1.667574 0.893095
vt 1.667571 0.889132
vt 1.667577 0.896743
vt 1.658728 0.896745
vt 1.481976 0.568076
vt 1.481736 0.557073
vt 1.654288 0.339241
vt 1.663138 0.339242
vt 1.663139 0.328236
vt 1.654289 0.328236
vt 1.000274 0.455584
vt 1.009124 0.455583
vt 1.009123 0.451120
vt 1.000273 0.451120
vt 1.440197 0.547044
vt 1.440433 0.558047
vt 1.476874 0.988531
vt 1.476874 0.998884
vt 1.485725 0.998884
vt 1.485725 0.988531
vt 1.494578 0.988531
vt 1.468022 0.988531
vt 1.468022 0.998884
vt 1.459171 0.998884
vt 1.459171 0.988531
vt 1.450319 0.988531
vt 1.660022 0.772897
vt 1.668872 0.772896
vt 1.668872 0.768433
vt 1.660022 0.768434
vt 1.489896 0.731923
vt 1.498746 0.731924
vt 1.498747 0.720918
vt 1.489897 0.720918
vt 1.432758 0.513461
vt 1.433053 0.527034
vt 1.436647 0.524384
vt 1.436405 0.513380
vt 1.423909 0.513651
vt 1.424201 0.527226
vt 1.420262 0.513729
vt 1.420498 0.524732
vt 1.605633 0.893097
vt 1.605632 0.889132
vt 1.605634 0.896746
vt 1.614484 0.896744
vt 1.491262 0.719635
vt 1.500112 0.719636
vt 1.500113 0.708630
vt 1.491263 0.708630
vt 1.083673 0.719922
vt 1.083674 0.715457
vt 1.074824 0.715457
vt 1.074823 0.719920
vt 1.415282 0.510457
vt 1.415577 0.524031
vt 1.419169 0.521381
vt 1.418929 0.510377
vt 1.596781 0.889132
vt 1.406433 0.510649
vt 1.406727 0.524224
vt 1.587930 0.889132
vt 1.596781 0.893096
vt 1.414913 0.998884
vt 1.414913 0.988531
vt 1.406063 0.988531
vt 1.406063 0.998884
vt 1.645422 0.339648
vt 1.641453 0.330586
vt 1.135137 0.130370
vt 1.135137 0.121518
vt 1.652977 0.328604
vt 1.653033 0.339608
vt 1.649320 0.326051
vt 1.645384 0.330571
vt 1.373406 0.353167
vt 1.373405 0.342163
vt 1.364555 0.342164
vt 1.364556 0.353168
vt 1.483069 0.555023
vt 1.483087 0.566027
vt 1.902352 0.664214
vt 1.902352 0.659749
vt 1.893502 0.659749
vt 1.893501 0.664213
vt 1.994812 0.008465
vt 1.994812 0.176635
vt 1.998749 0.176635
vt 1.998749 0.008465
vt 1.715327 0.670898
vt 1.715252 0.642391
vt 1.711333 0.651477
vt 1.711360 0.661833
vt 1.711320 0.642399
vt 1.131483 0.280799
vt 1.127526 0.289650
vt 1.135134 0.289650
vt 1.135134 0.280799
vt 1.127526 0.280798
vt 1.565394 0.988531
vt 1.565394 0.998884
vt 1.574246 0.998884
vt 1.574246 0.988531
vt 1.703714 0.640478
vt 1.703722 0.651483
vt 1.707357 0.637903
vt 1.632827 0.956677
vt 1.632827 0.952213
vt 1.623977 0.952213
vt 1.623976 0.956676
vt 1.615895 0.897871
vt 1.607045 0.897871
vt 1.624747 0.897871
vt 1.670768 0.562819
vt 1.670788 0.576397
vt 1.679638 0.576384
vt 1.679621 0.562807
vt 1.683286 0.576381
vt 1.683274 0.565375
vt 1.710107 0.396315
vt 1.710106 0.385309
vt 1.701256 0.385310
vt 1.701257 0.396316
vt 1.633597 0.897871
vt 1.958878 0.077376
vt 1.958879 0.072912
vt 1.950029 0.072911
vt 1.950028 0.077374
vt 1.667122 0.565397
vt 1.667140 0.576403
vt 1.127526 0.263103
vt 1.127526 0.271947
vt 1.131490 0.271953
vt 1.131490 0.263106
vt 1.135137 0.271956
vt 1.135139 0.263107
vt 1.437306 0.724277
vt 1.437305 0.713272
vt 1.428455 0.713272
vt 1.428456 0.724278
vt 1.461944 0.582662
vt 1.465591 0.582586
vt 1.465358 0.571582
vt 1.461653 0.569088
vt 1.131490 0.254257
vt 1.127526 0.254255
vt 1.453095 0.582853
vt 1.452802 0.569278
vt 1.135138 0.254259
vt 1.135140 0.245410
vt 1.449209 0.571929
vt 1.449448 0.582932
vt 1.021139 0.793925
vt 1.021140 0.789460
vt 1.012289 0.789459
vt 1.012288 0.793923
vt 1.642449 0.897871
vt 1.944133 0.784900
vt 1.944132 0.773894
vt 1.935282 0.773895
vt 1.935283 0.784901
vt 1.528401 0.647031
vt 1.528166 0.636028
vt 1.538836 0.988531
vt 1.529985 0.988531
vt 1.529985 0.998884
vt 1.538836 0.998884
vt 1.547689 0.998884
vt 1.547689 0.988531
vt 1.729514 0.889132
vt 1.720663 0.889132
vt 1.720665 0.893096
vt 1.729518 0.893097
vt 1.556540 0.998884
vt 1.556541 0.988531
vt 1.738367 0.893094
vt 1.738364 0.889132
vt 1.738369 0.896742
vt 1.729520 0.896746
vt 1.425822 0.528420
vt 1.425840 0.541997
vt 1.434695 0.541985
vt 1.434673 0.528406
vt 1.438340 0.539406
vt 1.438321 0.528400
vt 1.603223 0.731377
vt 1.612073 0.731378
vt 1.612074 0.720372
vt 1.603224 0.720372
vt 1.742218 0.079013
vt 1.751068 0.079013
vt 1.751068 0.074549
vt 1.742217 0.074549
vt 1.443025 0.469686
vt 1.439378 0.469765
vt 1.439614 0.480768
vt 1.443317 0.483261
vt 1.017976 0.815938
vt 1.026826 0.815938
vt 1.009124 0.815938
vt 1.451874 0.469496
vt 1.452168 0.483070
vt 1.747217 0.893094
vt 1.747215 0.889132
vt 1.455760 0.480419
vt 1.455521 0.469416
vt 1.756067 0.889132
vt 1.756067 0.896742
vt 1.747217 0.896743
vt 1.665211 0.388940
vt 1.674061 0.388941
vt 1.674062 0.377935
vt 1.665212 0.377935
vt 1.703750 0.661870
vt 1.703799 0.672875
vt 1.603768 0.956677
vt 1.612619 0.956676
vt 1.612619 0.952213
vt 1.603768 0.952213
vt 1.707457 0.675430
vt 1.711396 0.670912
vt 1.000273 0.815938
vt 1.035678 0.815938
vt 1.044528 0.815938
vt 1.658496 0.998185
vt 1.658497 0.993720
vt 1.649647 0.993719
vt 1.649646 0.998183
vt 1.422174 0.528424
vt 1.422187 0.539430
vt 1.659203 0.590470
vt 1.668053 0.590471
vt 1.668054 0.579465
vt 1.659204 0.579465
vt 1.498572 0.537691
vt 1.498593 0.551269
vt 1.502238 0.548691
vt 1.502220 0.537685
vt 1.720668 0.896743
vt 1.711816 0.893097
vt 1.711818 0.896746
vt 1.489721 0.537704
vt 1.489740 0.551282
vt 1.711814 0.889132
vt 1.053380 0.815938
vt 1.062231 0.815938
vt 1.980066 0.147283
vt 1.988916 0.147282
vt 1.988916 0.142819
vt 1.980066 0.142819
vt 1.486073 0.537709
vt 1.486088 0.548715
vt 1.764063 0.654643
vt 1.772913 0.654644
vt 1.772914 0.643638
vt 1.764064 0.643638
vt 1.702969 0.896743
vt 1.694119 0.896745
vt 1.510650 0.533668
vt 1.510409 0.522665
vt 1.775210 0.897870
vt 1.766358 0.897870
vt 1.402786 0.510728
vt 1.403023 0.521731
vt 1.587930 0.896744
vt 1.596781 0.896744
vt 1.653070 0.361004
vt 1.653059 0.349999
vt 1.512016 0.254314
vt 1.520866 0.254315
vt 1.520867 0.243309
vt 1.512017 0.243309
vt 1.859913 0.606048
vt 1.868763 0.606047
vt 1.868763 0.601584
vt 1.859913 0.601584
vt 0.534642 0.463215
vt 0.539479 0.467989
vt 0.538477 0.469504
vt 0.533138 0.464230
vt 0.530255 0.457297
vt 0.532033 0.456942
vt 0.532034 0.450145
vt 0.530256 0.449791
vt 0.534633 0.443863
vt 0.533125 0.442852
vt 0.539439 0.439054
vt 0.538431 0.437544
vt 0.545721 0.436463
vt 0.545376 0.434683
vt 0.552883 0.434736
vt 0.552522 0.436514
vt 0.559807 0.437629
vt 0.558799 0.439139
vt 0.565129 0.442915
vt 0.563627 0.443934
vt 0.568052 0.449829
vt 0.566277 0.450196
vt 0.568106 0.457336
vt 0.566326 0.456989
vt 0.563733 0.463265
vt 0.565236 0.464279
vt 0.559889 0.469547
vt 0.558891 0.468031
vt 0.552588 0.470574
vt 0.552931 0.472353
vt 0.545782 0.470554
vt 0.545428 0.472333
vt 0.383155 0.966332
vt 0.383155 0.974506
vt 0.381222 0.974506
vt 0.381222 0.966319
vt 0.383155 0.869072
vt 0.383155 0.877188
vt 0.381229 0.877183
vt 0.381229 0.869062
vt 0.383155 0.909582
vt 0.381265 0.909584
vt 0.381235 0.901492
vt 0.383155 0.901492
vt 0.383155 0.950075
vt 0.381261 0.950077
vt 0.381213 0.941966
vt 0.383155 0.941964
vt 0.383155 0.852795
vt 0.381229 0.852809
vt 0.381229 0.844621
vt 0.383155 0.844620
vt 0.383155 0.885296
vt 0.381229 0.885295
vt 0.383155 0.917672
vt 0.383155 0.925764
vt 0.381236 0.925769
vt 0.381237 0.917678
vt 0.383155 0.958197
vt 0.381222 0.958195
vt 0.383155 0.860944
vt 0.381229 0.860928
vt 0.383155 0.893396
vt 0.381229 0.893397
vt 0.383155 0.933864
vt 0.381234 0.933865
vt 0.388713 0.954522
vt 0.388713 0.962152
vt 0.384490 0.962204
vt 0.384490 0.954449
vt 0.922720 0.644071
vt 0.931137 0.644078
vt 0.931137 0.652406
vt 0.922720 0.652399
vt 0.388757 0.924000
vt 0.384490 0.923998
vt 0.384490 0.916458
vt 0.388690 0.916437
vt 0.922720 0.694074
vt 0.922720 0.685735
vt 0.931137 0.685735
vt 0.931137 0.694073
vt 0.388771 0.893923
vt 0.384490 0.893924
vt 0.384490 0.886471
vt 0.388549 0.886456
vt 0.922720 0.719097
vt 0.931137 0.719095
vt 0.931137 0.727436
vt 0.922720 0.727438
vt 0.388676 0.864243
vt 0.384490 0.864148
vt 0.384490 0.856757
vt 0.388676 0.856900
vt 0.922720 0.619080
vt 0.931137 0.619082
vt 0.931137 0.627419
vt 0.922720 0.627415
vt 0.388713 0.946810
vt 0.384490 0.946808
vt 0.931137 0.660735
vt 0.922720 0.660729
vt 0.384490 0.908910
vt 0.388669 0.908911
vt 0.931137 0.702412
vt 0.922720 0.702414
vt 0.388676 0.879017
vt 0.384490 0.879008
vt 0.931137 0.735777
vt 0.922720 0.735777
vt 0.384490 0.849536
vt 0.388676 0.849536
vt 0.931137 0.635750
vt 0.922720 0.635745
vt 0.388672 0.939146
vt 0.384490 0.939197
vt 0.384490 0.931557
vt 0.388558 0.931567
vt 0.922720 0.669062
vt 0.931137 0.669065
vt 0.931137 0.677400
vt 0.922720 0.677398
vt 0.384490 0.901395
vt 0.388549 0.901411
vt 0.931137 0.710754
vt 0.922720 0.710756
vt 0.384490 0.871552
vt 0.388676 0.871619
vt 0.922720 0.602403
vt 0.931137 0.602403
vt 0.931137 0.610743
vt 0.922720 0.610744
vt 0.388713 0.969984
vt 0.384490 0.969984
vt 0.339048 0.242167
vt 0.296800 0.241932
vt 0.296842 0.234094
vt 0.339089 0.234273
vt 0.339119 0.179179
vt 0.296873 0.179172
vt 0.296873 0.171318
vt 0.339119 0.171322
vt 0.338995 0.250059
vt 0.296747 0.249778
vt 0.339119 0.187034
vt 0.296873 0.187023
vt 0.338935 0.257941
vt 0.296687 0.257629
vt 0.339119 0.194890
vt 0.296873 0.194873
vt 0.338871 0.265818
vt 0.296623 0.265487
vt 0.339119 0.202751
vt 0.296873 0.202726
vt 0.338805 0.273687
vt 0.296559 0.273350
vt 0.339119 0.210614
vt 0.296873 0.210577
vt 0.339119 0.155597
vt 0.296873 0.155600
vt 0.296873 0.147734
vt 0.339119 0.147734
vt 0.339119 0.226375
vt 0.296873 0.226259
vt 0.296873 0.218424
vt 0.339119 0.218489
vt 0.339119 0.163460
vt 0.296873 0.163461
vt 0.411423 0.590663
vt 0.415156 0.592211
vt 0.418013 0.595069
vt 0.415147 0.609437
vt 0.403644 0.592205
vt 0.407379 0.590661
vt 0.411415 0.610982
vt 0.407372 0.610981
vt 0.400783 0.606574
vt 0.399236 0.602841
vt 0.399236 0.598797
vt 0.400784 0.595063
vt 0.403639 0.609433
vt 0.418005 0.606579
vt 0.419557 0.598805
vt 0.419553 0.602848
vt 0.352541 0.277050
vt 0.352543 0.273601
vt 0.375287 0.273611
vt 0.375287 0.277057
vt 0.455946 0.721539
vt 0.446824 0.723984
vt 0.449268 0.721539
vt 0.452606 0.720644
vt 0.375287 0.280502
vt 0.352540 0.280493
vt 0.445931 0.727327
vt 0.458392 0.723984
vt 0.375287 0.270160
vt 0.352543 0.270150
vt 0.352543 0.266697
vt 0.375287 0.266704
vt 0.352542 0.263244
vt 0.375287 0.263244
vt 0.375287 0.304670
vt 0.352540 0.304670
vt 0.352540 0.301210
vt 0.375287 0.301215
vt 0.352540 0.297752
vt 0.375287 0.297758
vt 0.446829 0.730670
vt 0.459289 0.727326
vt 0.458396 0.730668
vt 0.449275 0.733114
vt 0.352540 0.294297
vt 0.375287 0.294304
vt 0.455953 0.733114
vt 0.452613 0.734009
vt 0.352540 0.290842
vt 0.375287 0.290850
vt 0.352540 0.287391
vt 0.375287 0.287399
vt 0.352540 0.283941
vt 0.375287 0.283949
vt 1.352541 0.277050
vt 1.375287 0.277057
vt 1.375287 0.273611
vt 1.352543 0.273601
vt 1.455946 0.721539
vt 1.452606 0.720644
vt 1.449268 0.721539
vt 1.446824 0.723984
vt 1.375287 0.280502
vt 1.352540 0.280493
vt 1.445931 0.727327
vt 1.458392 0.723984
vt 1.375287 0.270160
vt 1.375287 0.266704
vt 1.352543 0.266697
vt 1.352543 0.270150
vt 1.375287 0.263244
vt 1.352542 0.263244
vt 1.375287 0.304670
vt 1.375287 0.301215
vt 1.352540 0.301210
vt 1.352540 0.304670
vt 1.375287 0.297758
vt 1.352540 0.297752
vt 1.446829 0.730670
vt 1.449275 0.733114
vt 1.458396 0.730668
vt 1.459289 0.727326
vt 1.375287 0.294304
vt 1.352540 0.294297
vt 1.455953 0.733114
vt 1.452613 0.734009
vt 1.375287 0.290850
vt 1.352540 0.290842
vt 1.375287 0.287399
vt 1.352540 0.287391
vt 1.375287 0.283949
vt 1.352540 0.283941
vt 0.529519 0.590388
vt 0.523863 0.586557
vt 0.531492 0.588833
vt 0.519677 0.363887
vt 0.581573 0.363892
vt 0.581575 0.370721
vt 0.519679 0.370720
vt 0.531492 0.604238
vt 0.523860 0.596520
vt 0.519675 0.355545
vt 0.581571 0.355550
vt 0.269161 0.654834
vt 0.269161 0.672523
vt 0.207264 0.670241
vt 0.207264 0.654833
vt 0.513831 0.604238
vt 0.348227 0.646482
vt 0.344075 0.645310
vt 0.361730 0.645003
vt 0.351310 0.649827
vt 0.352498 0.654450
vt 0.358271 0.669085
vt 0.352759 0.669184
vt 0.758875 0.127252
vt 0.820814 0.127252
vt 0.787108 0.151127
vt 0.769827 0.148976
vt 0.856622 0.065649
vt 0.866647 0.075649
vt 0.848990 0.075649
vt 0.850961 0.059520
vt 0.848990 0.057964
vt 0.352722 0.714936
vt 0.352934 0.688319
vt 0.357989 0.688354
vt 0.362000 0.729467
vt 0.351557 0.722154
vt 0.348488 0.727423
vt 0.344342 0.729326
vt 0.627412 0.552710
vt 0.631708 0.553285
vt 0.631646 0.613064
vt 0.627377 0.614646
vt 0.635999 0.554842
vt 0.635919 0.608729
vt 0.624114 0.552705
vt 0.624114 0.614643
vt 0.869924 0.065650
vt 0.869922 0.075649
vt 0.873197 0.075649
vt 0.883227 0.065651
vt 0.890856 0.075649
vt 0.581568 0.328945
vt 0.581569 0.342248
vt 0.519672 0.342248
vt 0.519669 0.328948
vt 0.510558 0.596518
vt 0.510555 0.604238
vt 0.497255 0.596518
vt 0.507280 0.604238
vt 0.489624 0.604238
vt 0.472169 0.057892
vt 0.489825 0.058192
vt 0.485673 0.059365
vt 0.616543 0.613048
vt 0.616601 0.553268
vt 0.620861 0.552703
vt 0.620827 0.614642
vt 0.471874 0.142338
vt 0.485388 0.140305
vt 0.489532 0.142212
vt 0.482324 0.135034
vt 0.612259 0.608700
vt 0.612339 0.554810
vt 0.437647 0.163141
vt 0.375751 0.165416
vt 0.375751 0.147734
vt 0.437647 0.147734
vt 0.888886 0.059523
vt 0.890856 0.057967
vt 0.481164 0.127816
vt 0.475919 0.101230
vt 0.480972 0.101202
vt 0.397547 0.790006
vt 0.369317 0.813882
vt 0.335609 0.790006
vt 0.386598 0.811727
vt 0.371132 0.814870
vt 0.476082 0.099166
vt 0.480961 0.099156
vt 0.591846 0.579066
vt 0.592743 0.565412
vt 0.594948 0.563605
vt 0.592808 0.580881
vt 0.608074 0.556917
vt 0.607983 0.602760
vt 0.475998 0.084834
vt 0.475643 0.081972
vt 0.481155 0.082067
vt 0.481106 0.084919
vt 0.481407 0.067333
vt 0.476242 0.087937
vt 0.481054 0.088011
vt 0.591110 0.576843
vt 0.591173 0.568077
vt 0.480960 0.096825
vt 0.476210 0.096812
vt 0.476268 0.094741
vt 0.480973 0.094779
vt 0.590796 0.574811
vt 0.590661 0.570884
vt 0.384789 0.813964
vt 0.382122 0.815556
vt 0.373355 0.815622
vt 0.379315 0.816077
vt 0.375388 0.815941
vt 0.481013 0.090859
vt 0.476310 0.090800
vt 0.482591 0.062710
vt 0.581563 0.313769
vt 0.581565 0.320601
vt 0.519667 0.320606
vt 0.519666 0.313773
vt 0.883217 0.055714
vt 0.519666 0.312691
vt 0.581563 0.312686
vt 0.883217 0.054626
vt 0.887493 0.054626
vt 0.519662 0.303673
vt 0.581560 0.303659
vt 0.581562 0.308407
vt 0.519665 0.308415
vt 0.489624 0.588828
vt 0.491596 0.590387
vt 0.497263 0.586569
vt 0.492986 0.585480
vt 0.497263 0.585485
vt 0.640284 0.556967
vt 0.640195 0.602809
vt 0.653390 0.563717
vt 0.655450 0.581001
vt 0.357826 0.686289
vt 0.352948 0.686272
vt 0.655593 0.565536
vt 0.656423 0.579194
vt 0.357918 0.671948
vt 0.352810 0.672038
vt 0.357676 0.675053
vt 0.352864 0.675128
vt 0.657153 0.568211
vt 0.657170 0.576977
vt 0.657649 0.571020
vt 0.657493 0.574947
vt 0.357609 0.677917
vt 0.352906 0.677975
vt 0.357648 0.681861
vt 0.352943 0.681895
vt 0.774308 0.152810
vt 0.783074 0.152868
vt 0.781043 0.153189
vt 0.777116 0.153329
vt 0.357703 0.683933
vt 0.352953 0.683940
vt 0.771640 0.151216
vt 0.785296 0.152114
vt 0.581576 0.376073
vt 0.581577 0.380816
vt 0.519681 0.380831
vt 0.519680 0.376083
vt 0.852348 0.054615
vt 0.856624 0.054615
vt 0.856624 0.055700
vt 0.519679 0.371805
vt 0.581575 0.371799
vt 0.523863 0.585473
vt 0.528140 0.585477
vt 0.420828 0.068856
vt 0.419443 0.068856
vt 0.419443 0.058438
vt 0.420828 0.058438
vt 0.436087 0.068856
vt 0.434701 0.068856
vt 0.434702 0.058438
vt 0.436087 0.058438
vt 0.913077 0.325048
vt 0.913785 0.326784
vt 0.912434 0.327083
vt 0.912336 0.325211
vt 0.913015 0.320418
vt 0.912269 0.320278
vt 0.912304 0.318405
vt 0.913665 0.318660
vt 0.422215 0.068856
vt 0.422216 0.058438
vt 0.911061 0.326922
vt 0.911581 0.325122
vt 0.423600 0.068856
vt 0.423604 0.058438
vt 0.910894 0.324789
vt 0.909820 0.326328
vt 0.441441 0.678592
vt 0.441443 0.687987
vt 0.440684 0.687987
vt 0.440682 0.678592
vt 0.442202 0.678592
vt 0.442205 0.687987
vt 0.439924 0.687987
vt 0.439924 0.678591
vt 0.065005 0.075377
vt 0.064273 0.075573
vt 0.063541 0.075376
vt 0.065541 0.074841
vt 0.063005 0.074839
vt 0.065736 0.074107
vt 0.449051 0.678592
vt 0.449051 0.687987
vt 0.448293 0.687987
vt 0.448293 0.678592
vt 0.447534 0.687987
vt 0.447536 0.678593
vt 0.911519 0.320392
vt 0.910940 0.318611
vt 0.446773 0.687987
vt 0.446776 0.678593
vt 0.910840 0.320746
vt 0.909720 0.319245
vt 0.433315 0.068856
vt 0.433317 0.058438
vt 0.431927 0.068856
vt 0.431933 0.058439
vt 0.430539 0.068856
vt 0.430547 0.058438
vt 0.910306 0.321303
vt 0.908769 0.320232
vt 0.429152 0.068856
vt 0.429160 0.058438
vt 0.909966 0.322006
vt 0.908172 0.321461
vt 0.427765 0.068856
vt 0.427773 0.058438
vt 0.909853 0.322784
vt 0.907974 0.322810
vt 0.426377 0.068856
vt 0.426384 0.058438
vt 0.909985 0.323558
vt 0.908208 0.324153
vt 0.424988 0.068856
vt 0.424994 0.058438
vt 0.910342 0.324247
vt 0.908840 0.325366
vt 0.442964 0.678592
vt 0.442968 0.687987
vt 0.443727 0.678592
vt 0.443729 0.687987
vt 0.062807 0.074105
vt 0.065538 0.073372
vt 0.063002 0.073371
vt 0.065002 0.072835
vt 0.445255 0.678593
vt 0.445253 0.687987
vt 0.444491 0.687987
vt 0.444492 0.678592
vt 0.063538 0.072834
vt 0.064270 0.072638
vt 0.446017 0.678593
vt 0.446012 0.687987
vt 0.507100 0.779276
vt 0.521835 0.766794
vt 0.511712 0.777500
vt 0.509785 0.778781
vt 0.868619 0.839082
vt 0.860734 0.839083
vt 0.860732 0.819771
vt 0.868619 0.819771
vt 0.508500 0.780701
vt 0.507123 0.786433
vt 0.508057 0.782971
vt 0.508518 0.785238
vt 0.530825 0.773134
vt 0.522939 0.773133
vt 0.522940 0.765975
vt 0.530826 0.765976
vt 0.206140 0.266352
vt 0.198255 0.266348
vt 0.198255 0.264034
vt 0.206140 0.264039
vt 0.198255 0.261721
vt 0.206140 0.261725
vt 0.867547 0.405439
vt 0.866593 0.409134
vt 0.866148 0.406865
vt 0.867533 0.412596
vt 0.866136 0.411404
vt 0.198255 0.268659
vt 0.206140 0.268659
vt 0.198255 0.270971
vt 0.206140 0.270970
vt 0.509810 0.787163
vt 0.198255 0.273280
vt 0.206140 0.273279
vt 0.513333 0.792639
vt 0.511738 0.788448
vt 0.198255 0.275588
vt 0.206140 0.275589
vt 0.514010 0.788903
vt 0.516281 0.788457
vt 0.206140 0.277898
vt 0.198255 0.277894
vt 0.861332 0.418812
vt 0.858390 0.414624
vt 0.860658 0.415074
vt 0.852817 0.418818
vt 0.856466 0.413341
vt 0.206140 0.280205
vt 0.198255 0.280204
vt 0.855181 0.411417
vt 0.198254 0.282513
vt 0.206140 0.282509
vt 0.521851 0.792657
vt 0.518205 0.787179
vt 0.519488 0.785257
vt 0.642272 0.504337
vt 0.642272 0.496451
vt 0.650788 0.496451
vt 0.650788 0.504337
vt 0.519933 0.782989
vt 0.198254 0.284820
vt 0.206140 0.284816
vt 0.198252 0.287128
vt 0.206140 0.287131
vt 0.519478 0.780719
vt 0.518187 0.778796
vt 0.198252 0.289440
vt 0.206140 0.289444
vt 0.516258 0.777508
vt 0.198252 0.291759
vt 0.206140 0.291759
vt 0.513985 0.777053
vt 0.198255 0.257092
vt 0.198255 0.254779
vt 0.206140 0.254779
vt 0.206140 0.257093
vt 0.852813 0.392955
vt 0.860665 0.403213
vt 0.858395 0.403666
vt 0.856470 0.404954
vt 0.862936 0.403660
vt 0.198255 0.259406
vt 0.206140 0.259408
vt 0.864863 0.404943
vt 0.855184 0.406877
vt 0.854731 0.409149
vt 0.990989 0.584693
vt 0.990989 0.575915
vt 0.998876 0.575915
vt 0.998876 0.584693
vt 0.864849 0.413331
vt 0.862926 0.414619
vt 1.511712 0.777500
vt 1.521835 0.766794
vt 1.507100 0.779276
vt 1.509785 0.778781
vt 1.868619 0.839082
vt 1.868619 0.819771
vt 1.860732 0.819771
vt 1.860734 0.839083
vt 1.508500 0.780701
vt 1.507123 0.786433
vt 1.508518 0.785238
vt 1.508057 0.782971
vt 1.530825 0.773134
vt 1.530826 0.765976
vt 1.522940 0.765975
vt 1.522939 0.773133
vt 1.206140 0.266352
vt 1.206140 0.264039
vt 1.198255 0.264034
vt 1.198255 0.266348
vt 1.206140 0.261725
vt 1.198255 0.261721
vt 1.867547 0.405439
vt 1.866148 0.406865
vt 1.866593 0.409134
vt 1.867533 0.412596
vt 1.866136 0.411404
vt 1.198255 0.268659
vt 1.206140 0.268659
vt 1.198255 0.270971
vt 1.206140 0.270970
vt 1.509810 0.787163
vt 1.198255 0.273280
vt 1.206140 0.273279
vt 1.513333 0.792639
vt 1.511738 0.788448
vt 1.198255 0.275588
vt 1.206140 0.275589
vt 1.514010 0.788903
vt 1.516281 0.788457
vt 1.206140 0.277898
vt 1.198255 0.277894
vt 1.861332 0.418812
vt 1.860658 0.415074
vt 1.858390 0.414624
vt 1.852817 0.418818
vt 1.856466 0.413341
vt 1.206140 0.280205
vt 1.198255 0.280204
vt 1.855181 0.411417
vt 1.198254 0.282513
vt 1.206140 0.282509
vt 1.521851 0.792657
vt 1.518205 0.787179
vt 1.519488 0.785257
vt 1.642272 0.504337
vt 1.650788 0.504337
vt 1.650788 0.496451
vt 1.642272 0.496451
vt 1.519933 0.782989
vt 1.198254 0.284820
vt 1.206140 0.284816
vt 1.198252 0.287128
vt 1.206140 0.287131
vt 1.519478 0.780719
vt 1.518187 0.778796
vt 1.198252 0.289440
vt 1.206140 0.289444
vt 1.516258 0.777508
vt 1.198252 0.291759
vt 1.206140 0.291759
vt 1.513985 0.777053
vt 1.198255 0.257092
vt 1.206140 0.257093
vt 1.206140 0.254779
vt 1.198255 0.254779
vt 1.858395 0.403666
vt 1.860665 0.403213
vt 1.852813 0.392955
vt 1.856470 0.404954
vt 1.862936 0.403660
vt 1.198255 0.259406
vt 1.206140 0.259408
vt 1.864863 0.404943
vt 1.855184 0.406877
vt 1.854731 0.409149
vt 1.990989 0.584693
vt 1.998876 0.584693
vt 1.998876 0.575915
vt 1.990989 0.575915
vt 1.864849 0.413331
vt 1.862926 0.414619
vt 0.903606 0.671956
vt 0.903605 0.670564
vt 0.912180 0.670564
vt 0.912182 0.671953
vt 0.369328 0.543139
vt 0.369307 0.554844
vt 0.360732 0.554829
vt 0.360762 0.536046
vt 0.728981 0.677637
vt 0.727593 0.677639
vt 0.727471 0.591483
vt 0.728858 0.591480
vt 0.739787 0.662265
vt 0.739694 0.601445
vt 0.378456 0.543145
vt 0.396858 0.536072
vt 0.400548 0.543152
vt 0.620153 0.619882
vt 0.656250 0.619880
vt 0.656254 0.680699
vt 0.620156 0.680702
vt 0.884762 0.662332
vt 0.890271 0.660130
vt 0.890256 0.668131
vt 0.890362 0.613385
vt 0.884880 0.601513
vt 0.890390 0.597760
vt 0.583642 0.430043
vt 0.565473 0.424508
vt 0.587332 0.424493
vt 0.547545 0.430086
vt 0.556111 0.424520
vt 0.569164 0.415422
vt 0.587327 0.415411
vt 0.469216 0.057892
vt 0.469213 0.128263
vt 0.460088 0.128263
vt 0.459858 0.057892
vt 0.569357 0.750518
vt 0.561811 0.760023
vt 0.561492 0.695793
vt 0.569045 0.680153
vt 0.561474 0.673949
vt 0.510268 0.695799
vt 0.510274 0.673953
vt 0.450446 0.645004
vt 0.450446 0.663168
vt 0.399236 0.658984
vt 0.399236 0.645003
vt 0.399236 0.663167
vt 0.601857 0.732764
vt 0.606039 0.732756
vt 0.609753 0.741831
vt 0.608680 0.747383
vt 0.502704 0.680164
vt 0.619117 0.741833
vt 0.627691 0.747387
vt 0.510013 0.760030
vt 0.502457 0.750532
vt 0.947024 0.284544
vt 0.956383 0.284544
vt 0.956152 0.354915
vt 0.947028 0.354915
vt 0.627698 0.732665
vt 0.619122 0.732660
vt 0.543989 0.000273
vt 0.550735 0.006485
vt 0.550799 0.076857
vt 0.544062 0.086429
vt 0.643425 0.302826
vt 0.652001 0.295742
vt 0.652007 0.314527
vt 0.643432 0.314530
vt 0.632991 0.295740
vt 0.634295 0.302823
vt 0.335721 0.710682
vt 0.324857 0.695357
vt 0.324843 0.690453
vt 0.096319 0.789994
vt 0.077307 0.789996
vt 0.096319 0.785091
vt 0.056526 0.789994
vt 0.056527 0.785091
vt 0.982796 0.477321
vt 0.991941 0.462862
vt 0.991949 0.502653
vt 0.982800 0.501539
vt 0.324733 0.651119
vt 0.346259 0.381498
vt 0.346263 0.342163
vt 0.363372 0.342164
vt 0.363367 0.381500
vt 0.510840 0.648020
vt 0.486620 0.648020
vt 0.486620 0.608684
vt 0.510839 0.608684
vt 0.749600 0.372254
vt 0.758816 0.372232
vt 0.758911 0.411567
vt 0.749693 0.411590
vt 0.836568 0.255871
vt 0.836562 0.295663
vt 0.827417 0.281204
vt 0.827419 0.256986
vt 0.603229 0.155600
vt 0.603223 0.147877
vt 0.624003 0.147861
vt 0.643020 0.155574
vt 0.739002 0.416518
vt 0.738886 0.364555
vt 0.749584 0.364531
vt 0.438340 0.125889
vt 0.438339 0.145316
vt 0.424358 0.144727
vt 0.424359 0.125888
vt 0.738878 0.345713
vt 0.693809 0.367574
vt 0.700897 0.368905
vt 0.725672 0.368906
vt 0.728839 0.372068
vt 0.728928 0.409827
vt 0.358844 0.046695
vt 0.358967 0.057393
vt 0.344975 0.057553
vt 0.681049 0.351957
vt 0.681059 0.367582
vt 0.619523 0.315948
vt 0.619522 0.327309
vt 0.614490 0.327309
vt 0.606772 0.315947
vt 0.693922 0.414318
vt 0.697746 0.372059
vt 0.697845 0.409822
vt 0.831320 0.439700
vt 0.822232 0.432883
vt 0.822229 0.399775
vt 0.831317 0.392955
vt 0.687666 0.345735
vt 0.647103 0.849809
vt 0.651531 0.850219
vt 0.650757 0.854251
vt 0.646368 0.854251
vt 0.687589 0.850161
vt 0.688167 0.854251
vt 0.583288 0.545621
vt 0.583310 0.509818
vt 0.586304 0.506827
vt 0.586281 0.548615
vt 0.692315 0.850092
vt 0.692135 0.854251
vt 0.609772 0.548624
vt 0.609792 0.506836
vt 0.716280 0.850085
vt 0.716494 0.854251
vt 0.612786 0.509830
vt 0.612765 0.545632
vt 0.721045 0.850167
vt 0.720485 0.854251
vt 0.757312 0.850159
vt 0.757951 0.854251
vt 0.725779 0.412980
vt 0.762129 0.850075
vt 0.762027 0.854251
vt 0.739002 0.442204
vt 0.701007 0.412980
vt 0.694484 0.449770
vt 0.687792 0.442204
vt 0.732309 0.449771
vt 0.687792 0.431800
vt 0.520330 0.591479
vt 0.501912 0.595038
vt 0.515939 0.584692
vt 0.520360 0.584712
vt 0.523912 0.595140
vt 0.401693 0.541519
vt 0.423694 0.541508
vt 0.401746 0.551622
vt 0.502023 0.569361
vt 0.516004 0.569421
vt 0.273951 0.729430
vt 0.247761 0.729429
vt 0.241945 0.720099
vt 0.279769 0.720101
vt 0.423795 0.560390
vt 0.408370 0.560399
vt 0.378730 0.305844
vt 0.378731 0.321269
vt 0.352541 0.321270
vt 0.352540 0.305845
vt 0.629538 0.474058
vt 0.651540 0.474068
vt 0.651487 0.484171
vt 0.644863 0.492949
vt 0.629437 0.492940
vt 0.506338 0.263458
vt 0.502731 0.267093
vt 0.502738 0.263452
vt 0.524731 0.267148
vt 0.493993 0.275640
vt 0.493992 0.271999
vt 0.545203 0.271982
vt 0.545203 0.275625
vt 0.532696 0.289774
vt 0.506506 0.289781
vt 0.769647 0.320036
vt 0.769525 0.316438
vt 0.820736 0.316431
vt 0.820857 0.320031
vt 0.523931 0.591498
vt 0.524759 0.256740
vt 0.506356 0.256691
vt 0.769646 0.309669
vt 0.820856 0.309667
vt 0.630582 0.314380
vt 0.626161 0.314371
vt 0.400546 0.554716
vt 0.382143 0.554712
vt 0.352928 0.147734
vt 0.340252 0.163004
vt 0.340252 0.147734
vt 0.645549 0.618540
vt 0.645550 0.597760
vt 0.656249 0.604559
vt 0.656248 0.618540
vt 0.749702 0.416494
vt 0.681172 0.422320
vt 0.681172 0.414318
vt 0.786382 0.849962
vt 0.786382 0.854251
vt 0.438012 0.830695
vt 0.443045 0.830694
vt 0.443046 0.863803
vt 0.438014 0.863803
vt 0.726295 0.676025
vt 0.713545 0.676029
vt 0.721260 0.664665
vt 0.726294 0.664664
vt 0.902273 0.620227
vt 0.902208 0.653335
vt 0.678435 0.675191
vt 0.678436 0.684048
vt 0.665760 0.684637
vt 0.665756 0.665211
vt 0.338067 0.046910
vt 0.624000 0.139004
vt 0.643012 0.138995
vt 0.324686 0.634538
vt 0.335482 0.624526
vt 0.251504 0.280912
vt 0.251502 0.279520
vt 0.260078 0.279521
vt 0.260080 0.280910
vt 0.336870 0.624522
vt 0.337111 0.710679
vt 0.251532 0.193362
vt 0.260106 0.193362
vt 0.251528 0.191973
vt 0.260104 0.191972
vt 0.542671 0.086430
vt 0.542600 0.000274
vt 0.547516 0.415364
vt 0.556091 0.415347
vt 0.261333 0.293957
vt 0.261345 0.223586
vt 0.268088 0.217368
vt 0.268079 0.303524
vt 0.269476 0.217368
vt 0.269470 0.303524
vt 0.903629 0.583016
vt 0.912205 0.583014
vt 0.912207 0.584404
vt 0.903633 0.584404
vt 0.024303 0.207075
vt 0.024303 0.203567
vt 0.027184 0.203567
vt 0.027184 0.207076
vt 0.024303 0.200060
vt 0.027184 0.200060
vt 0.439443 0.353996
vt 0.436054 0.354905
vt 0.432665 0.353996
vt 0.441924 0.351515
vt 0.024303 0.210585
vt 0.027184 0.210586
vt 0.430183 0.351514
vt 0.442831 0.348124
vt 0.027184 0.214096
vt 0.024303 0.214096
vt 0.429274 0.348124
vt 0.441921 0.344733
vt 0.430181 0.344733
vt 0.439439 0.342250
vt 0.024305 0.175546
vt 0.024305 0.172037
vt 0.027184 0.172037
vt 0.027184 0.175547
vt 0.024304 0.179054
vt 0.027184 0.179055
vt 0.432662 0.342250
vt 0.436050 0.341344
vt 0.027184 0.182560
vt 0.024305 0.182559
vt 0.024305 0.186063
vt 0.027184 0.186059
vt 0.024305 0.189563
vt 0.027184 0.189555
vt 0.024303 0.193059
vt 0.027184 0.193054
vt 0.024303 0.196559
vt 0.027184 0.196555
vt 0.175041 0.333343
vt 0.175649 0.331064
vt 0.181874 0.329392
vt 0.183545 0.331063
vt 0.177317 0.329394
vt 0.179595 0.328782
vt 0.125992 0.475322
vt 0.118514 0.475322
vt 0.118514 0.472958
vt 0.125992 0.472959
vt 0.118514 0.470590
vt 0.125992 0.470597
vt 0.118514 0.477683
vt 0.125992 0.477684
vt 0.175652 0.335622
vt 0.184156 0.333343
vt 0.118514 0.494212
vt 0.118514 0.491852
vt 0.125991 0.491852
vt 0.125992 0.494212
vt 0.118514 0.489492
vt 0.125992 0.489492
vt 0.118518 0.468225
vt 0.118522 0.465866
vt 0.126000 0.465877
vt 0.125996 0.468236
vt 0.118514 0.487133
vt 0.125992 0.487131
vt 0.183547 0.335623
vt 0.177322 0.337292
vt 0.118514 0.484770
vt 0.125992 0.484768
vt 0.181879 0.337293
vt 0.179601 0.337902
vt 0.118514 0.482409
vt 0.118514 0.480047
vt 0.125992 0.480047
vt 0.125992 0.482408
vt 0.485796 0.050960
vt 0.481775 0.054099
vt 0.477907 0.044980
vt 0.481468 0.042209
vt 0.820696 0.355587
vt 0.783179 0.355589
vt 0.783180 0.351087
vt 0.820696 0.351086
vt 0.477088 0.056106
vt 0.473751 0.046755
vt 0.820696 0.360092
vt 0.783180 0.360092
vt 0.764133 0.154235
vt 0.771781 0.164077
vt 0.658212 0.149125
vt 0.659707 0.143210
vt 0.738122 0.188882
vt 0.655112 0.153196
vt 0.489419 0.046058
vt 0.484670 0.037886
vt 0.758627 0.143483
vt 0.661483 0.120407
vt 0.491649 0.025943
vt 0.501081 0.026385
vt 0.807968 0.345713
vt 0.820696 0.345713
vt 0.589476 0.557081
vt 0.589463 0.576881
vt 0.576734 0.576870
vt 0.576747 0.557073
vt 0.473086 0.654766
vt 0.474021 0.668567
vt 0.456096 0.676971
vt 0.461462 0.646660
vt 0.923059 0.358726
vt 0.929797 0.358751
vt 0.930107 0.365982
vt 0.923659 0.372881
vt 0.929721 0.345986
vt 0.922993 0.346021
vt 0.456600 0.634501
vt 0.459677 0.634080
vt 0.451120 0.640247
vt 0.633339 0.418522
vt 0.633305 0.426463
vt 0.629391 0.426399
vt 0.628386 0.418446
vt 0.629410 0.432275
vt 0.633434 0.463521
vt 0.629547 0.472726
vt 0.621518 0.426761
vt 0.591699 0.919186
vt 0.598910 0.925809
vt 0.530403 0.925695
vt 0.598910 0.966456
vt 0.530683 0.966456
vt 0.674885 0.472628
vt 0.658227 0.463469
vt 0.670967 0.463435
vt 0.646165 0.463496
vt 0.957716 0.654670
vt 0.945658 0.654670
vt 0.945658 0.617608
vt 0.957716 0.617611
vt 0.606752 0.604446
vt 0.601841 0.641178
vt 0.596423 0.610867
vt 0.597759 0.601319
vt 0.590067 0.614954
vt 0.583904 0.632797
vt 0.573691 0.610929
vt 0.945658 0.598444
vt 0.945658 0.590889
vt 0.957716 0.590890
vt 0.957716 0.598445
vt 0.945658 0.553796
vt 0.957716 0.553797
vt 0.585839 0.578099
vt 0.567023 0.598345
vt 0.806550 0.587930
vt 0.806550 0.610467
vt 0.794598 0.610475
vt 0.794598 0.587930
vt 0.563297 0.578141
vt 0.560011 0.591391
vt 0.617191 0.863687
vt 0.605237 0.863693
vt 0.605237 0.849443
vt 0.617191 0.849446
vt 0.617191 0.839564
vt 0.605237 0.839572
vt 0.605237 0.833418
vt 0.617191 0.833395
vt 0.554902 0.579424
vt 0.554342 0.588976
vt 0.806550 0.618951
vt 0.794598 0.618975
vt 0.812091 0.634168
vt 0.789187 0.634195
vt 0.452485 0.129452
vt 0.468675 0.129437
vt 0.467218 0.138895
vt 0.812091 0.677729
vt 0.789187 0.677733
vt 0.683785 0.311305
vt 0.684841 0.320227
vt 0.643361 0.325770
vt 0.640641 0.317204
vt 0.452582 0.138435
vt 0.599672 0.819894
vt 0.622595 0.819848
vt 0.599672 0.778016
vt 0.622595 0.778007
vt 0.338764 0.812785
vt 0.328766 0.823248
vt 0.305544 0.805014
vt 0.308264 0.796447
vt 0.264063 0.799473
vt 0.265119 0.790552
vt 0.599672 0.748498
vt 0.622595 0.748498
vt 0.294102 0.010650
vt 0.316943 0.010652
vt 0.316940 0.015586
vt 0.294105 0.015584
vt 0.328911 0.828190
vt 0.411524 0.458973
vt 0.411525 0.428181
vt 0.434360 0.428182
vt 0.434359 0.458974
vt 0.341315 0.854582
vt 0.313097 0.854610
vt 0.366165 0.813083
vt 0.610141 0.333541
vt 0.620139 0.344004
vt 0.619994 0.348946
vt 0.582742 0.333834
vt 0.607586 0.375337
vt 0.635804 0.375370
vt 0.820696 0.472579
vt 0.813354 0.472579
vt 0.813354 0.444358
vt 0.820696 0.423243
vt 0.361278 0.048036
vt 0.395848 0.057197
vt 0.361347 0.057452
vt 0.410618 0.047665
vt 0.410676 0.057091
vt 0.469372 0.047367
vt 0.472154 0.056785
vt 0.808962 0.436721
vt 0.808963 0.410095
vt 0.820696 0.364498
vt 0.783180 0.364495
vt 0.794915 0.410095
vt 0.783180 0.423240
vt 0.496742 0.909352
vt 0.435264 0.909050
vt 0.438045 0.899632
vt 0.496797 0.899926
vt 0.433666 0.899022
vt 0.430330 0.908371
vt 0.181556 0.713198
vt 0.214413 0.680278
vt 0.219332 0.681260
vt 0.280835 0.681451
vt 0.204592 0.713262
vt 0.210070 0.677536
vt 0.425642 0.906365
vt 0.429511 0.897248
vt 0.206961 0.673450
vt 0.093383 0.688335
vt 0.421622 0.903228
vt 0.425949 0.894476
vt 0.101040 0.678513
vt 0.205471 0.667528
vt 0.417999 0.898324
vt 0.422748 0.890152
vt 0.106553 0.667769
vt 0.203703 0.644719
vt 0.406335 0.878651
vt 0.415768 0.878209
vt 0.668722 0.360754
vt 0.665493 0.374846
vt 0.653260 0.367645
vt 0.655364 0.356942
vt 0.660358 0.385761
vt 0.648767 0.378231
vt 0.197729 0.640634
vt 0.109385 0.653582
vt 0.656108 0.347725
vt 0.682619 0.345713
vt 0.681825 0.350054
vt 0.038230 0.466039
vt 0.116399 0.454225
vt 0.127506 0.464647
vt 0.050243 0.454124
vt 0.626199 0.084179
vt 0.560622 0.084179
vt 0.560622 0.080011
vt 0.626199 0.080011
vt 0.549257 0.279482
vt 0.549257 0.216229
vt 0.552376 0.215390
vt 0.552347 0.280506
vt 0.535511 0.299224
vt 0.537167 0.302338
vt 0.742692 0.944021
vt 0.739984 0.950418
vt 0.684799 0.949708
vt 0.680236 0.944021
vt 0.764974 0.944021
vt 0.762314 0.950749
vt 0.487609 0.920716
vt 0.474523 0.925656
vt 0.467482 0.919170
vt 0.413233 0.919170
vt 0.487188 0.926499
vt 0.474323 0.966456
vt 0.406063 0.925828
vt 0.406063 0.966456
vt 0.671024 0.426372
vt 0.674938 0.426305
vt 0.674923 0.432180
vt 0.671010 0.432251
vt 0.682811 0.426660
vt 0.261887 0.315692
vt 0.272235 0.309288
vt 0.271440 0.315109
vt 0.267240 0.346006
vt 0.669762 0.441972
vt 0.657033 0.441983
vt 0.657018 0.422183
vt 0.669747 0.422174
vt 0.250260 0.323792
vt 0.249317 0.337594
vt 0.413208 0.894658
vt 0.412415 0.908805
vt 0.406063 0.901819
vt 0.406471 0.894593
vt 0.939836 0.358718
vt 0.933097 0.358749
vt 0.933158 0.345986
vt 0.263681 0.303113
vt 0.266759 0.303537
vt 0.939885 0.346012
vt 0.544429 0.207942
vt 0.546219 0.204841
vt 0.714698 0.862917
vt 0.716568 0.875543
vt 0.702978 0.868662
vt 0.702622 0.864769
vt 0.539476 0.207913
vt 0.539493 0.204806
vt 0.676558 0.950424
vt 0.670945 0.944021
vt 0.670986 0.418431
vt 0.675939 0.418351
vt 0.795908 0.345713
vt 0.783180 0.345713
vt 0.605237 0.887831
vt 0.617191 0.887831
vt 0.253073 0.499538
vt 0.246899 0.481696
vt 0.263277 0.477672
vt 0.235147 0.507932
vt 0.240538 0.477617
vt 0.251144 0.444839
vt 0.269950 0.465094
vt 0.485797 0.966456
vt 0.519275 0.966456
vt 0.517664 0.926577
vt 0.517340 0.920790
vt 0.794139 0.951045
vt 0.791178 0.944021
vt 0.816265 0.950392
vt 0.537445 0.919186
vt 0.813531 0.944021
vt 0.871432 0.949704
vt 0.875993 0.944020
vt 0.506464 0.299224
vt 0.489650 0.280489
vt 0.492740 0.279468
vt 0.489624 0.215373
vt 0.492740 0.216218
vt 0.495818 0.204845
vt 0.497598 0.207952
vt 0.434396 0.368378
vt 0.446611 0.368639
vt 0.446766 0.372546
vt 0.434189 0.381141
vt 0.605953 0.950371
vt 0.605953 0.946205
vt 0.671531 0.946205
vt 0.671531 0.950371
vt 0.561717 0.068161
vt 0.640080 0.078608
vt 0.550792 0.078775
vt 0.627859 0.066903
vt 0.253663 0.552129
vt 0.252868 0.547788
vt 0.279380 0.549792
vt 0.266771 0.562825
vt 0.280128 0.559009
vt 0.484477 0.809940
vt 0.516841 0.809982
vt 0.516830 0.819223
vt 0.484466 0.819184
vt 0.504803 0.302338
vt 0.484453 0.830088
vt 0.516817 0.830121
vt 0.282235 0.569712
vt 0.270002 0.576915
vt 0.484442 0.841579
vt 0.516806 0.841602
vt 0.286727 0.580298
vt 0.275138 0.587830
vt 0.484436 0.853281
vt 0.516800 0.853292
vt 0.293273 0.590008
vt 0.281992 0.598216
vt 0.484435 0.864759
vt 0.516799 0.864758
vt 0.290005 0.607182
vt 0.301406 0.598115
vt 0.484438 0.876430
vt 0.516802 0.876417
vt 0.298542 0.613972
vt 0.311283 0.604332
vt 0.307301 0.619582
vt 0.327238 0.624793
vt 0.332557 0.609895
vt 0.516814 0.898400
vt 0.484451 0.898419
vt 0.819495 0.189007
vt 0.757311 0.188936
vt 0.800029 0.181232
vt 0.820639 0.181275
vt 0.790362 0.177366
vt 0.780818 0.172050
vt 0.411881 0.482569
vt 0.411880 0.502261
vt 0.392681 0.502214
vt 0.392682 0.482524
vt 0.303138 0.819662
vt 0.309753 0.813217
vt 0.309790 0.832907
vt 0.303148 0.832851
vt 0.831702 0.472501
vt 0.825944 0.472500
vt 0.825946 0.459312
vt 0.831704 0.459313
vt 0.822229 0.472440
vt 0.822233 0.459358
vt 0.025100 0.425157
vt 0.165031 0.425192
vt 0.165028 0.438278
vt 0.005463 0.438237
vt 0.296286 0.819705
vt 0.472261 0.030328
vt 0.332332 0.030322
vt 0.343425 0.020754
vt 0.483747 0.020759
vt 0.009831 0.848172
vt 0.015589 0.848171
vt 0.015590 0.851885
vt 0.597802 0.188922
vt 0.584380 0.156891
vt 0.645873 0.156875
vt 0.767663 0.627906
vt 0.754587 0.634512
vt 0.742764 0.602264
vt 0.755708 0.595303
vt 0.399802 0.066977
vt 0.397501 0.066993
vt 0.010252 0.410990
vt 0.009463 0.393507
vt 0.011766 0.393501
vt 0.009734 0.418693
vt 0.098853 0.333322
vt 0.098853 0.309394
vt 0.106016 0.316233
vt 0.106016 0.333681
vt 0.098853 0.341574
vt 0.542695 0.414103
vt 0.541900 0.417167
vt 0.508193 0.414060
vt 0.542704 0.405981
vt 0.508224 0.382032
vt 0.542726 0.382064
vt 0.128668 0.509304
vt 0.127157 0.496723
vt 0.134010 0.504732
vt 0.121791 0.504646
vt 0.540200 0.420596
vt 0.516489 0.420556
vt 0.540176 0.433680
vt 0.516465 0.433636
vt 0.562962 0.497123
vt 0.562854 0.510204
vt 0.555822 0.510146
vt 0.555930 0.497065
vt 0.547516 0.510077
vt 0.547624 0.496996
vt 0.098853 0.348821
vt 0.106016 0.348844
vt 0.106016 0.361907
vt 0.098853 0.361907
vt 0.098853 0.344921
vt 0.005461 0.425166
vt 0.008509 0.421746
vt 0.106016 0.344373
vt 0.106016 0.341250
vt 0.384055 0.630670
vt 0.433709 0.630675
vt 0.434366 0.638466
vt 0.383397 0.638460
vt 0.045640 0.713155
vt 0.044512 0.705419
vt 0.065121 0.705420
vt 0.107824 0.713159
vt 0.762013 0.121088
vt 0.746878 0.121149
vt 0.746860 0.116636
vt 0.820601 0.116330
vt 0.084341 0.696285
vt 0.074793 0.701579
vt 0.642223 0.387944
vt 0.653508 0.396148
vt 0.645500 0.405118
vt 0.634093 0.396056
vt 0.636968 0.411912
vt 0.628211 0.417528
vt 0.624220 0.402280
vt 0.820641 0.125895
vt 0.762035 0.126145
vt 0.759006 0.349324
vt 0.758880 0.362404
vt 0.755168 0.362142
vt 0.755325 0.345860
vt 0.740033 0.361995
vt 0.740192 0.345713
vt 0.305296 0.775784
vt 0.379137 0.775784
vt 0.398771 0.788868
vt 0.223648 0.788868
vt 0.282255 0.775784
vt 0.223648 0.775784
vt 0.395729 0.772376
vt 0.398771 0.775796
vt 0.113669 0.604471
vt 0.113669 0.617557
vt 0.106500 0.617557
vt 0.106500 0.604495
vt 0.537707 0.749887
vt 0.537725 0.762968
vt 0.514014 0.763001
vt 0.513996 0.749919
vt 0.839159 0.155926
vt 0.846191 0.155926
vt 0.846191 0.169008
vt 0.839159 0.169008
vt 0.008580 0.403059
vt 0.008579 0.416140
vt 0.000273 0.416140
vt 0.000274 0.403059
vt 0.381213 0.830358
vt 0.384934 0.843438
vt 0.381220 0.843440
vt 0.388109 0.823867
vt 0.388119 0.843437
vt 0.511503 0.743430
vt 0.511494 0.735720
vt 0.546005 0.743389
vt 0.512298 0.746492
vt 0.511469 0.711394
vt 0.545971 0.711360
vt 0.259553 0.558438
vt 0.257933 0.570932
vt 0.252594 0.566357
vt 0.264831 0.566303
vt 0.113669 0.600567
vt 0.113669 0.597211
vt 0.106500 0.600030
vt 0.394504 0.769321
vt 0.106500 0.596919
vt 0.113669 0.589329
vt 0.106500 0.589283
vt 0.393985 0.761618
vt 0.392471 0.744129
vt 0.394773 0.744135
vt 0.106500 0.571832
vt 0.673156 0.613704
vt 0.669307 0.579191
vt 0.683998 0.579645
vt 0.687805 0.613781
vt 0.507621 0.919233
vt 0.511572 0.909450
vt 0.509922 0.919248
vt 0.113669 0.564992
vt 0.546137 0.900269
vt 0.546074 0.909685
vt 0.783180 0.472578
vt 0.790520 0.444358
vt 0.790520 0.472578
vt 0.225560 0.056815
vt 0.225559 0.047246
vt 0.288299 0.047242
vt 0.299393 0.056808
vt 0.267330 0.713445
vt 0.204573 0.719750
vt 0.181535 0.719684
vt 0.311043 0.821071
vt 0.311032 0.814583
vt 0.318075 0.821059
vt 0.311083 0.844109
vt 0.318115 0.844097
vt 0.311095 0.850597
vt 0.608275 0.422749
vt 0.602949 0.407853
vt 0.425066 0.617423
vt 0.392701 0.617422
vt 0.667457 0.116330
vt 0.755799 0.129294
vt 0.502544 0.204833
vt 0.502551 0.207940
vt 0.879673 0.950423
vt 0.885285 0.944021
vt 0.794914 0.436721
vt 0.640772 0.710814
vt 0.640772 0.720554
vt 0.614147 0.720554
vt 0.614146 0.710814
vt 0.681444 0.710814
vt 0.695492 0.710814
vt 0.695492 0.720554
vt 0.681444 0.720554
vt 0.654818 0.710814
vt 0.654819 0.720554
vt 0.650779 0.155918
vt 0.789187 0.739745
vt 0.789187 0.712335
vt 0.812091 0.712339
vt 0.812091 0.739745
vt 0.159479 0.341543
vt 0.158523 0.350476
vt 0.143910 0.349532
vt 0.143364 0.339978
vt 0.282083 0.446180
vt 0.282637 0.455734
vt 0.276966 0.458145
vt 0.273687 0.444892
vt 0.945658 0.608086
vt 0.957716 0.608089
vt 0.230202 0.471206
vt 0.239192 0.468070
vt 0.845431 0.426693
vt 0.852261 0.426283
vt 0.853628 0.549206
vt 0.136077 0.504868
vt 0.147484 0.492053
vt 0.152647 0.499390
vt 0.139679 0.510729
vt 0.846740 0.551201
vt 0.832605 0.427169
vt 0.127526 0.495272
vt 0.853646 0.561833
vt 0.862138 0.425393
vt 0.863592 0.544898
vt 0.863607 0.557173
vt 0.863617 0.572514
vt 0.853681 0.577180
vt 0.873876 0.551528
vt 0.874049 0.566758
vt 0.874009 0.539662
vt 0.897469 0.553660
vt 0.899761 0.536944
vt 0.900351 0.526626
vt 0.874237 0.424085
vt 0.906371 0.427089
vt 0.143099 0.520113
vt 0.158296 0.511155
vt 0.163096 0.526545
vt 0.145300 0.532191
vt 0.165608 0.569561
vt 0.143127 0.564551
vt 0.165711 0.582579
vt 0.141984 0.574200
vt 0.779018 0.644615
vt 0.782901 0.688897
vt 0.778738 0.688055
vt 0.774959 0.645105
vt 0.783753 0.702180
vt 0.779579 0.701086
vt 0.777965 0.628568
vt 0.783203 0.644761
vt 0.773868 0.628722
vt 0.787133 0.689611
vt 0.769984 0.629687
vt 0.773356 0.615426
vt 0.769365 0.615974
vt 0.765648 0.617261
vt 0.770123 0.606334
vt 0.766220 0.607230
vt 0.762564 0.608720
vt 0.765205 0.592573
vt 0.761373 0.593637
vt 0.757783 0.595289
vt 0.114848 0.470593
vt 0.115698 0.485120
vt 0.098048 0.482865
vt 0.097488 0.468323
vt 0.374406 0.154566
vt 0.362366 0.158748
vt 0.360723 0.152539
vt 0.374406 0.147734
vt 0.117323 0.494531
vt 0.099365 0.492328
vt 0.355239 0.163103
vt 0.352597 0.157525
vt 0.347949 0.172732
vt 0.344238 0.168585
vt 0.121759 0.507663
vt 0.103100 0.505672
vt 0.128631 0.523252
vt 0.108910 0.521659
vt 0.344491 0.187146
vt 0.340252 0.185167
vt 0.130397 0.566989
vt 0.115476 0.566209
vt 0.345155 0.225219
vt 0.341019 0.228956
vt 0.419443 0.813341
vt 0.435413 0.814099
vt 0.435413 0.849073
vt 0.419443 0.851445
vt 0.425161 0.799672
vt 0.440657 0.801522
vt 0.835550 0.344232
vt 0.834516 0.309383
vt 0.861369 0.308635
vt 0.837583 0.296247
vt 0.429941 0.788610
vt 0.445050 0.791343
vt 0.861369 0.294935
vt 0.844032 0.287338
vt 0.432999 0.780892
vt 0.447858 0.784242
vt 0.861369 0.285969
vt 0.850439 0.283256
vt 0.861369 0.282531
vt 0.861369 0.279356
vt 0.437281 0.768979
vt 0.451792 0.773301
vt 0.861369 0.344310
vt 0.837883 0.354405
vt 0.861369 0.355095
vt 0.844110 0.363021
vt 0.861369 0.363650
vt 0.853326 0.368777
vt 0.861369 0.369520
vt 0.861369 0.370796
vt 0.424797 0.885867
vt 0.440303 0.880604
vt 0.442840 0.888502
vt 0.427561 0.894473
vt 0.363639 0.259516
vt 0.364857 0.251796
vt 0.373691 0.253950
vt 0.373691 0.261998
vt 0.130165 0.607049
vt 0.129936 0.617435
vt 0.119999 0.617145
vt 0.119848 0.606740
vt 0.785857 0.730300
vt 0.783397 0.740417
vt 0.779292 0.739079
vt 0.781747 0.729003
vt 0.775131 0.737548
vt 0.777603 0.727461
vt 0.160201 0.608291
vt 0.155712 0.617624
vt 0.131462 0.601659
vt 0.136259 0.592957
vt 0.940183 0.513728
vt 0.930202 0.514322
vt 0.935358 0.429221
vt 0.945268 0.429849
vt 0.164039 0.595601
vt 0.139743 0.583720
vt 0.920219 0.517117
vt 0.925549 0.428570
vt 0.939731 0.522218
vt 0.929743 0.523014
vt 0.919828 0.526309
vt 0.909864 0.531231
vt 0.910304 0.521496
vt 0.915898 0.427879
vt 0.918317 0.543351
vt 0.907868 0.548086
vt 0.920036 0.555724
vt 0.909877 0.560321
vt 0.899750 0.565765
vt 0.923985 0.565620
vt 0.914574 0.569726
vt 0.904985 0.574888
vt 0.874316 0.592181
vt 0.874133 0.580105
vt 0.760418 0.748826
vt 0.763221 0.756174
vt 0.751568 0.756311
vt 0.749298 0.748818
vt 0.713838 0.755150
vt 0.714036 0.747610
vt 0.863627 0.585941
vt 0.863690 0.598083
vt 0.701705 0.754817
vt 0.701870 0.747269
vt 0.853720 0.590597
vt 0.853783 0.602735
vt 0.690767 0.754550
vt 0.690936 0.747003
vt 0.713736 0.762662
vt 0.701563 0.762359
vt 0.690607 0.762101
vt 0.683596 0.754383
vt 0.683763 0.746834
vt 0.846875 0.592752
vt 0.846932 0.604889
vt 0.834039 0.594687
vt 0.833988 0.581273
vt 0.834096 0.606827
vt 0.670621 0.753959
vt 0.670788 0.746410
vt 0.683432 0.761931
vt 0.670456 0.761509
vt 0.683313 0.767491
vt 0.670338 0.767068
vt 0.690496 0.767654
vt 0.690293 0.777188
vt 0.683102 0.777025
vt 0.701459 0.767899
vt 0.701264 0.777417
vt 0.040364 0.392153
vt 0.029433 0.392152
vt 0.029419 0.386129
vt 0.040353 0.386129
vt 0.022284 0.392153
vt 0.022248 0.386129
vt 0.009285 0.392153
vt 0.009285 0.386128
vt 0.670126 0.776603
vt 0.052536 0.392153
vt 0.052537 0.386129
vt 0.713694 0.768159
vt 0.713450 0.777617
vt 0.756813 0.763762
vt 0.766455 0.770029
vt 0.794352 0.781057
vt 0.769068 0.763454
vt 0.779348 0.769993
vt 0.805799 0.782674
vt 0.133707 0.386129
vt 0.135087 0.392153
vt 0.145589 0.386129
vt 0.146813 0.392153
vt 0.157049 0.386129
vt 0.157996 0.392153
vt 0.167852 0.386129
vt 0.168401 0.392153
vt 0.178228 0.386129
vt 0.178228 0.392153
vt 0.808712 0.756974
vt 0.833221 0.770517
vt 0.826495 0.777924
vt 0.801663 0.764252
vt 0.798201 0.750277
vt 0.790807 0.757166
vt 0.791836 0.744461
vt 0.784081 0.750604
vt 0.787294 0.738668
vt 0.779679 0.744239
vt 0.939981 0.550318
vt 0.942917 0.560395
vt 0.933326 0.562814
vt 0.930130 0.552420
vt 0.928600 0.540055
vt 0.938685 0.538829
vt 0.774320 0.754542
vt 0.770710 0.747596
vt 0.780738 0.761468
vt 0.791431 0.768452
vt 0.816861 0.782012
vt 0.846828 0.579342
vt 0.833938 0.565935
vt 0.846783 0.563999
vt 0.833894 0.553167
vt 0.783511 0.715578
vt 0.779337 0.714265
vt 0.787961 0.703072
vt 0.787680 0.716675
vt 0.130414 0.580105
vt 0.117398 0.579554
vt 0.130352 0.593438
vt 0.118954 0.593048
vt 0.344074 0.241731
vt 0.347794 0.236316
vt 0.354714 0.245635
vt 0.352023 0.252442
vt 0.420295 0.862852
vt 0.436178 0.859509
vt 0.437767 0.870033
vt 0.422032 0.874340
vt 0.138074 0.481431
vt 1.845431 0.426693
vt 1.853628 0.549206
vt 1.852261 0.426283
vt 1.136077 0.504868
vt 1.139679 0.510729
vt 1.152647 0.499390
vt 1.147484 0.492053
vt 1.846740 0.551201
vt 1.832605 0.427169
vt 1.127526 0.495272
vt 1.853646 0.561833
vt 1.863592 0.544898
vt 1.862138 0.425393
vt 1.863607 0.557173
vt 1.853681 0.577180
vt 1.863617 0.572514
vt 1.874049 0.566758
vt 1.873876 0.551528
vt 1.874009 0.539662
vt 1.897469 0.553660
vt 1.899761 0.536944
vt 1.900351 0.526626
vt 1.874237 0.424085
vt 1.906371 0.427089
vt 1.143099 0.520113
vt 1.145300 0.532191
vt 1.163096 0.526545
vt 1.158296 0.511155
vt 1.165608 0.569561
vt 1.143127 0.564551
vt 1.141984 0.574200
vt 1.165711 0.582579
vt 1.779018 0.644615
vt 1.774959 0.645105
vt 1.778738 0.688055
vt 1.782901 0.688897
vt 1.779579 0.701086
vt 1.783753 0.702180
vt 1.777965 0.628568
vt 1.773868 0.628722
vt 1.783203 0.644761
vt 1.787133 0.689611
vt 1.769984 0.629687
vt 1.773356 0.615426
vt 1.769365 0.615974
vt 1.765648 0.617261
vt 1.770123 0.606334
vt 1.766220 0.607230
vt 1.762564 0.608720
vt 1.765205 0.592573
vt 1.761373 0.593637
vt 1.757783 0.595289
vt 1.114848 0.470593
vt 1.097488 0.468323
vt 1.098048 0.482865
vt 1.115698 0.485120
vt 1.374406 0.154566
vt 1.374406 0.147734
vt 1.360723 0.152539
vt 1.362366 0.158748
vt 1.099365 0.492328
vt 1.117323 0.494531
vt 1.352597 0.157525
vt 1.355239 0.163103
vt 1.344238 0.168585
vt 1.347949 0.172732
vt 1.103100 0.505672
vt 1.121759 0.507663
vt 1.108910 0.521659
vt 1.128631 0.523252
vt 1.340252 0.185167
vt 1.344491 0.187146
vt 1.115476 0.566209
vt 1.130397 0.566989
vt 1.341019 0.228956
vt 1.345155 0.225219
vt 1.419443 0.813341
vt 1.419443 0.851445
vt 1.435413 0.849073
vt 1.435413 0.814099
vt 1.425161 0.799672
vt 1.440657 0.801522
vt 1.835550 0.344232
vt 1.861369 0.308635
vt 1.834516 0.309383
vt 1.837583 0.296247
vt 1.429941 0.788610
vt 1.445050 0.791343
vt 1.861369 0.294935
vt 1.844032 0.287338
vt 1.432999 0.780892
vt 1.447858 0.784242
vt 1.861369 0.285969
vt 1.850439 0.283256
vt 1.861369 0.282531
vt 1.861369 0.279356
vt 1.437281 0.768979
vt 1.451792 0.773301
vt 1.861369 0.344310
vt 1.837883 0.354405
vt 1.861369 0.355095
vt 1.844110 0.363021
vt 1.861369 0.363650
vt 1.853326 0.368777
vt 1.861369 0.369520
vt 1.861369 0.370796
vt 1.424797 0.885867
vt 1.427561 0.894473
vt 1.442840 0.888502
vt 1.440303 0.880604
vt 1.363639 0.259516
vt 1.373691 0.261998
vt 1.373691 0.253950
vt 1.364857 0.251796
vt 1.130165 0.607049
vt 1.119848 0.606740
vt 1.119999 0.617145
vt 1.129936 0.617435
vt 1.785857 0.730300
vt 1.781747 0.729003
vt 1.779292 0.739079
vt 1.783397 0.740417
vt 1.777603 0.727461
vt 1.775131 0.737548
vt 1.160201 0.608291
vt 1.136259 0.592957
vt 1.131462 0.601659
vt 1.155712 0.617624
vt 1.940183 0.513728
vt 1.945268 0.429849
vt 1.935358 0.429221
vt 1.930202 0.514322
vt 1.164039 0.595601
vt 1.139743 0.583720
vt 1.925549 0.428570
vt 1.920219 0.517117
vt 1.939731 0.522218
vt 1.929743 0.523014
vt 1.919828 0.526309
vt 1.910304 0.521496
vt 1.909864 0.531231
vt 1.915898 0.427879
vt 1.918317 0.543351
vt 1.907868 0.548086
vt 1.920036 0.555724
vt 1.909877 0.560321
vt 1.899750 0.565765
vt 1.914574 0.569726
vt 1.923985 0.565620
vt 1.904985 0.574888
vt 1.874133 0.580105
vt 1.874316 0.592181
vt 1.760418 0.748826
vt 1.749298 0.748818
vt 1.751568 0.756311
vt 1.763221 0.756174
vt 1.713838 0.755150
vt 1.714036 0.747610
vt 1.863627 0.585941
vt 1.863690 0.598083
vt 1.701870 0.747269
vt 1.701705 0.754817
vt 1.853720 0.590597
vt 1.853783 0.602735
vt 1.690936 0.747003
vt 1.690767 0.754550
vt 1.713736 0.762662
vt 1.701563 0.762359
vt 1.690607 0.762101
vt 1.683596 0.754383
vt 1.683763 0.746834
vt 1.846875 0.592752
vt 1.833988 0.581273
vt 1.834039 0.594687
vt 1.846932 0.604889
vt 1.834096 0.606827
vt 1.670788 0.746410
vt 1.670621 0.753959
vt 1.670456 0.761509
vt 1.683432 0.761931
vt 1.683313 0.767491
vt 1.670338 0.767068
vt 1.690496 0.767654
vt 1.683102 0.777025
vt 1.690293 0.777188
vt 1.701459 0.767899
vt 1.701264 0.777417
vt 1.040364 0.392153
vt 1.040353 0.386129
vt 1.029419 0.386129
vt 1.029433 0.392152
vt 1.022248 0.386129
vt 1.022284 0.392153
vt 1.009285 0.386128
vt 1.009285 0.392153
vt 1.670126 0.776603
vt 1.052536 0.392153
vt 1.052537 0.386129
vt 1.713450 0.777617
vt 1.713694 0.768159
vt 1.756813 0.763762
vt 1.766455 0.770029
vt 1.794352 0.781057
vt 1.769068 0.763454
vt 1.779348 0.769993
vt 1.805799 0.782674
vt 1.133707 0.386129
vt 1.135087 0.392153
vt 1.145589 0.386129
vt 1.146813 0.392153
vt 1.157049 0.386129
vt 1.157996 0.392153
vt 1.167852 0.386129
vt 1.168401 0.392153
vt 1.178228 0.392153
vt 1.178228 0.386129
vt 1.808712 0.756974
vt 1.801663 0.764252
vt 1.826495 0.777924
vt 1.833221 0.770517
vt 1.798201 0.750277
vt 1.790807 0.757166
vt 1.791836 0.744461
vt 1.784081 0.750604
vt 1.787294 0.738668
vt 1.779679 0.744239
vt 1.939981 0.550318
vt 1.930130 0.552420
vt 1.933326 0.562814
vt 1.942917 0.560395
vt 1.938685 0.538829
vt 1.928600 0.540055
vt 1.770710 0.747596
vt 1.774320 0.754542
vt 1.780738 0.761468
vt 1.791431 0.768452
vt 1.816861 0.782012
vt 1.846828 0.579342
vt 1.833938 0.565935
vt 1.846783 0.563999
vt 1.833894 0.553167
vt 1.779337 0.714265
vt 1.783511 0.715578
vt 1.787961 0.703072
vt 1.787680 0.716675
vt 1.117398 0.579554
vt 1.130414 0.580105
vt 1.118954 0.593048
vt 1.130352 0.593438
vt 1.344074 0.241731
vt 1.352023 0.252442
vt 1.354714 0.245635
vt 1.347794 0.236316
vt 1.420295 0.862852
vt 1.422032 0.874340
vt 1.437767 0.870033
vt 1.436178 0.859509
vt 1.138074 0.481431
vt 0.793852 0.935869
vt 0.790607 0.935869
vt 0.790610 0.933370
vt 0.793856 0.933371
vt 0.787361 0.935869
vt 0.787364 0.933371
vt 0.797098 0.935869
vt 0.797100 0.933373
vt 0.800344 0.935869
vt 0.800346 0.933373
vt 0.803589 0.935869
vt 0.803591 0.933373
vt 0.806838 0.935869
vt 0.806838 0.933373
vt 0.771131 0.935869
vt 0.767886 0.935870
vt 0.767886 0.933371
vt 0.771134 0.933371
vt 0.774376 0.935869
vt 0.774380 0.933371
vt 0.777623 0.935869
vt 0.777626 0.933371
vt 0.780869 0.935869
vt 0.780873 0.933371
vt 0.784115 0.935869
vt 0.784118 0.933371
vt 0.864623 0.025846
vt 0.861643 0.025846
vt 0.861642 0.024577
vt 0.864624 0.024577
vt 0.867607 0.024577
vt 0.867608 0.025846
vt 0.331671 0.056526
vt 0.334343 0.057242
vt 0.336299 0.059200
vt 0.337014 0.061872
vt 0.858667 0.025846
vt 0.858664 0.024577
vt 0.855707 0.025846
vt 0.855689 0.024577
vt 0.336298 0.064544
vt 0.328998 0.057241
vt 0.852729 0.025846
vt 0.852742 0.024577
vt 0.334340 0.066501
vt 0.327040 0.059198
vt 0.873567 0.025846
vt 0.870593 0.025846
vt 0.870582 0.024577
vt 0.873568 0.024577
vt 0.876549 0.024577
vt 0.876531 0.025846
vt 0.331669 0.067215
vt 0.326325 0.061870
vt 0.849809 0.025846
vt 0.849809 0.024577
vt 0.885395 0.025846
vt 0.882472 0.025846
vt 0.882461 0.024578
vt 0.885395 0.024577
vt 0.327039 0.064543
vt 0.328996 0.066500
vt 0.879512 0.024578
vt 0.879493 0.025846
vt 0.349005 0.440583
vt 0.345233 0.440583
vt 0.345257 0.384765
vt 0.349025 0.384765
vt 0.341462 0.440583
vt 0.341489 0.384764
vt 0.394296 0.445944
vt 0.390600 0.446680
vt 0.381675 0.440721
vt 0.386905 0.445946
vt 0.383771 0.443853
vt 0.352779 0.440583
vt 0.352796 0.384765
vt 0.592400 0.361551
vt 0.583477 0.367515
vt 0.585571 0.364381
vt 0.588704 0.362287
vt 0.356550 0.440583
vt 0.356565 0.384765
vt 0.360320 0.440583
vt 0.360335 0.384765
vt 0.596096 0.362287
vt 0.582742 0.371209
vt 0.364102 0.384765
vt 0.364091 0.440583
vt 0.599231 0.364381
vt 0.583477 0.374904
vt 0.367871 0.384765
vt 0.367863 0.440583
vt 0.601323 0.367515
vt 0.585570 0.378037
vt 0.371637 0.384764
vt 0.371637 0.440583
vt 0.602058 0.371211
vt 0.588701 0.380130
vt 0.601322 0.374907
vt 0.592396 0.380866
vt 0.311305 0.440583
vt 0.311305 0.384762
vt 0.315074 0.384763
vt 0.315075 0.440583
vt 0.318844 0.384763
vt 0.318844 0.440583
vt 0.599227 0.378041
vt 0.596091 0.380133
vt 0.322621 0.384763
vt 0.322614 0.440583
vt 0.326397 0.384764
vt 0.326382 0.440583
vt 0.330171 0.384764
vt 0.330150 0.440583
vt 0.386903 0.428099
vt 0.399523 0.433324
vt 0.400259 0.437019
vt 0.399523 0.440716
vt 0.394295 0.428096
vt 0.397430 0.430189
vt 0.390599 0.427362
vt 0.333919 0.440583
vt 0.333944 0.384764
vt 0.337689 0.440583
vt 0.337715 0.384764
vt 0.381674 0.433328
vt 0.383769 0.430192
vt 0.397430 0.443849
vt 0.380939 0.437025
vt 0.995359 0.238982
vt 0.995359 0.234901
vt 0.998747 0.234901
vt 0.998747 0.238982
vt 0.995359 0.230819
vt 0.998747 0.230819
vt 0.377812 0.534216
vt 0.373781 0.534854
vt 0.369750 0.534214
vt 0.381450 0.532362
vt 0.995359 0.243065
vt 0.998747 0.243065
vt 0.366112 0.532360
vt 0.384336 0.529473
vt 0.995359 0.247146
vt 0.998747 0.247147
vt 0.363226 0.529472
vt 0.386190 0.525835
vt 0.995358 0.251229
vt 0.998747 0.251230
vt 0.361372 0.525831
vt 0.386828 0.521801
vt 0.995358 0.255312
vt 0.998747 0.255312
vt 0.360732 0.521795
vt 0.386188 0.517763
vt 0.995358 0.259396
vt 0.998747 0.259396
vt 0.361369 0.517758
vt 0.384332 0.514121
vt 0.995363 0.181853
vt 0.995367 0.177772
vt 0.998755 0.177775
vt 0.998752 0.181856
vt 0.363221 0.514120
vt 0.381445 0.511230
vt 0.995359 0.185935
vt 0.998747 0.185936
vt 0.366106 0.511233
vt 0.377805 0.509374
vt 0.369743 0.509377
vt 0.373774 0.508738
vt 0.995359 0.190017
vt 0.998747 0.190016
vt 0.995359 0.194096
vt 0.998747 0.194094
vt 0.995359 0.198175
vt 0.998747 0.198173
vt 0.995359 0.202255
vt 0.998747 0.202253
vt 0.995359 0.206335
vt 0.998747 0.206333
vt 0.995359 0.210413
vt 0.998747 0.210412
vt 0.995359 0.214495
vt 0.998747 0.214494
vt 0.995359 0.218575
vt 0.998747 0.218574
vt 0.995359 0.222656
vt 0.998747 0.222655
vt 0.995359 0.226737
vt 0.998747 0.226736
vt 0.068463 0.400535
vt 0.062513 0.400535
vt 0.062512 0.393501
vt 0.068460 0.393501
vt 0.056563 0.400535
vt 0.056562 0.393501
vt 0.638911 0.782822
vt 0.624879 0.761699
vt 0.628193 0.756763
vt 0.644759 0.781672
vt 0.633075 0.781646
vt 0.623703 0.767529
vt 0.074412 0.400535
vt 0.074410 0.393501
vt 0.628137 0.778325
vt 0.624847 0.773368
vt 0.080360 0.400535
vt 0.080359 0.393501
vt 0.086309 0.400535
vt 0.086307 0.393501
vt 0.517286 0.356726
vt 0.518463 0.362559
vt 0.517316 0.368398
vt 0.514023 0.373352
vt 0.509084 0.376667
vt 0.489137 0.368466
vt 0.509016 0.348495
vt 0.513969 0.351788
vt 0.098210 0.400535
vt 0.092260 0.400535
vt 0.092258 0.393501
vt 0.098208 0.393501
vt 0.104160 0.400535
vt 0.104160 0.393501
vt 0.110112 0.400535
vt 0.110113 0.393501
vt 0.649719 0.778371
vt 0.633141 0.753471
vt 0.638972 0.752321
vt 0.653041 0.773422
vt 0.117913 0.400536
vt 0.117912 0.393501
vt 0.646651 0.753645
vt 0.656769 0.767552
vt 0.127945 0.393501
vt 0.127948 0.402146
vt 0.656806 0.753551
vt 0.140151 0.393501
vt 0.140153 0.403942
vt 0.485401 0.362600
vt 0.478568 0.359095
vt 0.485483 0.348693
vt 0.495508 0.348684
vt 0.473284 0.348775
vt 0.473276 0.357816
vt 0.147288 0.393501
vt 0.147288 0.403942
vt 0.466138 0.357807
vt 0.466149 0.348766
vt 0.030052 0.402145
vt 0.024613 0.403942
vt 0.024612 0.393501
vt 0.030051 0.393501
vt 0.017477 0.403942
vt 0.017477 0.393501
vt 0.037723 0.400535
vt 0.037722 0.393501
vt 0.663733 0.763944
vt 0.669140 0.753531
vt 0.669296 0.762572
vt 0.813490 0.133534
vt 0.820625 0.133534
vt 0.820625 0.142577
vt 0.813490 0.142577
vt 0.645277 0.438316
vt 0.645276 0.429274
vt 0.655716 0.429274
vt 0.655717 0.438316
vt 0.044666 0.393501
vt 0.044667 0.400535
vt 0.503185 0.347351
vt 0.050614 0.400535
vt 0.050614 0.393501
vt 0.497412 0.376696
vt 0.492457 0.373404
vt 0.503252 0.377840
vt 1.068463 0.400535
vt 1.068460 0.393501
vt 1.062512 0.393501
vt 1.062513 0.400535
vt 1.056562 0.393501
vt 1.056563 0.400535
vt 1.638911 0.782822
vt 1.644759 0.781672
vt 1.628193 0.756763
vt 1.624879 0.761699
vt 1.623703 0.767529
vt 1.633075 0.781646
vt 1.074412 0.400535
vt 1.074410 0.393501
vt 1.628137 0.778325
vt 1.624847 0.773368
vt 1.080360 0.400535
vt 1.080359 0.393501
vt 1.086309 0.400535
vt 1.086307 0.393501
vt 1.517286 0.356726
vt 1.517316 0.368398
vt 1.518463 0.362559
vt 1.514023 0.373352
vt 1.489137 0.368466
vt 1.509084 0.376667
vt 1.509016 0.348495
vt 1.513969 0.351788
vt 1.098210 0.400535
vt 1.098208 0.393501
vt 1.092258 0.393501
vt 1.092260 0.400535
vt 1.104160 0.400535
vt 1.104160 0.393501
vt 1.110112 0.400535
vt 1.110113 0.393501
vt 1.649719 0.778371
vt 1.633141 0.753471
vt 1.653041 0.773422
vt 1.638972 0.752321
vt 1.117913 0.400536
vt 1.117912 0.393501
vt 1.656769 0.767552
vt 1.646651 0.753645
vt 1.127948 0.402146
vt 1.127945 0.393501
vt 1.656806 0.753551
vt 1.140153 0.403942
vt 1.140151 0.393501
vt 1.485401 0.362600
vt 1.485483 0.348693
vt 1.478568 0.359095
vt 1.495508 0.348684
vt 1.473284 0.348775
vt 1.473276 0.357816
vt 1.147288 0.403942
vt 1.147288 0.393501
vt 1.466149 0.348766
vt 1.466138 0.357807
vt 1.030052 0.402145
vt 1.030051 0.393501
vt 1.024612 0.393501
vt 1.024613 0.403942
vt 1.017477 0.393501
vt 1.017477 0.403942
vt 1.037723 0.400535
vt 1.037722 0.393501
vt 1.663733 0.763944
vt 1.669140 0.753531
vt 1.669296 0.762572
vt 1.813490 0.133534
vt 1.813490 0.142577
vt 1.820625 0.142577
vt 1.820625 0.133534
vt 1.645277 0.438316
vt 1.655717 0.438316
vt 1.655716 0.429274
vt 1.645276 0.429274
vt 1.044666 0.393501
vt 1.044667 0.400535
vt 1.503185 0.347351
vt 1.050614 0.400535
vt 1.050614 0.393501
vt 1.497412 0.376696
vt 1.492457 0.373404
vt 1.503252 0.377840
vt 0.253413 0.106287
vt 0.439807 0.106204
vt 0.439806 0.108833
vt 0.253413 0.108911
vt 0.439806 0.111460
vt 0.253413 0.111536
vt 0.439806 0.103575
vt 0.253413 0.103661
vt 0.253413 0.101035
vt 0.439806 0.100953
vt 0.253413 0.098406
vt 0.439807 0.098342
vt 0.439804 0.095729
vt 0.253413 0.095762
vt 0.476789 0.030206
vt 0.477470 0.027664
vt 0.484414 0.025803
vt 0.486275 0.027667
vt 0.486956 0.030209
vt 0.477470 0.032750
vt 0.439806 0.114092
vt 0.439806 0.116723
vt 0.253413 0.116778
vt 0.253413 0.114156
vt 0.439806 0.119363
vt 0.253413 0.119401
vt 0.439806 0.122002
vt 0.253413 0.122020
vt 0.479330 0.025802
vt 0.481872 0.025122
vt 0.439806 0.124644
vt 0.253413 0.124644
vt 0.439804 0.093118
vt 0.253413 0.093118
vt 0.486275 0.032752
vt 0.479330 0.034611
vt 0.481872 0.035293
vt 0.484414 0.034612
vt 0.119518 0.072638
vt 0.119518 0.078610
vt 0.086566 0.078612
vt 0.086565 0.072641
vt 0.034369 0.177121
vt 0.028401 0.176901
vt 0.028400 0.172256
vt 0.034368 0.172037
vt 0.131350 0.789972
vt 0.131349 0.784001
vt 0.164302 0.783998
vt 0.164302 0.789970
vt 0.948935 0.860081
vt 0.948935 0.854998
vt 0.954903 0.855216
vt 0.954903 0.859861
vt 0.166849 0.499454
vt 0.188631 0.499454
vt 0.188631 0.548832
vt 0.166849 0.548835
vt 0.754117 0.855544
vt 0.754156 0.861197
vt 0.704776 0.861548
vt 0.635719 0.856390
vt 0.702779 0.862100
vt 0.188631 0.550903
vt 0.166849 0.550908
vt 0.364765 0.911251
vt 0.364768 0.942325
vt 0.342985 0.911255
vt 0.635936 0.887463
vt 0.700849 0.872458
vt 0.701401 0.874457
vt 0.700800 0.865588
vt 0.760240 0.345715
vt 0.782021 0.345713
vt 0.782029 0.464114
vt 0.760248 0.464116
vt 0.701324 0.863580
vt 0.188631 0.552975
vt 0.166849 0.552984
vt 0.188631 0.555050
vt 0.166849 0.555061
vt 0.188631 0.561921
vt 0.166849 0.561933
vt 0.188631 0.563997
vt 0.166849 0.564008
vt 0.188631 0.566078
vt 0.166849 0.566085
vt 0.188631 0.568158
vt 0.166849 0.568159
vt 0.166849 0.578546
vt 0.173333 0.590355
vt 0.188631 0.617543
vt 0.173333 0.603540
vt 0.538231 0.452111
vt 0.538234 0.441562
vt 0.560014 0.441569
vt 0.544711 0.460509
vt 0.560011 0.465322
vt 0.544711 0.465321
vt 0.166851 0.617543
vt 0.166851 0.607538
vt 0.686412 0.439379
vt 0.686411 0.449927
vt 0.676406 0.449926
vt 0.676407 0.439378
vt 0.096669 0.659477
vt 0.104284 0.659476
vt 0.104285 0.670024
vt 0.096669 0.678419
vt 0.212901 0.485255
vt 0.222904 0.485254
vt 0.222905 0.495860
vt 0.208902 0.495861
vt 0.342795 0.730854
vt 0.356798 0.730854
vt 0.356798 0.735666
vt 0.336200 0.750648
vt 0.329610 0.730851
vt 0.329618 0.711906
vt 0.342803 0.711912
vt 0.079677 0.439378
vt 0.091486 0.449984
vt 0.000273 0.449989
vt 0.000273 0.439385
vt 0.238394 0.750648
vt 0.238394 0.730851
vt 0.334606 0.790278
vt 0.334608 0.809221
vt 0.321136 0.800827
vt 0.321136 0.790278
vt 0.715339 0.886917
vt 0.702877 0.875915
vt 0.704883 0.876440
vt 0.715269 0.876370
vt 0.358285 0.950721
vt 0.358281 0.970519
vt 0.342982 0.970516
vt 0.280047 0.190561
vt 0.295346 0.190567
vt 0.295201 0.288385
vt 0.279902 0.288366
vt 0.280018 0.147742
vt 0.295318 0.147734
vt 0.439652 0.530585
vt 0.454951 0.530586
vt 0.454950 0.545570
vt 0.439650 0.545568
vt 0.461505 0.584108
vt 0.461504 0.606336
vt 0.446205 0.606336
vt 0.446207 0.584107
vt 0.379025 0.735666
vt 0.379025 0.750648
vt 0.012289 0.795194
vt 0.034070 0.795196
vt 0.034069 0.800849
vt 0.012288 0.800847
vt 0.001613 0.908647
vt 0.000275 0.908246
vt 0.000273 0.894174
vt 0.001611 0.893774
vt 0.639924 0.998781
vt 0.612603 0.998809
vt 0.612585 0.984736
vt 0.639909 0.984708
vt 0.021573 0.169998
vt 0.022973 0.169437
vt 0.022973 0.196778
vt 0.021573 0.196778
vt 0.587172 0.984777
vt 0.587195 0.998850
vt 0.583288 0.988571
vt 0.021573 0.143775
vt 0.022973 0.144022
vt 0.021573 0.141872
vt 0.022973 0.141975
vt 0.585251 0.998346
vt 0.583824 0.996964
vt 0.583299 0.995069
vt 0.022973 0.139941
vt 0.021573 0.139971
vt 0.021573 0.138078
vt 0.022973 0.137951
vt 0.022973 0.131446
vt 0.021573 0.131366
vt 0.545284 0.840290
vt 0.526877 0.839990
vt 0.526996 0.833106
vt 0.545404 0.833445
vt 0.526845 0.842080
vt 0.545254 0.842342
vt 0.526819 0.844169
vt 0.545228 0.844398
vt 0.526795 0.846256
vt 0.545205 0.846455
vt 0.544942 0.872607
vt 0.526531 0.872423
vt 0.538355 0.898700
vt 0.522392 0.898545
vt 0.481829 0.555836
vt 0.465866 0.555834
vt 0.465867 0.540961
vt 0.481830 0.540962
vt 0.021573 0.099417
vt 0.021573 0.072638
vt 0.022973 0.072638
vt 0.022973 0.099979
vt 0.527773 0.800689
vt 0.524541 0.774441
vt 0.540499 0.774838
vt 0.546177 0.801144
vt 0.021573 0.125642
vt 0.022973 0.125394
vt 0.527131 0.826846
vt 0.545537 0.827283
vt 0.022973 0.127442
vt 0.021573 0.127547
vt 0.545489 0.829339
vt 0.527083 0.828930
vt 0.583807 0.986677
vt 0.585228 0.985287
vt 0.022973 0.129480
vt 0.021573 0.129455
vt 0.545444 0.831393
vt 0.527038 0.831018
vt 0.628076 0.495008
vt 0.611894 0.495008
vt 0.612731 0.481726
vt 0.628076 0.458514
vt 0.483069 0.101287
vt 0.483272 0.064992
vt 0.490280 0.080475
vt 0.490160 0.101328
vt 0.620864 0.451120
vt 0.611704 0.477893
vt 0.870016 0.595577
vt 0.883543 0.595577
vt 0.883543 0.605955
vt 0.870016 0.605955
vt 0.495488 0.068989
vt 0.496797 0.065057
vt 0.496783 0.068206
vt 0.492272 0.076434
vt 0.492253 0.079675
vt 0.493863 0.072967
vt 0.493849 0.075746
vt 0.495472 0.072177
vt 0.053549 0.808822
vt 0.000273 0.808822
vt 0.000273 0.805571
vt 0.053549 0.805571
vt 0.803842 0.954538
vt 0.750683 0.954538
vt 0.750683 0.953032
vt 0.803842 0.953032
vt 0.148805 0.644070
vt 0.096765 0.654816
vt 0.103812 0.644139
vt 0.148730 0.643364
vt 0.096669 0.651668
vt 0.497270 0.210542
vt 0.510796 0.210541
vt 0.510800 0.255465
vt 0.497273 0.255466
vt 0.632913 0.361663
vt 0.631622 0.360894
vt 0.631623 0.360185
vt 0.645150 0.360200
vt 0.636083 0.370536
vt 0.634510 0.369590
vt 0.634513 0.365815
vt 0.632909 0.364982
vt 0.575809 0.468763
vt 0.574549 0.467164
vt 0.575969 0.451120
vt 0.605473 0.473135
vt 0.645141 0.376311
vt 0.638049 0.376307
vt 0.638050 0.374577
vt 0.636083 0.373769
vt 0.609078 0.474794
vt 0.405235 0.752194
vt 0.398144 0.752190
vt 0.398144 0.748282
vt 0.405235 0.748285
vt 0.398144 0.718310
vt 0.405235 0.718310
vt 0.434878 0.639815
vt 0.433261 0.642919
vt 0.403286 0.642535
vt 0.380937 0.639815
vt 0.434758 0.641540
vt 0.398144 0.716276
vt 0.405235 0.716276
vt 0.399519 0.643583
vt 0.396515 0.646216
vt 0.405235 0.756190
vt 0.398144 0.756189
vt 0.405235 0.760100
vt 0.398144 0.760101
vt 0.394989 0.649814
vt 0.393760 0.663240
vt 0.377935 0.660454
vt 0.405235 0.773584
vt 0.398144 0.773584
vt 0.054151 0.820813
vt 0.000273 0.820791
vt 0.000742 0.817587
vt 0.054378 0.817587
vt 0.119697 0.896916
vt 0.066084 0.896916
vt 0.066084 0.895140
vt 0.119697 0.895140
vt 0.279972 0.064926
vt 0.226379 0.063907
vt 0.226847 0.061169
vt 0.280327 0.061169
vt 0.858929 0.954612
vt 0.805025 0.954612
vt 0.805025 0.952485
vt 0.858929 0.952485
vt 0.820785 0.156360
vt 0.767341 0.156360
vt 0.767341 0.154561
vt 0.820785 0.154561
vt 0.183271 0.439378
vt 0.183277 0.455548
vt 0.179505 0.455548
vt 0.179499 0.439378
vt 0.540751 0.593146
vt 0.537058 0.592396
vt 0.533934 0.590290
vt 0.531852 0.587147
vt 0.175732 0.455548
vt 0.175725 0.439378
vt 0.171960 0.455548
vt 0.171954 0.439378
vt 0.467951 0.366736
vt 0.476846 0.360732
vt 0.480548 0.361453
vt 0.467231 0.370433
vt 0.470031 0.363592
vt 0.473154 0.361485
vt 0.168189 0.455548
vt 0.168185 0.439378
vt 0.483694 0.363538
vt 0.467979 0.374121
vt 0.164419 0.455548
vt 0.164417 0.439378
vt 0.486551 0.370373
vt 0.470081 0.377243
vt 0.485801 0.366672
vt 0.202139 0.439381
vt 0.202133 0.455550
vt 0.198365 0.455548
vt 0.198369 0.439380
vt 0.194593 0.455548
vt 0.194595 0.439379
vt 0.550450 0.583507
vt 0.549701 0.587206
vt 0.531877 0.579763
vt 0.533978 0.576642
vt 0.547596 0.590339
vt 0.190821 0.455548
vt 0.190821 0.439378
vt 0.544451 0.592424
vt 0.531130 0.583452
vt 0.187049 0.455548
vt 0.187045 0.439378
vt 0.549725 0.579802
vt 0.537112 0.574557
vt 0.205909 0.439383
vt 0.205902 0.455552
vt 0.160651 0.455548
vt 0.160650 0.439378
vt 0.119334 0.455548
vt 0.119334 0.439378
vt 0.485827 0.374080
vt 0.473214 0.379325
vt 0.506992 0.381519
vt 0.507007 0.403089
vt 0.341344 0.556254
vt 0.363777 0.556255
vt 0.363776 0.572423
vt 0.341344 0.572422
vt 0.570905 0.550792
vt 0.570890 0.572363
vt 0.365447 0.713125
vt 0.368571 0.711018
vt 0.372264 0.710268
vt 0.363366 0.716268
vt 0.217336 0.432277
vt 0.217332 0.414528
vt 0.221105 0.414528
vt 0.221108 0.432277
vt 0.213563 0.432277
vt 0.213559 0.414528
vt 0.645886 0.428141
vt 0.642193 0.427391
vt 0.639069 0.425286
vt 0.636987 0.422143
vt 0.224879 0.414528
vt 0.224880 0.432277
vt 0.228655 0.414528
vt 0.228653 0.432277
vt 0.649586 0.427419
vt 0.636264 0.418449
vt 0.232430 0.414529
vt 0.232425 0.432277
vt 0.652732 0.425333
vt 0.637010 0.414760
vt 0.654837 0.422198
vt 0.655584 0.418496
vt 0.236205 0.414530
vt 0.236197 0.432277
vt 0.239977 0.414532
vt 0.239966 0.432281
vt 0.243746 0.414535
vt 0.243735 0.432283
vt 0.639109 0.411636
vt 0.654856 0.414792
vt 0.436101 0.432005
vt 0.451818 0.432004
vt 0.451818 0.449752
vt 0.436102 0.449753
vt 0.670587 0.394321
vt 0.670573 0.414734
vt 0.642242 0.409550
vt 0.198482 0.432277
vt 0.198482 0.414528
vt 0.202251 0.414528
vt 0.202251 0.432277
vt 0.166303 0.432277
vt 0.166303 0.414528
vt 0.365489 0.726777
vt 0.381236 0.723622
vt 0.368623 0.728864
vt 0.396953 0.723679
vt 0.396969 0.744092
vt 0.206019 0.414528
vt 0.206021 0.432277
vt 0.363390 0.723653
vt 0.381963 0.719917
vt 0.209787 0.414528
vt 0.209792 0.432277
vt 0.362644 0.719963
vt 0.375965 0.710992
vt 0.379111 0.713079
vt 0.381216 0.716215
vt 0.420150 0.421246
vt 0.420110 0.378484
vt 0.426379 0.381670
vt 0.426414 0.418045
vt 0.413203 0.422353
vt 0.413161 0.377390
vt 0.989855 0.926228
vt 0.989855 0.933459
vt 0.986620 0.933209
vt 0.986620 0.926026
vt 0.989855 0.940750
vt 0.986620 0.940387
vt 0.989855 0.918997
vt 0.986620 0.918853
vt 0.044877 0.900157
vt 0.020421 0.890366
vt 0.027018 0.887015
vt 0.032266 0.881792
vt 0.989855 0.911762
vt 0.986620 0.911689
vt 0.035645 0.875206
vt 0.989855 0.904529
vt 0.986620 0.904530
vt 0.036829 0.867901
vt 0.986620 0.897368
vt 0.989855 0.897293
vt 0.040811 0.826608
vt 0.035697 0.860587
vt 0.986620 0.890205
vt 0.989855 0.890063
vt 0.032361 0.853987
vt 0.986620 0.883036
vt 0.989855 0.882839
vt 0.027151 0.848738
vt 0.986620 0.875863
vt 0.989855 0.875614
vt 0.020573 0.845356
vt 0.986620 0.868690
vt 0.989855 0.868327
vt 0.013272 0.844171
vt 0.003804 0.826715
vt 0.003740 0.844137
vt 0.986620 0.858821
vt 0.989855 0.858821
vt 0.480200 0.814392
vt 0.480200 0.820963
vt 0.479525 0.812542
vt 0.403376 0.383979
vt 0.403368 0.377400
vt 0.483268 0.813255
vt 0.455916 0.820963
vt 0.448072 0.812523
vt 0.985230 0.411941
vt 0.985230 0.425212
vt 0.979128 0.425436
vt 0.979149 0.412072
vt 0.479607 0.797964
vt 0.483357 0.795832
vt 0.985230 0.454863
vt 0.978973 0.454863
vt 0.198036 0.412897
vt 0.169579 0.412843
vt 0.169604 0.399908
vt 0.198061 0.399963
vt 0.985230 0.381201
vt 0.979034 0.381419
vt 0.979034 0.368094
vt 0.985230 0.366740
vt 0.444404 0.795781
vt 0.448141 0.797941
vt 0.985230 0.385640
vt 0.979034 0.386412
vt 0.451534 0.791644
vt 0.452541 0.795387
vt 0.885373 0.023359
vt 0.742491 0.023359
vt 0.742491 0.015019
vt 0.885373 0.015019
vt 0.885555 0.027585
vt 0.885541 0.052742
vt 0.847628 0.052715
vt 0.741718 0.026551
vt 0.447773 0.820953
vt 0.444304 0.820940
vt 0.005190 0.846805
vt 0.008650 0.846805
vt 0.007765 0.872247
vt 0.005189 0.884719
vt 0.545502 0.511475
vt 0.545506 0.543145
vt 0.532770 0.543147
vt 0.532769 0.511476
vt 0.570966 0.543051
vt 0.570958 0.511469
vt 0.959771 0.894606
vt 0.959618 0.932520
vt 0.957093 0.920038
vt 0.956308 0.894593
vt 0.447774 0.852540
vt 0.448056 0.861042
vt 0.444318 0.852628
vt 0.444293 0.881243
vt 0.448037 0.880027
vt 0.847614 0.084388
vt 0.885528 0.084418
vt 0.885508 0.113031
vt 0.724979 0.065698
vt 0.252601 0.146410
vt 0.251502 0.125888
vt 0.418869 0.125888
vt 0.423676 0.146410
vt 0.458588 0.894545
vt 0.456681 0.898286
vt 0.468927 0.894543
vt 0.470832 0.898285
vt 0.847351 0.278121
vt 0.847351 0.107045
vt 0.861507 0.107045
vt 0.861507 0.278121
vt 0.268019 0.639308
vt 0.096941 0.639308
vt 0.144813 0.618788
vt 0.269117 0.618788
vt 0.101752 0.618788
vt 0.483235 0.881253
vt 0.479492 0.880031
vt 0.380073 0.819771
vt 0.380073 0.973281
vt 0.365920 0.973281
vt 0.365920 0.819771
vt 0.667134 0.344404
vt 0.663572 0.324140
vt 0.816463 0.324140
vt 0.820646 0.344404
vt 0.164236 0.865460
vt 0.289849 0.808668
vt 0.317124 0.865990
vt 0.147640 0.826254
vt 0.188225 0.808302
vt 0.549005 0.970782
vt 0.549005 0.979101
vt 0.443057 0.979101
vt 0.126707 0.336876
vt 0.126707 0.290551
vt 0.135118 0.292538
vt 0.135118 0.336876
vt 0.250331 0.288906
vt 0.225622 0.288906
vt 0.225622 0.146839
vt 0.250331 0.146839
vt 0.406063 0.970782
vt 0.406063 0.979101
vt 0.225622 0.100544
vt 0.250331 0.100543
vt 0.640195 0.192892
vt 0.637848 0.289607
vt 0.637710 0.190333
vt 0.228176 0.097994
vt 0.247773 0.097994
vt 0.629165 0.291953
vt 0.629165 0.190333
vt 0.351407 0.261663
vt 0.346259 0.260737
vt 0.353376 0.255328
vt 0.355931 0.256255
vt 0.640592 0.289987
vt 0.646780 0.192892
vt 0.647287 0.292272
vt 0.702480 0.192892
vt 0.702855 0.319267
vt 0.223648 0.093120
vt 0.252299 0.093118
vt 0.719280 0.192892
vt 0.719422 0.323007
vt 0.730644 0.192892
vt 0.730530 0.323013
vt 0.372794 0.340817
vt 0.358639 0.340817
vt 0.360099 0.338263
vt 0.371333 0.338263
vt 0.346260 0.324219
vt 0.351407 0.323529
vt 0.385171 0.324217
vt 0.380022 0.323528
vt 0.747449 0.192892
vt 0.747095 0.319267
vt 0.380022 0.261660
vt 0.385171 0.260734
vt 0.803151 0.192892
vt 0.802657 0.292268
vt 0.378054 0.255325
vt 0.375499 0.256253
vt 0.809738 0.192892
vt 0.809352 0.289986
vt 0.572092 0.065748
vt 0.599547 0.008509
vt 0.701177 0.008465
vt 0.820774 0.190335
vt 0.820774 0.291954
vt 0.812094 0.289607
vt 0.812225 0.190335
vt 0.989841 0.622785
vt 0.981431 0.622785
vt 0.981431 0.578446
vt 0.989841 0.576461
vt 0.230016 0.751776
vt 0.382907 0.751776
vt 0.379344 0.772040
vt 0.225833 0.772040
vt 0.475226 0.795397
vt 0.476245 0.791656
vt 0.985230 0.407765
vt 0.979034 0.407160
vt 0.173579 0.397597
vt 0.194095 0.397638
vt 0.003550 0.912249
vt 0.013114 0.891514
vt 0.483262 0.860504
vt 0.003580 0.891502
vt 0.989855 0.950259
vt 0.986620 0.950259
vt 0.403410 0.422364
vt 0.403405 0.418317
vt 0.479517 0.861043
vt 0.480197 0.855297
vt 0.480197 0.859345
vt 0.455917 0.855297
vt 0.413858 0.768881
vt 0.426736 0.768963
vt 0.426586 0.793239
vt 0.413709 0.793160
vt 0.390526 0.418328
vt 0.390497 0.383991
vt 0.391566 0.493104
vt 0.367286 0.493104
vt 0.367286 0.458766
vt 0.391566 0.458766
vt 0.414234 0.710268
vt 0.427111 0.710347
vt 0.426964 0.734625
vt 0.414085 0.734543
vt 0.921089 0.263520
vt 0.914868 0.263630
vt 0.914801 0.246025
vt 0.921089 0.245887
vt 0.914801 0.216275
vt 0.921089 0.216275
vt 0.478014 0.879509
vt 0.449209 0.879472
vt 0.449233 0.862370
vt 0.478040 0.862409
vt 0.921089 0.308016
vt 0.921089 0.326131
vt 0.914868 0.326131
vt 0.914868 0.307837
vt 0.468330 0.892785
vt 0.458862 0.892774
vt 0.914868 0.290779
vt 0.921089 0.290474
vt 0.914868 0.280547
vt 0.921089 0.280771
vt 0.434571 0.406796
vt 0.431384 0.413067
vt 0.431361 0.386638
vt 0.434559 0.392903
vt 0.435665 0.399850
vt 0.808079 0.928348
vt 0.808076 0.912048
vt 0.835543 0.912040
vt 0.843694 0.928348
vt 0.717095 0.870022
vt 0.814579 0.849701
vt 0.808078 0.942735
vt 0.847387 0.942737
vt 0.174654 0.339160
vt 0.180270 0.339159
vt 0.180272 0.378469
vt 0.174653 0.378469
vt 0.169033 0.378469
vt 0.169037 0.339159
vt 0.510791 0.189137
vt 0.546407 0.189138
vt 0.546408 0.203523
vt 0.507099 0.203527
vt 0.518945 0.172828
vt 0.546413 0.172837
vt 0.539908 0.110489
vt 0.637393 0.130804
vt 0.214872 0.293573
vt 0.207273 0.293573
vt 0.207272 0.193993
vt 0.214879 0.193993
vt 0.222486 0.193993
vt 0.222472 0.293574
vt 0.214873 0.093118
vt 0.222481 0.093118
vt 0.207264 0.093118
vt 0.544571 0.495741
vt 0.544563 0.510163
vt 0.536959 0.510160
vt 0.536959 0.476528
vt 0.529347 0.495741
vt 0.529356 0.510163
vt 0.517477 0.495733
vt 0.517489 0.476517
vt 0.488531 0.162698
vt 0.504692 0.002731
vt 0.515103 0.012711
vt 0.909339 0.017477
vt 0.921209 0.017477
vt 0.921209 0.178254
vt 0.909339 0.178257
vt 0.110868 0.177498
vt 0.125530 0.189920
vt 0.125530 0.350697
vt 0.111341 0.382541
vt 0.126303 0.354510
vt 0.921209 0.182146
vt 0.909339 0.182157
vt 0.921209 0.185938
vt 0.909339 0.185956
vt 0.493859 0.172041
vt 0.490783 0.169849
vt 0.488914 0.166566
vt 0.497670 0.172814
vt 0.921209 0.189745
vt 0.909339 0.189760
vt 0.128499 0.357590
vt 0.125520 0.377720
vt 0.131784 0.359467
vt 0.124174 0.381258
vt 0.404329 0.612271
vt 0.390770 0.601545
vt 0.390818 0.597760
vt 0.477335 0.672797
vt 0.477335 0.647734
vt 0.497100 0.651247
vt 0.497233 0.672797
vt 0.135657 0.359859
vt 0.157061 0.357747
vt 0.150365 0.375265
vt 0.403772 0.616059
vt 0.575174 0.281267
vt 0.575175 0.294157
vt 0.555708 0.294157
vt 0.555707 0.281267
vt 0.411900 0.612254
vt 0.411900 0.616038
vt 0.583340 0.281267
vt 0.583311 0.294157
vt 0.591424 0.294157
vt 0.591557 0.281267
vt 0.610971 0.294157
vt 0.610971 0.281267
vt 0.404812 0.998872
vt 0.391979 0.997594
vt 0.390629 0.994058
vt 0.387643 0.973929
vt 0.384364 0.975805
vt 0.389834 0.970849
vt 0.390605 0.967036
vt 0.390514 0.806259
vt 0.405169 0.793829
vt 0.944147 0.737861
vt 0.944147 0.741660
vt 0.932278 0.741645
vt 0.932278 0.737851
vt 0.944147 0.745464
vt 0.932278 0.745452
vt 0.944147 0.749376
vt 0.932278 0.749381
vt 0.380496 0.976195
vt 0.860625 0.911255
vt 0.856815 0.912025
vt 0.865574 0.905783
vt 0.863702 0.909064
vt 0.865957 0.901912
vt 0.932278 0.770782
vt 0.944147 0.770782
vt 0.849798 0.741945
vt 0.839387 0.751924
vt 0.944147 0.733962
vt 0.932278 0.733960
vt 0.932278 0.573184
vt 0.944147 0.573184
vt 0.365784 0.991595
vt 0.359093 0.974075
vt 0.447852 0.561715
vt 0.447852 0.580478
vt 0.435973 0.579966
vt 0.435973 0.561715
vt 0.512447 0.651265
vt 0.532212 0.647744
vt 0.532212 0.672797
vt 0.512308 0.672797
vt 0.433830 0.594619
vt 0.435780 0.596668
vt 0.504774 0.651193
vt 0.504777 0.672797
vt 0.428193 0.596668
vt 0.428194 0.594602
vt 0.422554 0.594618
vt 0.420607 0.596668
vt 0.419471 0.612271
vt 0.420026 0.616060
vt 0.433035 0.601551
vt 0.432989 0.597767
vt 0.556429 0.476516
vt 0.556442 0.495733
vt 0.408520 0.580484
vt 0.420398 0.579970
vt 0.408520 0.561716
vt 0.420398 0.561717
vt 0.909339 0.193671
vt 0.921209 0.193676
vt 0.921209 0.215076
vt 0.909339 0.215076
vt 0.774860 0.725900
vt 0.738351 0.674936
vt 0.741553 0.660713
vt 0.264960 0.185584
vt 0.263172 0.185525
vt 0.261720 0.173591
vt 0.261930 0.171345
vt 0.266224 0.196673
vt 0.267458 0.195756
vt 0.734273 0.693045
vt 0.736022 0.685277
vt 0.259793 0.186026
vt 0.258778 0.181203
vt 0.262597 0.197335
vt 0.261094 0.191250
vt 0.365257 0.998758
vt 0.359094 0.998759
vt 0.359093 0.993174
vt 0.367657 0.993173
vt 0.113226 0.083834
vt 0.115609 0.086279
vt 0.107045 0.086280
vt 0.107045 0.083835
vt 0.983497 0.160841
vt 0.983516 0.165769
vt 0.977335 0.165769
vt 0.977335 0.160841
vt 0.050129 0.080160
vt 0.043967 0.080161
vt 0.043965 0.072639
vt 0.053285 0.072638
vt 0.980493 0.053796
vt 0.983651 0.056964
vt 0.974331 0.056964
vt 0.974331 0.053797
vt 0.015720 0.853086
vt 0.015721 0.858162
vt 0.009558 0.858164
vt 0.009557 0.853086
vt 0.820746 0.793454
vt 0.814583 0.793454
vt 0.814583 0.785364
vt 0.823902 0.785363
vt 0.953186 0.018569
vt 0.956344 0.021736
vt 0.947024 0.021736
vt 0.947024 0.018570
vt 0.258973 0.161110
vt 0.259306 0.159625
vt 0.256090 0.147734
vt 0.254597 0.162018
vt 0.251502 0.150486
vt 0.257307 0.174298
vt 0.256214 0.169340
vt 0.941172 0.401071
vt 0.935010 0.401073
vt 0.935008 0.389133
vt 0.941171 0.389132
vt 0.821955 0.442935
vt 0.828130 0.458037
vt 0.821968 0.458042
vt 0.831765 0.454111
vt 0.831755 0.442927
vt 0.143364 0.092845
vt 0.153163 0.092845
vt 0.153163 0.185139
vt 0.143364 0.185139
vt 0.153163 0.192306
vt 0.143364 0.192305
vt 0.153163 0.199088
vt 0.143364 0.199088
vt 0.153163 0.205869
vt 0.143364 0.205869
vt 0.153163 0.213035
vt 0.143364 0.213035
vt 0.153163 0.338773
vt 0.143364 0.338773
vt 0.345682 0.800004
vt 0.345683 0.810061
vt 0.335884 0.810062
vt 0.335882 0.796288
vt 0.342045 0.796286
vt 0.759325 0.744688
vt 0.633590 0.745395
vt 0.633534 0.735339
vt 0.708361 0.718834
vt 0.412499 0.801536
vt 0.412499 0.877076
vt 0.406336 0.877076
vt 0.406336 0.801536
vt 0.273398 0.315656
vt 0.273398 0.239538
vt 0.278572 0.239440
vt 0.278572 0.315656
vt 0.273141 0.230964
vt 0.278331 0.230475
vt 0.716778 0.715451
vt 0.271729 0.221749
vt 0.276750 0.220712
vt 0.724701 0.709332
vt 0.269414 0.212760
vt 0.274339 0.211095
vt 0.730857 0.701439
vt 0.266195 0.205002
vt 0.270846 0.202827
vt 0.774749 0.733065
vt 0.265331 0.203288
vt 0.412499 0.765156
vt 0.412499 0.766949
vt 0.406336 0.766949
vt 0.406336 0.765156
vt 0.412499 0.775204
vt 0.406336 0.775206
vt 0.412499 0.784240
vt 0.406335 0.784242
vt 0.412499 0.793277
vt 0.406336 0.793279
vt 0.985409 0.471061
vt 0.979247 0.471062
vt 0.979246 0.465047
vt 0.988009 0.465047
vt 0.034563 0.906063
vt 0.037163 0.908672
vt 0.028400 0.908672
vt 0.028400 0.906063
vt 0.040571 0.154562
vt 0.040570 0.160829
vt 0.034407 0.160828
vt 0.034408 0.154561
vt 0.771755 0.739150
vt 0.766338 0.743231
vt 0.757926 0.635172
vt 0.744189 0.649003
vt 0.746892 0.636993
vt 1.774860 0.725900
vt 1.741553 0.660713
vt 1.738351 0.674936
vt 1.264960 0.185584
vt 1.261930 0.171345
vt 1.261720 0.173591
vt 1.263172 0.185525
vt 1.266224 0.196673
vt 1.267458 0.195756
vt 1.736022 0.685277
vt 1.734273 0.693045
vt 1.258778 0.181203
vt 1.259793 0.186026
vt 1.261094 0.191250
vt 1.262597 0.197335
vt 1.365257 0.998758
vt 1.367657 0.993173
vt 1.359093 0.993174
vt 1.359094 0.998759
vt 1.113226 0.083834
vt 1.107045 0.083835
vt 1.107045 0.086280
vt 1.115609 0.086279
vt 1.983497 0.160841
vt 1.977335 0.160841
vt 1.977335 0.165769
vt 1.983516 0.165769
vt 1.050129 0.080160
vt 1.053285 0.072638
vt 1.043965 0.072639
vt 1.043967 0.080161
vt 1.980493 0.053796
vt 1.974331 0.053797
vt 1.974331 0.056964
vt 1.983651 0.056964
vt 1.015720 0.853086
vt 1.009557 0.853086
vt 1.009558 0.858164
vt 1.015721 0.858162
vt 1.820746 0.793454
vt 1.823902 0.785363
vt 1.814583 0.785364
vt 1.814583 0.793454
vt 1.953186 0.018569
vt 1.947024 0.018570
vt 1.947024 0.021736
vt 1.956344 0.021736
vt 1.259306 0.159625
vt 1.258973 0.161110
vt 1.256090 0.147734
vt 1.251502 0.150486
vt 1.254597 0.162018
vt 1.256214 0.169340
vt 1.257307 0.174298
vt 1.941172 0.401071
vt 1.941171 0.389132
vt 1.935008 0.389133
vt 1.935010 0.401073
vt 1.821955 0.442935
vt 1.821968 0.458042
vt 1.828130 0.458037
vt 1.831765 0.454111
vt 1.831755 0.442927
vt 1.143364 0.092845
vt 1.143364 0.185139
vt 1.153163 0.185139
vt 1.153163 0.092845
vt 1.143364 0.192305
vt 1.153163 0.192306
vt 1.143364 0.199088
vt 1.153163 0.199088
vt 1.143364 0.205869
vt 1.153163 0.205869
vt 1.143364 0.213035
vt 1.153163 0.213035
vt 1.143364 0.338773
vt 1.153163 0.338773
vt 1.345682 0.800004
vt 1.335884 0.810062
vt 1.345683 0.810061
vt 1.335882 0.796288
vt 1.342045 0.796286
vt 1.633534 0.735339
vt 1.633590 0.745395
vt 1.759325 0.744688
vt 1.708361 0.718834
vt 1.412499 0.801536
vt 1.406336 0.801536
vt 1.406336 0.877076
vt 1.412499 0.877076
vt 1.273398 0.315656
vt 1.278572 0.315656
vt 1.278572 0.239440
vt 1.273398 0.239538
vt 1.273141 0.230964
vt 1.278331 0.230475
vt 1.716778 0.715451
vt 1.276750 0.220712
vt 1.271729 0.221749
vt 1.724701 0.709332
vt 1.269414 0.212760
vt 1.274339 0.211095
vt 1.730857 0.701439
vt 1.270846 0.202827
vt 1.266195 0.205002
vt 1.774749 0.733065
vt 1.265331 0.203288
vt 1.412499 0.765156
vt 1.406336 0.765156
vt 1.406336 0.766949
vt 1.412499 0.766949
vt 1.406336 0.775206
vt 1.412499 0.775204
vt 1.412499 0.784240
vt 1.406335 0.784242
vt 1.412499 0.793277
vt 1.406336 0.793279
vt 1.985409 0.471061
vt 1.988009 0.465047
vt 1.979246 0.465047
vt 1.979247 0.471062
vt 1.034563 0.906063
vt 1.028400 0.906063
vt 1.028400 0.908672
vt 1.037163 0.908672
vt 1.040571 0.154562
vt 1.034408 0.154561
vt 1.034407 0.160828
vt 1.040570 0.160829
vt 1.766338 0.743231
vt 1.771755 0.739150
vt 1.757926 0.635172
vt 1.744189 0.649003
vt 1.746892 0.636993
vt 0.472714 0.380394
vt 0.474368 0.400182
vt 0.437193 0.400182
vt 0.438043 0.380394
vt 0.484162 0.295740
vt 0.499005 0.295741
vt 0.499005 0.312442
vt 0.484162 0.332891
vt 0.180268 0.305102
vt 0.180166 0.322880
vt 0.165266 0.322795
vt 0.154287 0.305687
vt 0.725982 0.394869
vt 0.726408 0.410973
vt 0.709722 0.410973
vt 0.711777 0.393315
vt 0.623425 0.887784
vt 0.619334 0.887784
vt 0.619334 0.871674
vt 0.634506 0.871671
vt 0.619334 0.867533
vt 0.634506 0.867529
vt 0.725784 0.390734
vt 0.712258 0.389437
vt 0.726731 0.373037
vt 0.716782 0.370016
vt 0.619334 0.849809
vt 0.634506 0.849809
vt 0.196798 0.293030
vt 0.181626 0.293029
vt 0.181595 0.282632
vt 0.196886 0.282633
vt 0.646978 0.548826
vt 0.626575 0.547292
vt 0.628316 0.529655
vt 0.650987 0.507327
vt 0.618514 0.526184
vt 0.622229 0.501366
vt 0.646992 0.552950
vt 0.626589 0.551431
vt 0.054631 0.674428
vt 0.095572 0.674535
vt 0.095564 0.678652
vt 0.054621 0.678554
vt 0.054732 0.632722
vt 0.096218 0.472049
vt 0.960970 0.573300
vt 0.994857 0.570144
vt 0.995532 0.574267
vt 0.960979 0.577424
vt 0.989308 0.550510
vt 0.983876 0.515441
vt 0.985470 0.525710
vt 0.940470 0.371843
vt 0.973219 0.421303
vt 0.979837 0.489418
vt 0.195771 0.256187
vt 0.154505 0.256051
vt 0.154534 0.245688
vt 0.206069 0.245800
vt 0.154580 0.219385
vt 0.206110 0.219443
vt 0.354666 0.894777
vt 0.325506 0.894777
vt 0.325506 0.880121
vt 0.354666 0.880120
vt 0.484521 0.763192
vt 0.456308 0.757258
vt 0.460280 0.731225
vt 0.044512 0.622251
vt 0.044732 0.555341
vt 0.050064 0.550624
vt 0.491163 0.696614
vt 0.463261 0.699812
vt 0.476406 0.918072
vt 0.448389 0.918072
vt 0.448389 0.910978
vt 0.476406 0.910978
vt 0.632084 0.962534
vt 0.604042 0.962534
vt 0.604042 0.957947
vt 0.632084 0.957947
vt 0.154547 0.150977
vt 0.200791 0.178487
vt 0.200805 0.183111
vt 0.206131 0.187868
vt 0.206080 0.150893
vt 0.206110 0.174769
vt 0.770847 0.086740
vt 0.742764 0.086740
vt 0.742764 0.080284
vt 0.770847 0.080284
vt 0.050077 0.546019
vt 0.044770 0.542309
vt 0.045013 0.471874
vt 0.571938 0.736432
vt 0.571847 0.687457
vt 0.604684 0.686973
vt 0.597609 0.757049
vt 0.569634 0.760177
vt 0.154443 0.102024
vt 0.205975 0.101913
vt 0.165608 0.093186
vt 0.194766 0.093118
vt 0.571807 0.673209
vt 0.596325 0.672857
vt 0.527953 0.496996
vt 0.528067 0.521515
vt 0.498908 0.521515
vt 0.499024 0.496996
vt 0.768160 0.547001
vt 0.779299 0.534954
vt 0.808229 0.534953
vt 0.819369 0.546999
vt 0.948834 0.357728
vt 0.973350 0.358086
vt 0.973308 0.372331
vt 0.180388 0.281242
vt 0.154409 0.281122
vt 0.195681 0.281285
vt 0.180292 0.301191
vt 0.154311 0.301515
vt 0.084453 0.694472
vt 0.065663 0.694429
vt 0.488479 0.586838
vt 0.488479 0.606249
vt 0.468051 0.606249
vt 0.468051 0.586839
vt 0.503037 0.332891
vt 0.503037 0.312442
vt 0.668488 0.473785
vt 0.676197 0.473786
vt 0.676195 0.482490
vt 0.668487 0.482489
vt 0.541297 0.021561
vt 0.533589 0.021562
vt 0.533589 0.000273
vt 0.541297 0.000273
vt 0.868190 0.918081
vt 0.868190 0.939390
vt 0.860186 0.938335
vt 0.860186 0.914528
vt 0.867582 0.940928
vt 0.860596 0.939906
vt 0.541297 0.023204
vt 0.533589 0.023203
vt 0.866524 0.942041
vt 0.861857 0.941583
vt 0.541297 0.024732
vt 0.533589 0.024732
vt 0.541297 0.026250
vt 0.533589 0.026249
vt 0.541297 0.028217
vt 0.533589 0.028213
vt 0.533589 0.029903
vt 0.541297 0.029906
vt 0.865202 0.942793
vt 0.863255 0.942525
vt 0.533589 0.032015
vt 0.541297 0.032015
vt 0.533589 0.033667
vt 0.541297 0.033667
vt 0.541297 0.057480
vt 0.533589 0.057480
vt 1.668488 0.473785
vt 1.668487 0.482489
vt 1.676195 0.482490
vt 1.676197 0.473786
vt 1.541297 0.021561
vt 1.541297 0.000273
vt 1.533589 0.000273
vt 1.533589 0.021562
vt 1.868190 0.918081
vt 1.860186 0.914528
vt 1.860186 0.938335
vt 1.868190 0.939390
vt 1.860596 0.939906
vt 1.867582 0.940928
vt 1.533589 0.023203
vt 1.541297 0.023204
vt 1.861857 0.941583
vt 1.866524 0.942041
vt 1.533589 0.024732
vt 1.541297 0.024732
vt 1.533589 0.026249
vt 1.541297 0.026250
vt 1.533589 0.028213
vt 1.541297 0.028217
vt 1.533589 0.029903
vt 1.541297 0.029906
vt 1.863255 0.942525
vt 1.865202 0.942793
vt 1.533589 0.032015
vt 1.541297 0.032015
vt 1.533589 0.033667
vt 1.541297 0.033667
vt 1.533589 0.057480
vt 1.541297 0.057480
vt 0.122571 0.410408
vt 0.116158 0.410391
vt 0.116169 0.405258
vt 0.122583 0.405273
vt 0.109750 0.405243
vt 0.109738 0.415413
vt 0.116152 0.415423
vt 0.476997 0.853318
vt 0.471656 0.849767
vt 0.483291 0.854554
vt 0.468078 0.844447
vt 0.476975 0.844423
vt 0.476947 0.831843
vt 0.483215 0.821683
vt 0.016931 0.213817
vt 0.021963 0.213817
vt 0.021965 0.246690
vt 0.016933 0.246690
vt 0.881073 0.933840
vt 0.876328 0.933748
vt 0.876576 0.921169
vt 0.881321 0.921266
vt 0.876610 0.919560
vt 0.880103 0.912343
vt 0.881513 0.912373
vt 0.468051 0.831858
vt 0.471604 0.826521
vt 0.476929 0.822947
vt 0.752625 0.439104
vt 0.758932 0.440268
vt 0.758897 0.448283
vt 0.746313 0.448261
vt 0.758894 0.449877
vt 0.746313 0.449877
vt 0.880907 0.942735
vt 0.879497 0.942709
vt 0.876297 0.935357
vt 0.746313 0.440243
vt 0.032766 0.410376
vt 0.039180 0.411788
vt 0.032766 0.411788
vt 0.039178 0.405243
vt 0.032763 0.405243
vt 0.026348 0.410376
vt 0.026351 0.405243
vt 0.019935 0.410376
vt 0.019936 0.405243
vt 0.045593 0.405243
vt 0.045594 0.410378
vt 0.045594 0.411788
vt 0.052008 0.410378
vt 0.052007 0.405243
vt 0.058422 0.410378
vt 0.058421 0.405243
vt 0.064837 0.410379
vt 0.064835 0.405243
vt 0.071249 0.405243
vt 0.071253 0.415410
vt 0.064840 0.415412
vt 0.077666 0.415409
vt 0.077666 0.405243
vt 0.835063 0.392955
vt 0.841353 0.394206
vt 0.850247 0.403102
vt 0.851501 0.409392
vt 0.846685 0.397770
vt 0.084080 0.415410
vt 0.084081 0.405243
vt 0.090495 0.415410
vt 0.090495 0.405243
vt 0.096912 0.415410
vt 0.096911 0.405243
vt 0.103326 0.405243
vt 0.103325 0.415411
vt 0.841354 0.424576
vt 0.835065 0.425827
vt 0.850249 0.415681
vt 0.846687 0.421012
vt 0.161370 0.345479
vt 0.169445 0.331780
vt 0.171039 0.333869
vt 0.163471 0.346706
vt 0.135647 0.558127
vt 0.133551 0.558131
vt 0.137056 0.542634
vt 0.139151 0.542603
vt 0.157837 0.360981
vt 0.160160 0.361235
vt 0.133769 0.573940
vt 0.131671 0.573905
vt 0.052048 0.085374
vt 0.050377 0.085410
vt 0.055817 0.072680
vt 0.057488 0.072638
vt 0.178056 0.324140
vt 0.181399 0.324679
vt 0.047974 0.099710
vt 0.046302 0.099716
vt 0.604139 0.932685
vt 0.612123 0.920118
vt 0.613138 0.921808
vt 0.605573 0.933718
vt 0.623969 0.912781
vt 0.622758 0.911251
vt 0.626159 0.911904
vt 0.597308 0.325116
vt 0.595890 0.324233
vt 0.595897 0.320769
vt 0.594483 0.316499
vt 0.594476 0.319885
vt 0.604088 0.300944
vt 0.592585 0.300945
vt 0.610810 0.295468
vt 0.610810 0.300944
vt 0.839432 0.255871
vt 0.846156 0.255871
vt 0.846156 0.279912
vt 0.839433 0.279911
vt 0.518361 0.231220
vt 0.542636 0.209175
vt 0.542636 0.233814
vt 0.529019 0.266419
vt 0.598738 0.330576
vt 0.511469 0.209175
vt 0.604103 0.331718
vt 0.598740 0.331721
vt 0.397488 0.374392
vt 0.403648 0.371928
vt 0.403719 0.374115
vt 0.397911 0.376620
vt 0.992038 0.447960
vt 0.993118 0.447582
vt 0.993122 0.449861
vt 0.827773 0.783864
vt 0.826091 0.783921
vt 0.829176 0.778051
vt 0.830859 0.777990
vt 0.597304 0.329693
vt 0.395466 0.373838
vt 0.397137 0.370563
vt 0.401635 0.371397
vt 0.384077 0.380404
vt 0.385265 0.382261
vt 0.822705 0.796088
vt 0.821022 0.796116
vt 0.394946 0.371430
vt 0.974691 0.603392
vt 0.973023 0.603450
vt 0.974131 0.601370
vt 0.975800 0.601311
vt 0.969268 0.616408
vt 0.967600 0.616444
vt 0.376471 0.392270
vt 0.378122 0.393402
vt 0.965298 0.629958
vt 0.963629 0.629944
vt 0.372748 0.405857
vt 0.374619 0.406165
vt 0.962977 0.643892
vt 0.961307 0.643825
vt 0.375116 0.419387
vt 0.373278 0.419942
vt 0.962618 0.657990
vt 0.960951 0.657899
vt 0.963385 0.662361
vt 0.961898 0.663210
vt 0.375990 0.422396
vt 0.375089 0.423990
vt 0.814583 0.834966
vt 0.816263 0.835065
vt 0.816461 0.837090
vt 0.814891 0.838083
vt 0.991843 0.505163
vt 0.993264 0.503967
vt 0.998640 0.507947
vt 0.991848 0.506994
vt 0.425481 0.566898
vt 0.433680 0.564719
vt 0.433680 0.584200
vt 0.424070 0.570226
vt 0.547880 0.271632
vt 0.547291 0.234226
vt 0.998518 0.471309
vt 0.995873 0.493054
vt 0.995800 0.471315
vt 0.994651 0.494265
vt 0.994669 0.499567
vt 0.990443 0.507971
vt 0.993255 0.501149
vt 0.425479 0.564719
vt 0.959101 0.628325
vt 0.960781 0.628398
vt 0.960705 0.639452
vt 0.959039 0.640768
vt 0.918897 0.594114
vt 0.921030 0.594456
vt 0.922162 0.600520
vt 0.919565 0.605144
vt 0.961307 0.616112
vt 0.962988 0.616156
vt 0.922243 0.582166
vt 0.924127 0.583415
vt 0.965064 0.604299
vt 0.966743 0.604299
vt 0.928980 0.571748
vt 0.930364 0.573781
vt 0.970040 0.592941
vt 0.971718 0.592913
vt 0.938527 0.563811
vt 0.939189 0.566446
vt 0.943082 0.561988
vt 0.941226 0.565519
vt 0.973050 0.587384
vt 0.974087 0.588615
vt 0.998482 0.447569
vt 0.994543 0.450614
vt 0.994548 0.454601
vt 0.995775 0.455256
vt 0.061136 0.074515
vt 0.059617 0.074540
vt 0.060792 0.072638
vt 0.061618 0.073759
vt 0.591245 0.021226
vt 0.598044 0.007423
vt 0.598880 0.007100
vt 0.582941 0.024293
vt 0.589155 0.014661
vt 0.580011 0.035375
vt 0.580922 0.040355
vt 0.050769 0.095606
vt 0.052290 0.095640
vt 0.050128 0.106914
vt 0.048607 0.106854
vt 0.050449 0.111969
vt 0.054539 0.084802
vt 0.056059 0.084796
vt 0.387322 0.382847
vt 0.388356 0.384564
vt 0.380173 0.393961
vt 0.381628 0.395016
vt 0.818901 0.808779
vt 0.817216 0.808753
vt 0.816659 0.821841
vt 0.814975 0.821765
vt 0.376571 0.406672
vt 0.378233 0.406970
vt 0.376968 0.419886
vt 0.378917 0.419397
vt 0.377518 0.421843
vt 0.049072 0.113002
vt 0.602445 0.966461
vt 0.600782 0.961924
vt 0.602385 0.961416
vt 0.604618 0.966327
vt 0.045635 0.129363
vt 0.046378 0.134139
vt 0.044707 0.134071
vt 0.043965 0.129299
vt 0.424067 0.567793
vt 0.045764 0.114463
vt 0.044091 0.114423
vt 0.600219 0.947043
vt 0.601852 0.947323
vt 0.161405 0.376084
vt 0.159166 0.376829
vt 0.160866 0.380871
vt 0.163275 0.380540
vt 0.133716 0.589851
vt 0.131622 0.589794
vt 0.134270 0.594202
vt 0.132175 0.594142
vt 0.937268 0.415805
vt 0.939637 0.419496
vt 0.927089 0.423185
vt 0.422174 0.584200
vt 0.422174 0.571120
vt 0.933238 0.400415
vt 0.931519 0.385311
vt 0.934123 0.384494
vt 0.927089 0.385766
vt 0.365267 0.625830
vt 0.358552 0.601584
vt 0.376771 0.625831
vt 0.376713 0.663258
vt 0.365209 0.663249
vt 0.846156 0.284368
vt 0.839433 0.284368
vt 0.358547 0.625830
vt 0.954124 0.992627
vt 0.963420 0.992627
vt 0.963420 0.997082
vt 0.954124 0.997082
vt 0.386072 0.601585
vt 0.386068 0.625832
vt 0.278548 0.363471
vt 0.269252 0.363471
vt 0.269252 0.339432
vt 0.278548 0.339432
vt 0.027896 0.884567
vt 0.022940 0.884567
vt 0.022939 0.860459
vt 0.027896 0.860459
vt 0.583288 0.300945
vt 0.583288 0.295467
vt 0.939246 0.369402
vt 0.931519 0.361283
vt 0.946147 0.360185
vt 0.592582 0.315613
vt 0.140687 0.531713
vt 0.142783 0.531677
vt 1.161370 0.345479
vt 1.163471 0.346706
vt 1.171039 0.333869
vt 1.169445 0.331780
vt 1.135647 0.558127
vt 1.139151 0.542603
vt 1.137056 0.542634
vt 1.133551 0.558131
vt 1.157837 0.360981
vt 1.160160 0.361235
vt 1.133769 0.573940
vt 1.131671 0.573905
vt 1.052048 0.085374
vt 1.057488 0.072638
vt 1.055817 0.072680
vt 1.050377 0.085410
vt 1.181399 0.324679
vt 1.178056 0.324140
vt 1.046302 0.099716
vt 1.047974 0.099710
vt 1.604139 0.932685
vt 1.605573 0.933718
vt 1.613138 0.921808
vt 1.612123 0.920118
vt 1.623969 0.912781
vt 1.622758 0.911251
vt 1.626159 0.911904
vt 1.597308 0.325116
vt 1.595897 0.320769
vt 1.595890 0.324233
vt 1.594483 0.316499
vt 1.594476 0.319885
vt 1.604088 0.300944
vt 1.592585 0.300945
vt 1.610810 0.295468
vt 1.610810 0.300944
vt 1.839432 0.255871
vt 1.839433 0.279911
vt 1.846156 0.279912
vt 1.846156 0.255871
vt 1.542636 0.233814
vt 1.542636 0.209175
vt 1.518361 0.231220
vt 1.529019 0.266419
vt 1.598738 0.330576
vt 1.511469 0.209175
vt 1.598740 0.331721
vt 1.604103 0.331718
vt 1.397488 0.374392
vt 1.397911 0.376620
vt 1.403719 0.374115
vt 1.403648 0.371928
vt 1.992038 0.447960
vt 1.993122 0.449861
vt 1.993118 0.447582
vt 1.827773 0.783864
vt 1.830859 0.777990
vt 1.829176 0.778051
vt 1.826091 0.783921
vt 1.597304 0.329693
vt 1.395466 0.373838
vt 1.401635 0.371397
vt 1.397137 0.370563
vt 1.384077 0.380404
vt 1.385265 0.382261
vt 1.821022 0.796116
vt 1.822705 0.796088
vt 1.394946 0.371430
vt 1.974691 0.603392
vt 1.975800 0.601311
vt 1.974131 0.601370
vt 1.973023 0.603450
vt 1.967600 0.616444
vt 1.969268 0.616408
vt 1.376471 0.392270
vt 1.378122 0.393402
vt 1.963629 0.629944
vt 1.965298 0.629958
vt 1.372748 0.405857
vt 1.374619 0.406165
vt 1.961307 0.643825
vt 1.962977 0.643892
vt 1.373278 0.419942
vt 1.375116 0.419387
vt 1.960951 0.657899
vt 1.962618 0.657990
vt 1.961898 0.663210
vt 1.963385 0.662361
vt 1.375089 0.423990
vt 1.375990 0.422396
vt 1.814583 0.834966
vt 1.814891 0.838083
vt 1.816461 0.837090
vt 1.816263 0.835065
vt 1.998640 0.507947
vt 1.993264 0.503967
vt 1.991843 0.505163
vt 1.991848 0.506994
vt 1.425481 0.566898
vt 1.424070 0.570226
vt 1.433680 0.584200
vt 1.433680 0.564719
vt 1.547880 0.271632
vt 1.547291 0.234226
vt 1.998518 0.471309
vt 1.995800 0.471315
vt 1.995873 0.493054
vt 1.994651 0.494265
vt 1.994669 0.499567
vt 1.990443 0.507971
vt 1.993255 0.501149
vt 1.425479 0.564719
vt 1.959101 0.628325
vt 1.959039 0.640768
vt 1.960705 0.639452
vt 1.960781 0.628398
vt 1.918897 0.594114
vt 1.919565 0.605144
vt 1.922162 0.600520
vt 1.921030 0.594456
vt 1.961307 0.616112
vt 1.962988 0.616156
vt 1.924127 0.583415
vt 1.922243 0.582166
vt 1.965064 0.604299
vt 1.966743 0.604299
vt 1.930364 0.573781
vt 1.928980 0.571748
vt 1.970040 0.592941
vt 1.971718 0.592913
vt 1.939189 0.566446
vt 1.938527 0.563811
vt 1.941226 0.565519
vt 1.943082 0.561988
vt 1.974087 0.588615
vt 1.973050 0.587384
vt 1.998482 0.447569
vt 1.994543 0.450614
vt 1.994548 0.454601
vt 1.995775 0.455256
vt 1.061136 0.074515
vt 1.060792 0.072638
vt 1.059617 0.074540
vt 1.061618 0.073759
vt 1.591245 0.021226
vt 1.598880 0.007100
vt 1.598044 0.007423
vt 1.589155 0.014661
vt 1.582941 0.024293
vt 1.580011 0.035375
vt 1.580922 0.040355
vt 1.050769 0.095606
vt 1.048607 0.106854
vt 1.050128 0.106914
vt 1.052290 0.095640
vt 1.050449 0.111969
vt 1.054539 0.084802
vt 1.056059 0.084796
vt 1.387322 0.382847
vt 1.388356 0.384564
vt 1.380173 0.393961
vt 1.381628 0.395016
vt 1.817216 0.808753
vt 1.818901 0.808779
vt 1.814975 0.821765
vt 1.816659 0.821841
vt 1.376571 0.406672
vt 1.378233 0.406970
vt 1.376968 0.419886
vt 1.377518 0.421843
vt 1.378917 0.419397
vt 1.049072 0.113002
vt 1.602445 0.966461
vt 1.604618 0.966327
vt 1.602385 0.961416
vt 1.600782 0.961924
vt 1.045635 0.129363
vt 1.043965 0.129299
vt 1.044707 0.134071
vt 1.046378 0.134139
vt 1.424067 0.567793
vt 1.045764 0.114463
vt 1.044091 0.114423
vt 1.601852 0.947323
vt 1.600219 0.947043
vt 1.161405 0.376084
vt 1.159166 0.376829
vt 1.160866 0.380871
vt 1.163275 0.380540
vt 1.131622 0.589794
vt 1.133716 0.589851
vt 1.132175 0.594142
vt 1.134270 0.594202
vt 1.927089 0.423185
vt 1.939637 0.419496
vt 1.937268 0.415805
vt 1.422174 0.584200
vt 1.422174 0.571120
vt 1.933238 0.400415
vt 1.934123 0.384494
vt 1.931519 0.385311
vt 1.927089 0.385766
vt 1.365267 0.625830
vt 1.376713 0.663258
vt 1.376771 0.625831
vt 1.358552 0.601584
vt 1.365209 0.663249
vt 1.839433 0.284368
vt 1.846156 0.284368
vt 1.358547 0.625830
vt 1.954124 0.992627
vt 1.954124 0.997082
vt 1.963420 0.997082
vt 1.963420 0.992627
vt 1.386068 0.625832
vt 1.386072 0.601585
vt 1.278548 0.363471
vt 1.278548 0.339432
vt 1.269252 0.339432
vt 1.269252 0.363471
vt 1.027896 0.884567
vt 1.027896 0.860459
vt 1.022939 0.860459
vt 1.022940 0.884567
vt 1.583288 0.295467
vt 1.583288 0.300945
vt 1.939246 0.369402
vt 1.931519 0.361283
vt 1.946147 0.360185
vt 1.592582 0.315613
vt 1.142783 0.531677
vt 1.140687 0.531713
vt 0.196153 0.866038
vt 0.171773 0.825574
vt 0.229746 0.803188
vt 0.241498 0.845311
vt 0.217541 0.752498
vt 0.147001 0.775857
vt 0.120507 0.712947
vt 0.204007 0.688522
vt 0.077337 0.814799
vt 0.039273 0.752270
vt 0.430582 0.775233
vt 0.456894 0.711942
vt 0.539035 0.751448
vt 0.501001 0.814389
vt 0.360041 0.752011
vt 0.373304 0.687777
vt 0.328019 0.929237
vt 0.357443 0.897889
vt 0.386354 0.929937
vt 0.341039 0.950603
vt 0.381400 0.865627
vt 0.424509 0.902287
vt 0.495503 0.074636
vt 0.423482 0.074286
vt 0.423603 0.046164
vt 0.495593 0.046590
vt 0.463087 0.863907
vt 0.405870 0.825148
vt 0.278867 0.073769
vt 0.207482 0.074286
vt 0.207210 0.046833
vt 0.278445 0.045510
vt 0.711050 0.075245
vt 0.639332 0.075062
vt 0.639392 0.047092
vt 0.711141 0.047427
vt 0.919529 0.072338
vt 0.852312 0.074956
vt 0.851768 0.048142
vt 0.919015 0.046240
vt 0.237933 0.949949
vt 0.192497 0.929359
vt 0.220139 0.898406
vt 0.249926 0.929724
vt 0.154101 0.902028
vt 0.351250 0.073906
vt 0.351250 0.045646
vt 0.137515 0.074073
vt 0.137848 0.047320
vt 0.567463 0.074880
vt 0.567463 0.046864
vt 0.782285 0.075382
vt 0.782225 0.047960
vt 0.115341 0.863999
vt 0.267690 0.917276
vt 0.252978 0.880419
vt 0.310165 0.917093
vt 0.324666 0.880175
vt 0.336145 0.845052
vt 0.070389 0.071562
vt 0.070752 0.045510
vt 0.347897 0.802869
vt 1.348056 0.803051
vt 1.360321 0.752376
vt 1.430891 0.775690
vt 1.406029 0.825361
vt 1.196432 0.866236
vt 1.172053 0.825756
vt 1.229814 0.803249
vt 1.241596 0.845418
vt 1.336214 0.845098
vt 1.381498 0.865673
vt 1.457416 0.712718
vt 1.539013 0.751448
vt 1.500978 0.814389
vt 1.373795 0.688370
vt 1.077315 0.814799
vt 1.039250 0.752270
vt 1.120757 0.713129
vt 1.147281 0.776025
vt 1.203864 0.688446
vt 1.217519 0.752483
vt 1.327996 0.929055
vt 1.357481 0.897797
vt 1.386302 0.929937
vt 1.341017 0.950603
vt 1.424487 0.902287
vt 1.463035 0.863907
vt 1.237911 0.949949
vt 1.192475 0.929359
vt 1.220359 0.898619
vt 1.250085 0.929968
vt 1.154048 0.902028
vt 1.115319 0.863999
vt 1.267818 0.917489
vt 1.253076 0.880571
vt 1.310112 0.916926
vt 1.324643 0.880084
vt 0.289592 0.874225
vt 0.289683 0.912787
vt 0.289350 0.838357
vt 0.288927 0.680168
vt 0.289018 0.744630
vt 0.288807 0.744432
vt 0.288535 0.679818
vt 0.289139 0.795732
vt 0.289773 0.912969
vt 0.289622 0.874331
vt 0.289048 0.795640
vt 0.289441 0.958090
vt 1.288996 0.744630
vt 1.288905 0.680168
vt 1.288512 0.679818
vt 1.288784 0.744432
vt 1.289600 0.874331
vt 1.289721 0.912969
vt 1.289328 0.838357
vt 1.289026 0.795640
vt 1.289660 0.912787
vt 1.289569 0.874225
vt 1.289116 0.795732
vt 1.289418 0.958090
vt 0.279200 0.127807
vt 0.207300 0.127457
vt 0.139388 0.009261
vt 0.130416 0.034218
vt 0.061054 0.034218
vt 0.071688 0.009261
vt 0.352459 0.009261
vt 0.348773 0.034218
vt 0.274638 0.034218
vt 0.280136 0.009261
vt 0.482512 0.645197
vt 0.574441 0.686285
vt 0.572719 0.009261
vt 0.574441 0.034218
vt 0.499067 0.034218
vt 0.499158 0.009261
vt 0.639362 0.128857
vt 0.567432 0.128796
vt 0.854819 0.127594
vt 0.782950 0.128401
vt 0.423361 0.128386
vt 0.351281 0.128096
vt 0.718391 0.009261
vt 0.723738 0.034218
vt 0.649482 0.034218
vt 0.645918 0.009261
vt 0.135371 0.126681
vt 0.927383 0.009261
vt 0.937896 0.034218
vt 0.868323 0.034218
vt 0.859502 0.009261
vt 0.095101 0.646247
vt 0.190564 0.619768
vt 0.201742 0.034218
vt 0.208992 0.009261
vt 0.386626 0.619175
vt 0.423694 0.034218
vt 0.425597 0.009261
vt 0.495412 0.128629
vt 0.711201 0.128766
vt 0.062686 0.125281
vt 0.796786 0.034218
vt 0.789687 0.009261
vt 0.003806 0.687594
vt 0.927504 0.126133
vt 0.288535 0.610501
vt 1.190542 0.619768
vt 1.288482 0.610501
vt 1.095048 0.646247
vt 1.386604 0.619175
vt 1.482490 0.645197
vt 1.003784 0.687594
vt 1.574419 0.686285
vt 0.641175 0.568849
vt 0.568550 0.568804
vt 0.423422 0.568454
vt 0.350918 0.568195
vt 0.495986 0.568667
vt 0.205971 0.567495
vt 0.133528 0.567084
vt 0.858746 0.567967
vt 0.786273 0.568408
vt 0.061054 0.566658
vt 0.713829 0.568789
vt 0.278445 0.567860
vt 0.931190 0.567510
vt 0.924211 0.861914
vt 0.849109 0.884877
vt 0.772588 0.867210
vt 0.977773 0.804482
vt 0.715159 0.813643
vt 0.995446 0.727967
vt 0.692199 0.738543
vt 0.972487 0.652867
vt 0.709872 0.662028
vt 0.915058 0.599300
vt 0.763434 0.604596
vt 0.838536 0.581632
vt 0.505230 0.826989
vt 0.545621 0.783740
vt 0.602204 0.766468
vt 0.491908 0.884619
vt 0.659814 0.779814
vt 0.509157 0.941214
vt 0.703075 0.820171
vt 0.552418 0.981571
vt 0.720355 0.876766
vt 0.610058 0.994917
vt 0.707002 0.934396
vt 0.666642 0.977645
s 1
usemtl P3D:_bc_czscorpion_co.paa_::_bc_czscorpion.rvmat
f 871/822/446 872/823/447 875/824/448 874/825/446
f 871/822/446 873/826/449 872/823/447
f 874/825/446 875/824/448 879/827/450
f 872/828/451 1111/829/451 876/830/451 875/831/451
f 875/831/451 876/830/451 878/832/451
f 877/833/452 879/827/450 875/824/448 878/834/452
f 880/835/453 874/836/454 879/837/455
f 880/835/453 879/837/455 877/838/456 881/839/457
f 880/835/453 881/839/457 882/840/458 883/841/459
f 883/842/446 884/843/446 880/844/446
f 885/845/446 887/846/446 884/843/446
f 886/847/446 885/845/446 884/843/446 883/842/446
f 887/846/446 889/848/446 888/849/446 884/843/446
f 889/850/460 892/851/461 890/852/461 888/853/460
f 891/854/462 890/852/461 892/851/461 893/855/462
f 893/856/463 892/857/463 894/858/463
f 892/859/464 889/860/464 887/861/464 894/862/464
f 893/856/463 894/858/463 896/863/463 907/864/463
f 894/862/464 887/861/464 885/865/464 895/866/464
f 896/863/463 894/858/463 895/867/463
f 896/863/463 897/868/463 906/869/463
f 896/863/463 898/870/463 897/868/463
f 899/871/463 898/870/463 896/863/463 900/872/463
f 900/873/465 896/874/465 904/875/465 1138/876/465
f 909/877/463 896/863/463 901/878/463 910/879/463
f 896/863/463 895/867/463 901/878/463
f 896/874/465 902/880/465 904/875/465
f 896/874/465 909/881/465 903/882/465 902/880/465
f 896/863/463 905/883/463 908/884/463 907/864/463
f 905/883/463 896/863/463 906/869/463 1278/885/463
f 912/886/463 909/877/463 910/879/463 915/887/463
f 909/881/465 912/888/465 911/889/465 903/882/465
f 913/890/463 914/891/466 912/886/463 915/887/463
f 911/889/465 912/888/465 914/892/465 1769/893/465
f 916/894/446 918/895/467 913/896/468 915/897/446
f 916/894/446 915/897/446 910/898/469 917/899/469
f 917/900/451 919/901/451 916/902/451
f 918/903/451 916/902/451 919/901/451 921/904/470
f 922/905/451 919/901/451 917/900/451 925/906/451
f 920/907/471 919/908/471 922/909/472 927/910/472
f 920/907/471 936/911/471 921/912/471 919/908/471
f 922/905/451 923/913/451 926/914/451
f 922/905/451 924/915/451 923/913/451
f 924/915/451 922/905/451 925/906/451 1094/916/451
f 927/910/472 922/909/472 926/917/473 928/918/473
f 929/919/474 927/920/475 928/921/476 1857/922/477
f 930/923/451 920/924/451 927/920/475 929/919/474
f 936/925/451 920/924/451 930/923/451 931/926/451
f 930/927/478 932/928/478 931/929/478
f 932/928/478 930/927/478 933/930/478 1797/931/478
f 934/932/479 933/930/478 930/927/478
f 934/932/479 930/927/478 937/933/480
f 935/934/478 937/933/480 930/927/478 929/935/478
f 934/936/481 937/937/482 938/938/482 939/939/483
f 938/940/482 937/941/482 935/942/484 940/943/485
f 940/943/485 935/942/484 942/944/486 941/945/487
f 941/945/487 942/944/486 943/946/488 944/947/489
f 942/948/490 929/935/478 943/949/478
f 935/934/478 929/935/478 942/948/490
f 944/947/489 943/946/488 946/950/491 947/951/491
f 943/949/478 929/935/478 945/952/478 946/953/478
f 947/951/492 946/950/493 949/954/494 1794/955/495
f 950/956/451 948/957/451 946/958/451 945/959/451
f 948/957/451 949/960/451 946/958/451
f 951/961/496 990/962/496 953/963/496 950/964/496
f 950/956/451 952/965/451 951/966/451
f 950/956/451 956/967/451 952/965/451
f 950/964/496 953/963/496 954/968/496
f 950/964/496 954/968/496 955/969/497
f 950/964/496 955/969/497 964/970/496
f 950/956/451 945/959/451 957/971/451 956/967/451
f 958/972/496 960/973/496 950/964/496
f 958/972/496 950/964/496 959/974/496
f 959/974/496 950/964/496 963/975/496
f 950/964/496 960/973/496 962/976/496
f 948/977/496 950/964/496 961/978/496 1811/979/496
f 950/964/496 962/976/496 961/978/496
f 950/964/496 964/970/496 963/975/496
f 965/980/498 963/981/498 964/982/498 966/983/498
f 967/984/499 971/985/499 966/986/499 964/987/499
f 967/988/500 964/989/500 955/990/500 969/991/500
f 968/992/500 970/993/500 967/988/500
f 968/992/500 967/988/500 969/991/500
f 970/994/463 972/995/463 971/996/463 967/997/463
f 972/998/500 965/999/500 966/1000/500 971/1001/500
f 965/1002/501 972/1003/501 970/1004/501 963/1005/501
f 968/992/500 973/1006/500 970/993/500
f 970/993/500 973/1006/500 959/1007/500 963/1008/500
f 968/992/500 974/1009/500 973/1006/500
f 974/1010/463 977/1011/463 975/1012/463 973/1013/463
f 973/1014/499 975/1015/499 976/1016/499 959/1017/499
f 977/1018/500 978/1019/500 976/1020/500 975/1021/500
f 978/1022/498 958/1023/498 959/1024/498 976/1025/498
f 978/1026/501 977/1027/501 974/1028/501 958/1029/501
f 968/992/500 1819/1030/500 960/1031/500 974/1009/500
f 974/1009/500 960/1031/500 958/1032/500
f 968/992/500 969/991/500 979/1033/500
f 969/1034/463 982/1035/463 980/1036/463 979/1037/463
f 981/1038/501 982/1039/501 969/1040/501 955/1041/501
f 982/1042/500 981/1043/500 983/1044/500 980/1045/500
f 979/1046/499 980/1047/499 983/1048/499 954/1049/499
f 981/1050/498 955/1051/498 954/1052/498 983/1053/498
f 968/992/500 979/1033/500 984/1054/500
f 984/1054/500 979/1033/500 954/1055/500 953/1056/500
f 968/992/500 984/1054/500 985/1057/500
f 984/1058/463 988/1059/463 986/1060/463 985/1061/463
f 987/1062/501 988/1063/501 984/1064/501 953/1065/501
f 988/1066/500 987/1067/500 989/1068/500 986/1069/500
f 985/1070/499 986/1071/499 989/1072/499 990/1073/499
f 987/1074/498 953/1075/498 990/1076/498 989/1077/498
f 985/1057/500 990/1078/500 991/1079/500 994/1080/500
f 951/961/496 991/1081/496 990/962/496
f 993/1082/498 991/1083/498 992/1084/498 998/1085/498
f 991/1081/496 951/961/496 992/1086/496
f 993/1087/501 997/1088/501 994/1089/501 991/1090/501
f 968/992/500 994/1080/500 995/1091/500
f 985/1057/500 994/1080/500 968/992/500
f 994/1092/463 997/1093/463 996/1094/463 995/1095/463
f 997/1096/500 993/1097/500 998/1098/500 996/1099/500
f 995/1100/499 996/1101/499 998/1102/499 992/1103/499
f 999/1104/500 968/992/500 995/1091/500 1000/1105/500
f 1000/1105/500 995/1091/500 992/1106/500 1003/1107/500
f 999/1104/500 1000/1105/500 1001/1108/500
f 1000/1109/463 1005/1110/463 1002/1111/463 1001/1112/463
f 1004/1113/501 1005/1114/501 1000/1115/501 1003/1116/501
f 1005/1117/500 1004/1118/500 1006/1119/500 1002/1120/500
f 1001/1121/499 1002/1122/499 1006/1123/499 1007/1124/499
f 1004/1125/498 1003/1126/498 1007/1127/498 1006/1128/498
f 1001/1108/500 1007/1129/500 1008/1130/500 1011/1131/500
f 951/961/496 1008/1132/496 1007/1133/496
f 951/961/496 1007/1133/496 1003/1134/496
f 1010/1135/498 1008/1136/498 1009/1137/498 1015/1138/498
f 1008/1132/496 951/961/496 1009/1139/496
f 1010/1140/501 1014/1141/501 1011/1142/501 1008/1143/501
f 1001/1108/500 1011/1131/500 999/1104/500
f 999/1104/500 1011/1131/500 1012/1144/500
f 1011/1145/463 1014/1146/463 1013/1147/463 1012/1148/463
f 1014/1149/500 1010/1150/500 1015/1151/500 1013/1152/500
f 1012/1153/499 1013/1154/499 1015/1155/499 1009/1156/499
f 999/1104/500 1012/1144/500 1016/1157/500
f 1016/1157/500 1012/1144/500 1009/1158/500 1019/1159/500
f 999/1104/500 1016/1157/500 1017/1160/500
f 1016/1161/463 1021/1162/463 1018/1163/463 1017/1164/463
f 1020/1165/501 1021/1166/501 1016/1167/501 1019/1168/501
f 1021/1169/500 1020/1170/500 1022/1171/500 1018/1172/500
f 1017/1173/499 1018/1174/499 1022/1175/499 1023/1176/499
f 1020/1177/498 1019/1178/498 1023/1179/498 1022/1180/498
f 1017/1160/500 1023/1181/500 1024/1182/500 1028/1183/500
f 951/961/496 1024/1184/496 1023/1185/496
f 951/961/496 1023/1185/496 1019/1186/496
f 1027/1187/498 1024/1188/498 1025/1189/498 1032/1190/498
f 1024/1184/496 951/961/496 1026/1191/496 1025/1192/496
f 1027/1193/501 1031/1194/501 1028/1195/501 1024/1196/501
f 1017/1160/500 1028/1183/500 999/1104/500
f 999/1104/500 1028/1183/500 1029/1197/500
f 1028/1198/463 1031/1199/463 1030/1200/463 1029/1201/463
f 1031/1202/500 1027/1203/500 1032/1204/500 1030/1205/500
f 1029/1206/499 1030/1207/499 1032/1208/499 1025/1209/499
f 1033/1210/500 999/1104/500 1029/1197/500 1025/1211/500
f 999/1212/499 1033/1213/499 1026/1214/499
f 1025/1192/496 1026/1191/496 1033/1215/496
f 1037/1216/499 1036/1217/499 1026/1214/499 1034/1218/499
f 1035/1219/451 1034/1220/451 1026/1221/451 1038/1222/451
f 1036/1217/499 1392/1223/499 999/1212/499 1026/1214/499
f 1038/1222/451 1026/1221/451 1039/1224/451
f 1039/1224/451 1026/1221/451 951/966/451
f 1040/1225/502 1038/1226/503 1039/1227/504 1041/1228/504
f 1041/1228/504 1039/1227/504 1042/1229/505 1043/1230/506
f 1039/1224/451 951/966/451 1042/1231/451
f 1042/1229/505 1045/1232/507 1044/1233/508 1043/1230/506
f 951/966/451 1047/1234/451 1045/1235/451 1042/1231/451
f 1045/1232/507 1048/1236/509 1046/1237/510 1044/1233/508
f 1047/1238/478 1048/1239/478 1045/1240/478
f 1048/1236/509 1050/1241/511 1049/1242/512 1046/1237/510
f 1047/1238/478 1050/1243/478 1048/1239/478
f 1050/1241/511 1052/1244/481 1051/1245/483 1049/1242/512
f 1053/1246/478 1052/1247/478 1050/1243/478 1047/1238/478
f 1054/1248/513 1052/1247/478 1053/1246/478 1055/1249/478
f 1055/1250/514 1053/1251/451 1056/1252/474
f 1053/1251/451 1065/1253/451 1064/1254/515 1056/1252/474
f 1053/1246/478 1057/1255/490 1059/1256/516
f 1053/1246/478 1058/1257/478 1057/1255/490
f 1047/1238/478 1868/1258/478 1058/1257/478 1053/1246/478
f 1053/1246/478 1059/1256/516 1063/1259/478
f 1053/1251/451 1061/1260/451 1060/1261/451 1065/1253/451
f 1062/1262/451 1061/1260/451 1053/1251/451 929/919/474
f 1053/1246/478 1063/1259/478 929/935/478
f 1064/1263/517 1065/1264/518 1067/1265/519 1068/1266/520
f 1066/1267/521 1067/1265/519 1065/1264/518 1060/1268/521
f 1067/1269/463 1070/1270/463 1069/1271/463 1068/1272/463
f 1070/1270/463 1067/1269/463 1066/1273/463 1072/1274/463
f 1070/1275/446 1074/1276/446 1073/1277/446 1071/1278/446
f 1071/1278/446 1069/1279/446 1070/1275/446
f 1074/1280/463 1070/1270/463 1072/1274/463 1075/1281/463
f 1074/1280/463 1075/1281/463 1076/1282/463
f 1074/1280/463 1076/1282/463 1077/1283/463
f 1074/1280/463 1077/1283/463 1078/1284/463
f 1074/1280/463 1078/1284/463 1079/1285/463
f 1079/1285/463 1080/1286/463 1074/1280/463
f 1080/1286/463 1083/1287/463 1081/1288/463 1074/1280/463
f 1074/1289/522 1081/1290/523 1073/1291/524
f 1082/1292/525 1085/1293/526 1081/1288/527
f 1082/1292/525 1081/1288/527 1083/1287/528
f 1081/1290/523 1084/1294/529 1073/1291/524
f 1081/1290/523 1085/1295/530 1084/1294/529
f 1087/1296/463 1085/1293/463 1086/1297/463 1088/1298/463
f 1086/1297/463 1085/1293/463 1082/1292/463
f 1085/1295/530 1087/1299/499 1084/1294/529
f 1087/1296/463 1088/1298/463 1093/1300/463
f 1089/1301/531 1124/1302/531 1084/1303/531 1087/1304/531
f 1090/1305/463 1089/1306/463 1087/1296/463 1092/1307/463
f 1087/1296/463 1093/1300/463 1091/1308/463
f 1092/1307/463 1087/1296/463 1091/1308/463
f 1093/1309/532 1094/1310/532 1095/1311/533 1091/1312/533
f 1093/1309/532 1088/1313/534 924/1314/534 1094/1310/532
f 1091/1312/533 1095/1311/533 1097/1315/535 1092/1316/536
f 925/906/451 1096/1317/451 1095/1318/451 1094/916/451
f 1096/1317/451 1097/1319/451 1095/1318/451
f 876/1320/537 1090/1321/537 1092/1316/536 1097/1315/535
f 1100/1322/451 1097/1319/451 1098/1323/451
f 1097/1319/451 1096/1317/451 1099/1324/451 1098/1323/451
f 876/830/451 1097/1319/451 1100/1322/451 878/832/451
f 882/1325/538 881/1326/539 1100/1327/539 1098/1328/540
f 881/1326/539 877/833/452 878/834/452 1100/1327/539
f 882/1325/538 1098/1328/540 1099/1329/499 883/1330/499
f 1096/1331/541 1101/1332/541 886/1333/541 1099/1334/541
f 1099/1334/541 886/1333/541 883/1335/541
f 925/1336/541 1105/1337/541 1101/1332/541 1096/1331/541
f 1101/1338/446 1105/1339/446 1104/1340/446 1102/1341/446
f 1102/1342/499 1108/1343/499 1103/1344/499 1101/1345/499
f 1103/1346/463 1109/1347/463 886/1348/463 1101/1349/463
f 925/1336/541 917/1350/541 1106/1351/541 1105/1337/541
f 1105/1339/446 1106/1352/446 1107/1353/446 1104/1340/446
f 901/1354/464 1104/1355/464 1107/1356/464 910/1357/464
f 917/899/469 910/898/469 1107/1358/542 1106/1359/542
f 1104/1355/464 901/1354/464 1102/1360/464
f 886/1348/501 1109/1347/501 1110/1361/501 885/1362/501
f 885/1362/451 1110/1361/451 1108/1343/451 1102/1342/451
f 1102/1360/464 901/1354/464 895/866/464 885/865/464
f 1111/1363/543 1112/1364/543 1090/1321/537 876/1320/537
f 1089/1306/463 1090/1305/463 1112/1365/463
f 1113/1366/544 1114/1367/544 1112/1364/543 1111/1363/543
f 1089/1306/463 1112/1365/463 1114/1368/463
f 1115/1369/545 1116/1370/545 1114/1367/544 1113/1366/544
f 1089/1306/463 1114/1368/463 1116/1371/463
f 1115/1369/545 1119/1372/546 1117/1373/546 1116/1370/545
f 1089/1306/463 1116/1371/463 1117/1374/463
f 1118/1375/547 1120/1376/548 1117/1373/546 1119/1372/546
f 1117/1374/463 1120/1377/463 1089/1306/463
f 1121/1378/501 1120/1376/548 1118/1375/547 1127/1379/501
f 1120/1377/463 1121/1380/463 1122/1381/463 1089/1306/463
f 1121/1380/549 1123/1382/550 1122/1381/551
f 1122/1383/501 1123/1384/501 1124/1385/501 1089/1386/501
f 1123/1384/501 1069/1387/501 1071/1388/501 1124/1385/501
f 1084/1389/451 1124/1390/451 1071/1391/451 1073/1392/451
f 1121/1380/549 1126/1393/552 1123/1382/550
f 1069/1271/463 1123/1382/463 1125/1394/463 1132/1395/463
f 1125/1394/463 1123/1382/463 1126/1393/463
f 1127/1379/501 1126/1396/501 1121/1378/501
f 1126/1396/501 1127/1379/501 1128/1397/553 1125/1398/554
f 1129/1399/472 1131/1400/555 1128/1401/556
f 1128/1401/556 1127/1402/471 1130/1403/471 1129/1399/472
f 1125/1398/554 1128/1397/553 1131/1404/557 1132/1405/558
f 1132/1405/558 1131/1404/557 1133/1406/559
f 1129/1399/472 1133/1407/560 1131/1400/555
f 1068/1266/520 1132/1405/558 1133/1406/559
f 1064/1263/517 1068/1266/520 1133/1406/559
f 1056/1252/474 1064/1254/515 1133/1408/561
f 1129/1409/562 1055/1250/514 1056/1252/474 1133/1408/561
f 1068/1272/463 1069/1271/463 1132/1395/463
f 1138/1410/499 1129/1411/499 1130/1412/499 900/1413/499
f 1130/1414/451 1134/1415/451 1140/1416/451
f 1130/1414/451 1135/1417/451 1134/1415/451
f 1130/1414/451 1136/1418/451 1135/1417/451
f 1130/1414/451 1137/1419/451 1136/1418/451
f 1127/1420/451 1161/1421/451 1137/1419/451 1130/1414/451
f 1139/1422/499 900/1413/499 1130/1412/499 1140/1423/499
f 1140/1416/451 1142/1424/451 1141/1425/451 1143/1426/451
f 1140/1416/451 1134/1415/451 1142/1424/451
f 1139/1427/563 1140/1428/564 1143/1429/565
f 1144/1430/451 1145/1431/451 1143/1426/451 1141/1425/451
f 1145/1432/566 1139/1427/563 1143/1429/565
f 1147/1433/451 1146/1434/451 1145/1431/451 1144/1430/451
f 1146/1435/567 1139/1427/563 1145/1432/566
f 1118/1436/451 1146/1434/451 1147/1433/451 1148/1437/451
f 1148/1438/568 1147/1439/569 1149/1440/569 1150/1441/568
f 1149/1440/569 1147/1439/569 1144/1442/570 1151/1443/570
f 1151/1444/570 1144/1445/570 1141/1446/571 1152/1447/571
f 1152/1447/571 1141/1446/571 1142/1448/572 1153/1449/573
f 1142/1448/572 1134/1450/574 1154/1451/574 1153/1449/573
f 1134/1450/574 1135/1452/575 1155/1453/576 1154/1451/574
f 1135/1452/575 1136/1454/577 1156/1455/577 1155/1453/576
f 1136/1454/577 1137/1456/578 1157/1457/578 1156/1455/577
f 1137/1456/578 1161/1458/579 1158/1459/579 1157/1457/578
f 1158/1459/579 1161/1458/579 1160/1460/580 1159/1461/580
f 1127/1420/451 1160/1462/451 1161/1421/451
f 1160/1460/580 1163/1463/581 1162/1464/581 1159/1461/580
f 1127/1420/451 1163/1465/451 1160/1462/451
f 1162/1464/581 1163/1463/581 1148/1438/568 1150/1441/568
f 1118/1436/451 1148/1437/451 1163/1465/451 1127/1420/451
f 872/828/451 1146/1434/451 1118/1436/451 1119/1466/451
f 1139/1427/563 1146/1435/567 1164/1467/582 1165/1468/583
f 1164/1469/451 1146/1434/451 872/828/451 1167/1470/451
f 1165/1468/583 1164/1467/582 1166/1471/584
f 1169/1472/451 1173/1473/451 1166/1474/451 1164/1469/451
f 1167/1470/451 1168/1475/451 1164/1469/451
f 1168/1475/451 1172/1476/451 1169/1472/451 1164/1469/451
f 1170/1477/585 1173/1478/585 1169/1479/586 1171/1480/586
f 1171/1480/586 1169/1479/586 1172/1481/587 1205/1482/588
f 1174/1483/589 1176/1484/590 1173/1478/585 1170/1477/585
f 1175/1485/451 1166/1474/451 1173/1473/451 1176/1486/451
f 1177/1487/451 1175/1485/451 1176/1486/451 1178/1488/451
f 1178/1489/591 1176/1484/590 1174/1483/589 1180/1490/592
f 1179/1491/593 1182/1492/594 1178/1489/591
f 1180/1490/592 1188/1493/595 1179/1491/593 1178/1489/591
f 1181/1494/451 1177/1487/451 1178/1488/451 1182/1495/451
f 1181/1496/541 1182/1497/541 1179/1498/541
f 1177/1499/499 1181/1500/499 1183/1501/499
f 1181/1500/499 1185/1502/499 1184/1503/499 1183/1501/499
f 1181/1496/541 1179/1498/541 1186/1504/596 1185/1505/541
f 1189/1506/597 1186/1507/598 1187/1508/599 1190/1509/600
f 1186/1507/598 1179/1491/593 1188/1493/595 1187/1508/599
f 1185/1505/541 1186/1504/596 1189/1510/601
f 1191/1511/602 1189/1506/597 1190/1509/600
f 1185/1505/541 1189/1510/601 1191/1512/603
f 1192/1513/541 1185/1505/541 1191/1512/603 1193/1514/541
f 1192/1513/541 1193/1514/541 1194/1515/604
f 1192/1513/541 1194/1515/605 1196/1516/606
f 1195/1517/607 1196/1518/608 1194/1519/609
f 1197/1520/610 1199/1521/611 1196/1518/608 1195/1517/607
f 1196/1516/606 1199/1522/541 1198/1523/612 1192/1513/541
f 1200/1524/613 1202/1525/614 1199/1521/611 1197/1520/610
f 1201/1526/606 1198/1523/612 1199/1522/541 1202/1527/606
f 1205/1482/588 1172/1481/587 1202/1525/614 1200/1524/613
f 1172/1481/587 1203/1528/615 1202/1525/614
f 1202/1527/606 1203/1529/606 1204/1530/606 1201/1526/606
f 1204/1531/501 1206/1532/616 1201/1533/617
f 1206/1534/451 1204/1535/451 1203/1536/451
f 1207/1537/618 1208/1538/619 1206/1532/616 1168/1539/618
f 1206/1534/451 1203/1536/451 1172/1476/451 1168/1475/451
f 1208/1538/619 1198/1540/620 1201/1533/617 1206/1532/616
f 1207/1537/618 1168/1539/618 1167/1541/621 1209/1542/621
f 1209/1542/621 1167/1541/621 872/823/447 873/826/449
f 1192/1543/446 1198/1544/446 1210/1545/446
f 1210/1545/446 1212/1546/446 1211/1547/446 1192/1543/446
f 1212/1548/501 1210/1549/501 1213/1550/501 1214/1551/501
f 1215/1552/622 1216/1553/622 1214/1551/501 1213/1550/501
f 1216/1553/622 1215/1552/622 1217/1554/623 1218/1555/623
f 1217/1554/623 1220/1556/624 1219/1557/624 1218/1555/623
f 1220/1556/624 1221/1558/446 908/1559/446 1219/1557/624
f 908/1559/446 1221/1558/446 1222/1560/452 907/1561/452
f 1222/1560/452 891/854/462 893/855/462 907/1561/452
f 1224/1562/463 1219/1563/463 1223/1564/463
f 905/883/463 1223/1564/463 1219/1563/463 908/884/463
f 1224/1562/463 1226/1565/463 1218/1566/463 1219/1563/463
f 1225/1567/625 1224/1568/625 1228/1569/626 1229/1570/626
f 1225/1567/625 1245/1571/627 1226/1572/628 1224/1568/625
f 1227/1573/463 1228/1574/463 1224/1562/463 1223/1564/463
f 1229/1570/626 1228/1569/626 1231/1575/629 1232/1576/630
f 1230/1577/463 1231/1578/463 1228/1574/463 1227/1573/463
f 1232/1576/630 1231/1575/629 1234/1579/631 1237/1580/632
f 1233/1581/463 1234/1582/463 1231/1578/463 1230/1577/463
f 1235/1583/633 1239/1584/634 1237/1580/632 1234/1579/631
f 1234/1579/631 1236/1585/635 1235/1583/633
f 1183/1586/463 1236/1587/463 1234/1582/463 1233/1581/463
f 1232/1588/463 1237/1589/463 1238/1590/463
f 1239/1591/463 1240/1592/463 1238/1590/463 1237/1589/463
f 1239/1584/634 1235/1583/633 1241/1593/636 1240/1594/637
f 1240/1594/637 1241/1593/636 1242/1595/638 1243/1596/639
f 1184/1597/464 1242/1598/640 1241/1599/641
f 1183/1600/464 1184/1597/464 1241/1599/641 1235/1601/464
f 1244/1602/642 1243/1596/639 1242/1595/638
f 1184/1597/464 1244/1603/643 1242/1598/640
f 1211/1604/464 1238/1605/464 1244/1603/643 1184/1597/464
f 1240/1592/463 1243/1606/463 1244/1607/463 1238/1590/463
f 1248/1608/463 1245/1609/463 1238/1590/463 1246/1610/463
f 1245/1609/463 1225/1611/463 1238/1590/463
f 1229/1612/463 1232/1588/463 1238/1590/463 1225/1611/463
f 1211/1604/464 1247/1613/644 1238/1605/464
f 1247/1614/463 1252/1615/463 1246/1610/463 1238/1590/463
f 1245/1571/627 1248/1616/645 1249/1617/646
f 1248/1616/645 1246/1618/647 1250/1619/648 1249/1617/646
f 1249/1620/464 1250/1621/649 1214/1622/649
f 1246/1618/647 1252/1623/650 1251/1624/651 1250/1619/648
f 1250/1621/649 1251/1625/464 1212/1626/464 1214/1622/649
f 1252/1623/650 1247/1627/652 1251/1624/651
f 1251/1625/464 1247/1613/644 1211/1604/464 1212/1626/464
f 1249/1617/646 1253/1628/653 1226/1572/628 1245/1571/627
f 1249/1620/464 1214/1622/649 1216/1629/464 1253/1630/464
f 1226/1565/463 1253/1631/463 1216/1632/463 1218/1566/463
f 1183/1600/464 1235/1601/464 1236/1633/464
f 1177/1499/499 1183/1501/499 1233/1634/499 1165/1635/499
f 1165/1635/499 1233/1634/499 1254/1636/499
f 1233/1637/654 1230/1638/655 1254/1639/656
f 1254/1639/656 1227/1640/657 1223/1641/658
f 1223/1641/658 1257/1642/659 1255/1643/660 1254/1639/656
f 1139/1422/499 1165/1635/499 1254/1636/499 1255/1644/499
f 1230/1638/655 1227/1640/657 1254/1639/656
f 1259/1645/661 1255/1643/660 1256/1646/662
f 1255/1643/660 1257/1642/659 1256/1646/662
f 900/1413/499 1139/1422/499 1255/1644/499 1258/1647/499
f 1258/1648/663 1255/1643/660 1259/1645/661
f 1258/1649/463 1259/1650/463 1260/1651/463 1266/1652/463
f 1259/1650/463 1256/1653/463 1261/1654/463 1260/1651/463
f 1262/1655/664 1264/1656/665 1261/1657/665 1263/1658/664
f 1256/1653/463 1257/1659/463 1263/1660/463 1261/1654/463
f 1264/1656/665 1265/1661/666 1260/1662/666 1261/1657/665
f 1265/1661/666 1267/1663/667 1266/1664/668 1260/1662/666
f 1268/1665/669 1270/1666/669 1266/1664/668 1267/1663/667
f 1269/1667/670 1271/1668/670 1270/1666/669 1268/1665/669
f 1258/1649/463 1266/1652/463 1270/1669/463
f 1258/1649/463 1270/1669/463 900/872/463
f 900/872/463 1270/1669/463 1271/1670/463
f 1272/1671/671 1273/1672/671 1271/1668/670 1269/1667/670
f 900/872/463 1271/1670/463 1273/1673/463
f 1274/1674/672 899/1675/672 1273/1672/671 1272/1671/671
f 900/872/463 1273/1673/463 899/871/463
f 1274/1674/672 1275/1676/673 898/1677/673 899/1675/672
f 1275/1676/673 1276/1678/674 897/1679/674 898/1677/673
f 1277/1680/675 906/1681/675 897/1679/674 1276/1678/674
f 1277/1680/675 1279/1682/676 1278/1683/676 906/1681/675
f 1262/1684/664 1263/1685/664 1278/1683/676 1279/1682/676
f 905/883/463 1278/885/463 1263/1660/463
f 905/883/463 1263/1660/463 1257/1659/463 1223/1564/463
f 1185/1686/446 1192/1543/446 1211/1547/446 1184/1687/446
f 1177/1688/677 1165/1468/583 1175/1689/678
f 1165/1468/583 1166/1471/584 1175/1689/678
f 1055/1690/499 1129/1411/499 1138/1410/499 1280/1691/499
f 1138/1692/463 1281/1693/463 1280/1694/463
f 904/1695/463 1282/1696/463 1281/1693/463 1138/1692/463
f 1285/1697/679 1280/1698/680 1281/1699/680 1286/1700/681
f 1281/1699/680 1282/1701/680 1284/1702/680 1283/1703/680
f 1287/1704/681 1281/1699/680 1283/1703/680 1290/1705/680
f 1286/1700/681 1281/1699/680 1287/1704/681
f 1288/1706/682 1286/1707/683 1287/1708/684 1289/1709/685
f 1289/1709/685 1287/1708/684 1290/1710/686 1291/1711/687
f 1291/1711/687 1290/1710/686 1292/1712/688 1293/1713/689
f 1290/1705/680 1283/1703/680 1292/1714/680
f 1293/1713/689 1292/1712/688 1295/1715/690 1296/1716/691
f 1295/1717/463 1292/1718/463 1294/1719/463
f 1294/1719/463 1292/1718/463 1283/1720/463 1314/1721/463
f 1296/1716/691 1295/1715/690 1297/1722/692 1298/1723/692
f 1295/1717/463 1294/1719/463 1297/1724/463
f 1299/1725/693 1298/1723/692 1297/1722/692 1300/1726/694
f 1036/1727/463 1300/1728/463 1297/1724/463
f 1297/1724/463 1294/1719/463 1036/1727/463
f 1301/1729/695 1299/1725/693 1300/1726/694 1302/1730/696
f 1036/1727/463 1037/1731/463 1302/1732/463 1300/1728/463
f 1303/1733/697 1301/1729/698 1302/1730/698 1304/1734/699
f 1037/1735/680 1304/1736/680 1302/1737/680
f 1305/1738/700 1303/1733/697 1304/1734/699 1306/1739/701
f 1037/1735/680 1306/1740/680 1304/1736/680
f 1307/1741/702 1305/1738/700 1306/1739/701 1308/1742/703
f 1280/1698/680 1308/1743/704 1306/1740/680 1037/1735/680
f 1309/1744/705 1307/1741/702 1308/1742/703 1285/1745/705
f 1280/1698/680 1285/1697/679 1308/1743/704
f 1288/1746/463 1289/1747/463 1291/1748/463 1309/1749/463
f 1309/1750/705 1285/1751/705 1286/1707/683 1288/1706/682
f 1305/1752/463 1307/1753/463 1309/1749/463 1291/1748/463
f 1303/1754/463 1305/1752/463 1291/1748/463 1301/1755/463
f 1298/1756/463 1299/1757/463 1301/1755/463 1291/1748/463
f 1291/1748/463 1293/1758/463 1296/1759/463 1298/1756/463
f 1036/1760/706 1294/1761/706 1310/1762/706 1392/1763/706
f 1294/1761/706 1311/1764/706 1310/1762/706
f 1294/1761/706 1312/1765/706 1311/1764/706
f 1294/1761/706 1313/1766/706 1312/1765/706
f 1313/1766/706 1294/1761/706 1314/1767/706 1315/1768/706
f 1315/1768/706 1314/1767/706 1316/1769/706
f 1316/1769/706 1314/1767/706 1317/1770/706
f 1317/1770/706 1314/1767/706 1318/1771/706
f 1319/1772/706 1320/1773/706 1318/1771/706 1314/1767/706
f 1283/1720/463 1284/1774/463 1319/1775/463 1314/1721/463
f 1319/1772/706 1321/1776/706 1320/1773/706
f 1319/1772/706 1322/1777/706 1321/1776/706
f 1325/1778/706 1326/1779/706 1322/1777/706 1319/1772/706
f 1325/1780/463 1319/1775/463 1323/1781/463 1327/1782/463
f 1319/1775/463 1284/1774/463 1324/1783/463 1323/1781/463
f 1328/1784/706 1329/1785/706 1326/1779/706 1325/1778/706
f 1325/1780/463 1327/1782/463 1328/1786/463
f 1329/1785/706 1328/1784/706 1332/1787/706 1333/1788/706
f 1332/1789/463 1328/1786/463 1330/1790/463 1340/1791/463
f 1328/1786/463 1331/1792/463 1330/1790/463
f 1328/1786/463 1327/1782/463 1331/1792/463
f 1333/1788/706 1332/1787/706 1334/1793/706
f 1334/1793/706 1332/1787/706 1343/1794/706
f 1335/1795/706 1472/1796/706 1338/1797/706 1332/1787/706
f 1335/1798/463 1332/1789/463 1336/1799/463 1406/1800/463
f 1332/1789/463 1340/1791/463 1336/1799/463
f 1332/1787/706 1337/1801/706 1339/1802/706
f 1332/1787/706 1338/1797/706 1337/1801/706
f 1332/1787/706 1339/1802/706 1341/1803/706
f 1332/1787/706 1341/1803/706 1342/1804/706
f 1343/1794/706 1332/1787/706 1342/1804/706
f 1344/1805/500 1343/1806/500 1342/1807/500 1393/1808/500
f 1345/1809/501 1343/1810/501 1344/1811/501 1347/1812/501
f 1334/1813/707 1343/1814/707 1345/1815/707 1348/1816/707
f 1346/1817/500 1348/1818/500 1345/1819/500 1347/1820/500
f 1348/1821/499 1346/1822/499 1349/1823/499 1334/1824/499
f 1346/1825/451 1347/1826/451 1344/1827/451 1349/1828/451
f 968/992/500 1349/1829/500 1344/1805/500
f 1334/1830/500 1349/1829/500 1350/1831/500 1333/1832/500
f 968/992/500 1350/1831/500 1349/1829/500
f 1351/1833/451 1354/1834/451 1350/1835/451 1352/1836/451
f 968/992/500 1352/1837/500 1350/1831/500
f 1353/1838/501 1333/1839/501 1350/1840/501 1354/1841/501
f 1351/1842/500 1355/1843/500 1353/1844/500 1354/1845/500
f 1329/1846/707 1333/1847/707 1353/1848/707 1355/1849/707
f 1355/1850/499 1351/1851/499 1352/1852/499 1329/1853/499
f 1329/1854/500 1352/1837/500 1356/1855/500 1326/1856/500
f 968/992/500 1356/1855/500 1352/1837/500
f 1357/1857/451 1360/1858/451 1356/1859/451 1358/1860/451
f 968/992/500 1358/1861/500 1356/1855/500
f 1359/1862/501 1326/1863/501 1356/1864/501 1360/1865/501
f 1357/1866/500 1361/1867/500 1359/1868/500 1360/1869/500
f 1322/1870/707 1326/1871/707 1359/1872/707 1361/1873/707
f 1361/1874/499 1357/1875/499 1358/1876/499 1322/1877/499
f 1322/1878/500 1358/1861/500 1362/1879/500 1321/1880/500
f 968/992/500 1362/1879/500 1358/1861/500
f 1363/1881/451 1366/1882/451 1362/1883/451 1364/1884/451
f 968/992/500 1364/1885/500 1362/1879/500
f 1365/1886/501 1321/1887/501 1362/1888/501 1366/1889/501
f 1363/1890/500 1367/1891/500 1365/1892/500 1366/1893/500
f 1320/1894/707 1321/1895/707 1365/1896/707 1367/1897/707
f 1367/1898/499 1363/1899/499 1364/1900/499 1320/1901/499
f 1320/1902/500 1364/1885/500 1368/1903/500 1318/1904/500
f 1364/1885/500 968/992/500 999/1104/500 1368/1903/500
f 1369/1905/451 1372/1906/451 1368/1907/451 1370/1908/451
f 1368/1903/500 999/1104/500 1370/1909/500
f 1371/1910/501 1318/1911/501 1368/1912/501 1372/1913/501
f 1369/1914/500 1373/1915/500 1371/1916/500 1372/1917/500
f 1317/1918/707 1318/1919/707 1371/1920/707 1373/1921/707
f 1373/1922/499 1369/1923/499 1370/1924/499 1317/1925/499
f 1317/1926/500 1370/1909/500 1374/1927/500 1316/1928/500
f 1370/1909/500 999/1104/500 1374/1927/500
f 1375/1929/451 1378/1930/451 1374/1931/451 1376/1932/451
f 1374/1927/500 999/1104/500 1376/1933/500
f 1377/1934/501 1316/1935/501 1374/1936/501 1378/1937/501
f 1375/1938/500 1379/1939/500 1377/1940/500 1378/1941/500
f 1315/1942/707 1316/1943/707 1377/1944/707 1379/1945/707
f 1379/1946/499 1375/1947/499 1376/1948/499 1315/1949/499
f 1315/1950/500 1376/1933/500 1380/1951/500 1313/1952/500
f 1376/1933/500 999/1104/500 1380/1951/500
f 1381/1953/451 1384/1954/451 1380/1955/451 1382/1956/451
f 1380/1951/500 999/1104/500 1382/1957/500
f 1383/1958/501 1313/1959/501 1380/1960/501 1384/1961/501
f 1385/1962/500 1383/1963/500 1384/1964/500 1381/1965/500
f 1385/1966/499 1381/1967/499 1382/1968/499 1312/1969/499
f 1312/1970/707 1313/1971/707 1383/1972/707 1385/1973/707
f 1312/1974/500 1382/1957/500 1386/1975/500 1311/1976/500
f 1382/1957/500 999/1104/500 1386/1975/500
f 1387/1977/451 1390/1978/451 1386/1979/451 1388/1980/451
f 1386/1975/500 999/1104/500 1388/1981/500
f 1389/1982/501 1311/1983/501 1386/1984/501 1390/1985/501
f 1391/1986/500 1389/1987/500 1390/1988/500 1387/1989/500
f 1391/1990/499 1387/1991/499 1388/1992/499 1310/1993/499
f 1310/1994/707 1311/1995/707 1389/1996/707 1391/1997/707
f 1388/1981/500 999/1104/500 1392/1998/500 1310/1999/500
f 1344/1805/500 1393/1808/500 968/992/500
f 1396/2000/499 1394/2001/499 1393/2002/499 1342/2003/499
f 1394/2004/451 1398/2005/451 1395/2006/451 1393/2007/451
f 968/992/500 1393/1808/500 1395/2008/500
f 1342/2009/707 1341/2010/707 1397/2011/707 1396/2012/707
f 1394/2013/500 1396/2014/500 1397/2015/500 1398/2016/500
f 1397/2017/501 1341/2018/501 1395/2019/501 1398/2020/501
f 968/992/500 1395/2008/500 1339/2021/500 1481/2022/500
f 1339/2021/500 1395/2008/500 1341/2023/500
f 1330/2024/680 1399/2025/680 1340/2026/680
f 1400/2027/680 1340/2026/680 1399/2025/680 1841/2028/708
f 1401/2029/680 1340/2026/680 1400/2027/680 1403/2030/708
f 1336/2031/680 1340/2026/680 1401/2029/680
f 1402/2032/709 1404/2033/710 1401/2034/711 1403/2035/712
f 1404/2033/710 1405/2036/713 1336/2037/713 1401/2034/711
f 1405/2036/695 1407/2038/714 1406/2039/715 1336/2037/716
f 1407/2038/714 1409/2040/717 1408/2041/717 1406/2039/715
f 1410/2042/718 1412/2043/690 1408/2041/717 1409/2040/717
f 1411/2044/719 1414/2045/720 1412/2043/690 1410/2042/718
f 1408/2046/463 1412/2047/463 1413/2048/463
f 1413/2048/463 1412/2047/463 1414/2049/463 1416/2050/463
f 1415/2051/687 1417/2052/721 1414/2045/720 1411/2044/719
f 1416/2053/680 1414/2054/680 1417/2055/680
f 1418/2056/722 1419/2057/723 1417/2052/721 1415/2051/687
f 1416/2053/680 1417/2055/680 1419/2058/680
f 1420/2059/682 1422/2060/683 1419/2057/723 1418/2056/722
f 1421/2061/680 1416/2053/680 1419/2058/680 1422/2062/724
f 1423/2063/705 1424/2064/705 1422/2060/683 1420/2059/682
f 1422/2062/724 1424/2065/724 1421/2061/680
f 1423/2066/705 1426/2067/725 1425/2068/703 1424/2069/705
f 1425/2070/680 1400/2027/680 1421/2061/680 1424/2065/724
f 1426/2067/725 1402/2032/709 1403/2035/712 1425/2068/703
f 1403/2030/708 1400/2027/680 1425/2070/680
f 911/2071/463 1421/2072/463 1400/2073/463
f 911/2071/463 1769/2074/463 1427/2075/463 1421/2072/463
f 1427/2076/680 1430/2077/680 1428/2078/680 1421/2061/680
f 1416/2053/680 1421/2061/680 1428/2078/680 1432/2079/680
f 1429/2080/726 1431/2081/710 1428/2082/727 1430/2083/712
f 1431/2081/710 1433/2084/728 1432/2085/729 1428/2082/727
f 1433/2084/728 1721/2086/714 1434/2087/715 1432/2085/729
f 1435/2088/463 1432/2089/463 1434/2090/463
f 1416/2050/463 1432/2089/463 1435/2088/463 1413/2048/463
f 1435/2091/706 1436/2092/706 1441/2093/706
f 1435/2091/706 1437/2094/706 1436/2092/706
f 1435/2091/706 1438/2095/706 1437/2094/706
f 1438/2095/706 1435/2091/706 1439/2096/706 1698/2097/706
f 1413/2098/706 1435/2091/706 1445/2099/706 1448/2100/706
f 1435/2088/463 1434/2090/463 1440/2101/463
f 1435/2088/463 1440/2101/463 1439/2102/463
f 1435/2091/706 1441/2093/706 1442/2103/706
f 1435/2091/706 1442/2103/706 1443/2104/706
f 1435/2091/706 1443/2104/706 1444/2105/706
f 1435/2091/706 1444/2105/706 1445/2099/706
f 1446/2106/707 1445/2107/707 1444/2108/707 1837/2109/707
f 1446/2110/499 1485/2111/499 1447/2112/499 1445/2113/499
f 1448/2114/500 1445/2115/500 1447/2116/500 1449/2117/500
f 1451/2118/501 1448/2119/501 1449/2120/501 1453/2121/501
f 1450/2122/707 1448/2123/707 1451/2124/707 1452/2125/707
f 1413/2098/706 1448/2100/706 1450/2126/706
f 1452/2127/500 1451/2128/500 1453/2129/500 1454/2130/500
f 1454/2131/451 1453/2132/451 1449/2133/451 1455/2134/451
f 1452/2135/499 1454/2136/499 1455/2137/499 1450/2138/499
f 1455/2139/500 1449/2117/500 968/992/500
f 1456/2140/500 1450/2141/500 1455/2139/500 1457/2142/500
f 1455/2139/500 968/992/500 1457/2142/500
f 1458/2143/451 1461/2144/451 1457/2145/451 1459/2146/451
f 1457/2142/500 968/992/500 1459/2147/500
f 1460/2148/501 1456/2149/501 1457/2150/501 1461/2151/501
f 1462/2152/500 1460/2153/500 1461/2154/500 1458/2155/500
f 1462/2156/499 1458/2157/499 1459/2158/499 1463/2159/499
f 1463/2160/707 1456/2161/707 1460/2162/707 1462/2163/707
f 1464/2164/500 1463/2165/500 1459/2147/500 1466/2166/500
f 1463/2167/706 1464/2168/706 1413/2098/706
f 1463/2167/706 1413/2098/706 1456/2169/706
f 1335/1795/706 1413/2098/706 1464/2168/706 1465/2170/706
f 1465/2171/707 1464/2172/707 1467/2173/707 1468/2174/707
f 1467/2175/501 1464/2176/501 1466/2177/501 1469/2178/501
f 1468/2179/500 1467/2180/500 1469/2181/500 1470/2182/500
f 1470/2183/451 1469/2184/451 1466/2185/451 1471/2186/451
f 1468/2187/499 1470/2188/499 1471/2189/499 1465/2190/499
f 1471/2191/500 1466/2166/500 968/992/500
f 1472/2192/500 1465/2193/500 1471/2191/500 1473/2194/500
f 1471/2191/500 968/992/500 1473/2194/500
f 1474/2195/451 1477/2196/451 1473/2197/451 1475/2198/451
f 1473/2194/500 968/992/500 1475/2199/500
f 1476/2200/501 1472/2201/501 1473/2202/501 1477/2203/501
f 1478/2204/500 1476/2205/500 1477/2206/500 1474/2207/500
f 1478/2208/499 1474/2209/499 1475/2210/499 1338/2211/499
f 1478/2212/707 1338/2213/707 1472/2214/707 1476/2215/707
f 1337/2216/500 1338/2217/500 1475/2199/500 1479/2218/500
f 1475/2199/500 968/992/500 1479/2218/500
f 1480/2219/451 1483/2220/451 1479/2221/451 1481/2222/451
f 968/992/500 1481/2022/500 1479/2218/500
f 1482/2223/501 1337/2224/501 1479/2225/501 1483/2226/501
f 1480/2227/500 1484/2228/500 1482/2229/500 1483/2230/500
f 1339/2231/707 1337/2232/707 1482/2233/707 1484/2234/707
f 1484/2235/499 1480/2236/499 1481/2237/499 1339/2238/499
f 1335/1795/706 1465/2170/706 1472/1796/706
f 1459/2147/500 968/992/500 1466/2166/500
f 1413/2098/706 1450/2126/706 1456/2169/706
f 1449/2117/500 1447/2116/500 968/992/500
f 1485/2239/451 1838/2240/451 1486/2241/451 1447/2242/451
f 1487/2243/500 968/992/500 1447/2116/500 1486/2244/500
f 1490/2245/500 1488/2246/500 1487/2243/500
f 1489/2247/501 1487/2248/501 1488/2249/501
f 1489/2247/501 1499/2250/501 1487/2248/501
f 1490/2245/500 1487/2243/500 1491/2251/500
f 1491/2251/500 1487/2243/500 1492/2252/500
f 1492/2252/500 1487/2243/500 1493/2253/500
f 1493/2253/500 1487/2243/500 1494/2254/500
f 1494/2254/500 1487/2243/500 1495/2255/500
f 1495/2255/500 1487/2243/500 1496/2256/500
f 1496/2256/500 1487/2243/500 1497/2257/500
f 1497/2257/500 1487/2243/500 1498/2258/500
f 1487/2243/500 1486/2244/500 1498/2258/500
f 1487/2243/500 1499/2259/500 1500/2260/500
f 1487/2243/500 1500/2260/500 1501/2261/500
f 1487/2243/500 1501/2261/500 1502/2262/500
f 1487/2243/500 1502/2262/500 1503/2263/500
f 1487/2243/500 1503/2263/500 1504/2264/500
f 1487/2243/500 1504/2264/500 1505/2265/500
f 1487/2243/500 1505/2265/500 1506/2266/500
f 1487/2243/500 1506/2266/500 1507/2267/500
f 1487/2243/500 1507/2267/500 1508/2268/500
f 1487/2243/500 1508/2268/500 1509/2269/500
f 1487/2243/500 1509/2269/500 1510/2270/500
f 1510/2270/500 1515/2271/500 968/992/500 1487/2243/500
f 1509/2272/463 1542/2273/463 1511/2274/463 1510/2275/463
f 1510/2276/499 1511/2277/499 1513/2278/499 1512/2279/499
f 1510/2270/500 1512/2280/500 1514/2281/500 1515/2271/500
f 968/992/500 1515/2271/500 1516/2282/500
f 1515/2283/463 1519/2284/463 1517/2285/463 1516/2286/463
f 1518/2287/501 1519/2288/501 1515/2289/501 1514/2290/501
f 1519/2291/500 1518/2292/500 1520/2293/500 1517/2294/500
f 1516/2295/499 1517/2296/499 1520/2297/499 1521/2298/499
f 1518/2299/498 1514/2300/498 1521/2301/498 1520/2302/498
f 1516/2282/500 1521/2303/500 1522/2304/500 1802/2305/500
f 1523/2306/496 1522/2307/496 1521/2308/496
f 1523/2306/496 1521/2308/496 1514/2309/496
f 1524/2310/496 1523/2306/496 948/977/496 1810/2311/496
f 1525/2312/496 1523/2306/496 1524/2310/496
f 1522/2307/496 1523/2306/496 1525/2312/496
f 1523/2313/451 1526/2314/451 1528/2315/451
f 1523/2313/451 1527/2316/451 1526/2314/451
f 932/2317/451 1527/2316/451 1523/2313/451 1529/2318/451
f 1523/2313/451 1528/2315/451 948/957/451
f 1514/2309/496 1512/2319/496 1523/2306/496
f 1529/2320/496 1523/2306/496 1512/2319/496 1540/2321/496
f 1530/2322/496 1532/2323/496 1529/2320/496
f 1530/2322/496 1529/2320/496 1531/2324/496
f 1531/2324/496 1529/2320/496 1537/2325/496
f 1536/2326/496 1529/2320/496 1532/2323/496 1554/2327/496
f 1533/2328/451 932/2317/451 1529/2318/451 1534/2329/451
f 1534/2329/451 1529/2318/451 1535/2330/451
f 1535/2330/451 1529/2318/451 1536/2331/451
f 1537/2325/496 1529/2320/496 1538/2332/496
f 1538/2332/496 1529/2320/496 1539/2333/496
f 1539/2333/496 1529/2320/496 1540/2321/496
f 1540/2334/500 1509/2269/500 1508/2268/500 1539/2335/500
f 1541/2336/498 1540/2337/498 1512/2338/498 1513/2339/498
f 1541/2340/730 1542/2341/730 1509/2342/730 1540/2343/730
f 1542/2344/500 1541/2345/500 1513/2346/500 1511/2347/500
f 1543/2348/498 1538/2349/498 1539/2350/498 1544/2351/498
f 1508/2352/499 1546/2353/499 1544/2354/499 1539/2355/499
f 1545/2356/500 1543/2357/500 1544/2358/500 1546/2359/500
f 1507/2360/463 1545/2361/463 1546/2362/463 1508/2363/463
f 1543/2364/501 1545/2365/501 1507/2366/501 1538/2367/501
f 1538/2368/500 1507/2267/500 1506/2266/500 1537/2369/500
f 1547/2370/498 1531/2371/498 1537/2372/498 1548/2373/498
f 1506/2374/499 1550/2375/499 1548/2376/499 1537/2377/499
f 1549/2378/500 1547/2379/500 1548/2380/500 1550/2381/500
f 1505/2382/463 1549/2383/463 1550/2384/463 1506/2385/463
f 1547/2386/501 1549/2387/501 1505/2388/501 1531/2389/501
f 1551/2390/451 1536/2331/451 1555/2391/451 1558/2392/451
f 1536/2331/451 1551/2390/451 1552/2393/451
f 1536/2331/451 1552/2393/451 1535/2330/451
f 1555/2394/496 1536/2326/496 1553/2395/496 1556/2396/496
f 1536/2326/496 1554/2327/496 1553/2395/496
f 1556/2396/496 1557/2397/496 1555/2394/496
f 1499/2250/501 1555/2398/501 1557/2399/501
f 1489/2247/501 1558/2400/501 1555/2398/501 1499/2250/501
f 1559/2401/490 1551/2402/490 1558/2403/478 1560/2404/478
f 1560/2404/478 1558/2403/478 1561/2405/479 1562/2406/479
f 1489/2247/501 1563/2407/501 1561/2408/501 1558/2400/501
f 1562/2409/451 1561/2410/451 1563/2411/451
f 1563/2411/451 1564/2412/451 1567/2413/451 1562/2409/451
f 1564/2412/451 1563/2411/451 1565/2414/451
f 1563/2415/500 1489/2416/500 1566/2417/500 1565/2418/500
f 1567/2419/471 1564/2420/471 1570/2421/471 1568/2422/471
f 1568/2423/499 1569/2424/499 1567/2425/499
f 1567/2425/499 1569/2424/499 1560/2426/499 1562/2427/499
f 1570/2428/451 1573/2429/451 1571/2430/451 1568/2431/451
f 1572/2432/731 1573/2433/731 1570/2434/731 1564/2435/731
f 1573/2436/732 1572/2437/732 1574/2438/732 1571/2439/732
f 1571/2440/499 1574/2441/499 1575/2442/499
f 1575/2443/446 1574/2444/446 1572/2445/446 1576/2446/446
f 1576/2446/446 1577/2447/446 1575/2443/446
f 1577/2448/451 1582/2449/451 1569/2450/451 1575/2451/451
f 1571/2440/499 1575/2442/499 1569/2424/499 1568/2423/499
f 1578/2452/446 1581/2453/446 1577/2447/446 1576/2446/446
f 1579/2454/501 1582/2455/501 1577/2456/501 1580/2457/501
f 1580/2458/446 1577/2447/446 1581/2453/446 1654/2459/446
f 1560/2460/451 1569/2450/451 1582/2449/451 1583/2461/451
f 1583/2462/501 1582/2455/501 1585/2463/501 1586/2464/501
f 1584/2465/501 1585/2463/501 1582/2455/501 1579/2454/501
f 1585/2466/451 1588/2467/451 1587/2468/451 1586/2469/451
f 1588/2470/471 1585/2471/471 1584/2472/471 1592/2473/471
f 1631/2474/501 1587/2475/501 1588/2476/501 1589/2477/501
f 1589/2477/501 1588/2476/501 1591/2478/501
f 1590/2479/501 1591/2478/501 1588/2476/501 1592/2480/501
f 921/904/470 1592/2481/733 1579/2482/451 918/903/451
f 1579/2482/451 1592/2481/733 1584/2483/451
f 921/2484/470 1600/2485/734 1593/2486/735 1592/2487/733
f 1596/2488/501 1592/2480/501 1593/2489/501 1597/2490/501
f 1590/2479/501 1592/2480/501 1594/2491/501
f 1594/2491/501 1592/2480/501 1595/2492/501
f 1595/2492/501 1592/2480/501 1596/2488/501
f 1598/2493/736 1595/2494/736 1596/2495/737 1599/2496/737
f 1599/2496/737 1596/2495/737 1597/2497/738 1601/2498/738
f 921/2499/499 1598/2500/499 1599/2501/499
f 1600/2502/499 921/2499/499 1599/2501/499 1601/2503/499
f 1602/2504/499 1600/2502/499 1601/2503/499 1603/2505/499
f 1603/2506/739 1601/2498/738 1597/2497/738 1606/2507/739
f 1604/2508/499 1602/2504/499 1603/2505/499 1605/2509/499
f 1605/2510/740 1603/2506/739 1606/2507/739 1608/2511/740
f 1597/2490/501 1593/2489/501 1607/2512/501 1606/2513/501
f 1607/2512/501 1609/2514/501 1608/2515/501 1606/2513/501
f 1609/2514/501 1614/2516/501 1610/2517/501 1608/2515/501
f 1605/2510/740 1608/2511/740 1610/2518/741 1613/2519/741
f 1613/2519/741 1610/2518/741 1611/2520/742 1618/2521/742
f 1610/2517/501 1614/2516/501 1612/2522/501 1611/2523/501
f 1604/2524/451 1615/2525/743 1614/2526/743 1609/2527/451
f 1615/2525/743 1616/2528/744 1612/2529/744 1614/2526/743
f 1616/2530/499 1615/2531/499 1613/2532/499 1618/2533/499
f 1615/2531/499 1604/2508/499 1605/2509/499 1613/2532/499
f 1616/2528/744 1619/2534/745 1617/2535/745 1612/2529/744
f 1619/2536/499 1616/2530/499 1618/2533/499 1621/2537/499
f 1620/2538/499 1619/2536/499 1622/2539/499 1623/2540/499
f 1620/2541/746 1626/2542/746 1617/2535/745 1619/2534/745
f 1619/2536/499 1621/2537/499 1622/2539/499
f 1623/2543/747 1622/2544/748 1624/2545/748 1627/2546/747
f 1622/2544/748 1621/2547/749 1625/2548/749 1624/2545/748
f 1618/2521/742 1611/2520/742 1625/2548/749 1621/2547/749
f 1611/2523/501 1612/2522/501 1617/2549/501 1625/2550/501
f 1626/2551/501 1624/2552/501 1625/2550/501 1617/2549/501
f 931/2553/750 1587/2554/750 1626/2542/746 1620/2541/746
f 1626/2551/501 1627/2555/501 1624/2552/501
f 1627/2555/501 1626/2551/501 1587/2475/501 1628/2556/501
f 1629/2557/751 1623/2543/747 1627/2546/747 1628/2558/751
f 1623/2540/499 1629/2559/499 931/2560/499 1620/2538/499
f 1630/2561/499 931/2560/499 1629/2559/499
f 1629/2557/751 1628/2558/751 1631/2562/752 1630/2563/752
f 1587/2475/501 1631/2474/501 1628/2556/501
f 1632/2564/753 1630/2563/752 1631/2562/752 1589/2565/753
f 1633/2566/754 1632/2564/753 1589/2565/753 1591/2567/754
f 1632/2568/499 1633/2569/499 936/2570/499
f 936/2570/499 931/2560/499 1630/2561/499 1632/2568/499
f 1634/2571/744 1633/2566/754 1591/2567/754 1590/2572/744
f 936/2570/499 1633/2569/499 1634/2573/499 921/2499/499
f 1634/2571/744 1590/2572/744 1594/2574/755 1635/2575/755
f 921/2499/499 1634/2573/499 1635/2576/499
f 1635/2577/755 1594/2578/755 1595/2494/736 1598/2493/736
f 921/2499/499 1635/2576/499 1598/2500/499
f 1604/2524/451 1609/2527/451 1607/2579/756 1602/2580/756
f 1600/2485/734 1602/2580/756 1607/2579/756 1593/2486/735
f 1587/2581/478 1583/2582/513 1586/2583/516
f 1583/2582/513 1587/2581/478 1636/2584/480 1653/2585/478
f 1636/2584/480 1587/2581/478 1637/2586/480
f 931/929/478 1638/2587/490 1637/2586/480 1587/2581/478
f 1639/2588/482 1637/2589/482 1638/2590/484 1641/2591/757
f 1636/2592/481 1637/2593/482 1639/2594/482 1640/2595/483
f 1641/2591/757 1638/2590/484 1643/2596/486 1642/2597/487
f 1642/2597/487 1643/2596/486 1644/2598/758 1645/2599/489
f 1644/2600/478 1643/2601/478 931/929/478 932/928/478
f 931/929/478 1643/2601/478 1638/2587/490
f 1645/2599/489 1644/2598/758 1533/2602/759 1646/2603/760
f 932/928/478 1533/2604/478 1644/2600/478
f 1646/2603/760 1533/2602/759 1534/2605/494 1647/2606/495
f 1647/2606/495 1534/2605/494 1535/2607/761 1648/2608/762
f 1535/2607/761 1552/2609/763 1649/2610/764 1648/2608/762
f 1552/2609/763 1551/2611/765 1650/2612/766 1649/2610/764
f 1551/2611/765 1559/2613/509 1651/2614/510 1650/2612/766
f 1559/2613/509 1653/2615/767 1652/2616/768 1651/2614/510
f 1653/2615/767 1636/2592/481 1640/2595/483 1652/2616/768
f 1583/2582/513 1653/2585/478 1559/2401/490 1560/2404/478
f 1655/2617/499 1774/2618/499 1654/2619/499 1581/2620/499
f 1655/2617/451 1581/2620/451 1656/2621/451 1657/2622/451
f 1578/2452/446 1656/2623/446 1581/2453/446
f 1657/2624/769 1656/2625/770 1578/2626/770
f 1655/2617/451 1657/2622/451 1658/2627/451
f 1657/2624/769 1660/2628/771 1659/2629/772 1658/2630/773
f 1660/2628/771 1657/2624/769 1578/2626/770 1661/2631/770
f 1661/2632/463 1664/2633/463 1662/2634/463 1660/2635/463
f 1659/2636/463 1660/2635/463 1662/2634/463
f 1663/2637/499 1665/2638/499 1662/2634/499 1664/2633/499
f 1659/2639/446 1662/2640/446 1665/2641/446 1668/2642/446
f 1666/2643/464 1667/2644/464 1665/2645/464 1663/2646/464
f 913/2647/464 1668/2648/464 1665/2645/464 1667/2644/464
f 1659/2629/772 1668/2649/774 913/896/468
f 1667/2650/463 1669/2651/775 914/891/466 913/890/463
f 1667/2650/463 1670/2652/463 1669/2651/775
f 1670/2653/501 1667/2654/501 1671/2655/501 1712/2656/501
f 1667/2654/501 1666/2657/501 1672/2658/501 1671/2655/501
f 1674/2659/463 1671/2660/463 1672/2661/463 1673/2662/463
f 1578/2452/446 1576/2446/446 1672/2663/446 1664/2664/446
f 1576/2446/446 1673/2665/446 1672/2663/446
f 1664/2664/446 1672/2663/446 1666/2666/446 1663/2667/446
f 1675/2668/499 1676/2669/499 1674/2670/499 1678/2671/499
f 1676/2669/499 1687/2672/499 1677/2673/499 1674/2670/499
f 1671/2660/463 1674/2659/463 1677/2674/463 1691/2675/463
f 1678/2671/499 1674/2670/499 1673/2676/499 1681/2677/499
f 1679/2678/463 1675/2679/463 1678/2680/463 1680/2681/463
f 1680/2682/776 1678/2683/776 1681/2684/776 1682/2685/776
f 1673/2665/446 1576/2446/446 1682/2686/446 1681/2687/446
f 1679/2688/777 1680/2689/777 1682/2690/777 1683/2691/777
f 1576/2692/501 1683/2693/501 1682/2694/501
f 1684/2695/463 1676/2696/463 1683/2697/463 1685/2698/463
f 1566/2699/501 1685/2700/501 1683/2693/501 1576/2692/501
f 1676/2701/778 1675/2702/778 1679/2703/778 1683/2704/778
f 1566/2417/500 1489/2416/500 1684/2705/500 1685/2706/500
f 1686/2707/501 1684/2708/501 1489/2247/501 1688/2709/501
f 1687/2710/463 1676/2696/463 1684/2695/463 1686/2711/463
f 1677/2712/680 1687/2713/779 1686/2714/779 1688/2715/680
f 1692/2716/463 1689/2717/463 1688/2718/463
f 1689/2719/680 1690/2720/680 1688/2715/680
f 1690/2720/680 1713/2721/681 1691/2722/679 1688/2715/680
f 1688/2715/680 1691/2722/679 1677/2712/680
f 1692/2723/501 1688/2709/501 1489/2247/501 1488/2249/501
f 1693/2724/706 1695/2725/706 1692/2726/706
f 1693/2724/706 1692/2726/706 1694/2727/706
f 1488/2249/501 1694/2728/501 1692/2723/501
f 1439/2096/706 1692/2726/706 1695/2725/706 1698/2097/706
f 1439/2102/463 1719/2729/463 1689/2717/463 1692/2716/463
f 1696/2730/707 1698/2731/707 1695/2732/707 1697/2733/707
f 1697/2734/501 1695/2735/501 1491/2736/501 1699/2737/501
f 1695/2738/500 1693/2739/500 1490/2245/500 1491/2251/500
f 1696/2740/499 1700/2741/499 1492/2742/499 1698/2743/499
f 1438/2744/500 1698/2745/500 1492/2252/500 1493/2253/500
f 1696/2746/500 1697/2747/500 1699/2748/500 1700/2749/500
f 1700/2750/451 1699/2751/451 1491/2752/451 1492/2753/451
f 1693/2754/707 1694/2755/707 1701/2756/707 1703/2757/707
f 1701/2758/501 1694/2728/501 1488/2249/501 1702/2759/501
f 1704/2760/780 1701/2761/780 1702/2762/780 1706/2763/780
f 1703/2757/707 1701/2756/707 1704/2764/707 1705/2765/707
f 1705/2766/500 1704/2767/500 1706/2768/500 1708/2769/500
f 1707/2770/451 1708/2771/451 1706/2772/451 1702/2773/451
f 1705/2766/499 1708/2769/499 1707/2774/499
f 1707/2770/451 1702/2773/451 1488/2775/451 1490/2776/451
f 1705/2777/499 1707/2778/499 1703/2779/499
f 1703/2779/499 1707/2778/499 1490/2780/499 1693/2781/499
f 1691/2722/679 1713/2721/681 1711/2782/681 1709/2783/781
f 1709/2783/781 1710/2784/782 1691/2722/679
f 1712/2656/501 1671/2655/501 1691/2785/501 1710/2786/501
f 1714/2787/682 1711/2788/683 1713/2789/723 1715/2790/722
f 1715/2790/722 1713/2789/723 1690/2791/686 1716/2792/687
f 1716/2792/687 1690/2791/686 1689/2793/783 1717/2794/719
f 1717/2794/719 1689/2793/783 1719/2795/690 1718/2796/784
f 1718/2796/784 1719/2795/690 1440/2797/717 1720/2798/717
f 1439/2102/463 1440/2101/463 1719/2729/463
f 1721/2086/714 1720/2798/717 1440/2797/717 1434/2087/715
f 1722/2799/705 1723/2800/705 1711/2788/683 1714/2787/682
f 1722/2801/705 1725/2802/785 1724/2803/786 1723/2804/705
f 1725/2802/785 1429/2080/726 1430/2083/712 1724/2803/786
f 1427/2076/680 1723/2805/680 1724/2806/679
f 1427/2076/680 1724/2806/679 1430/2077/680
f 1723/2805/680 1427/2076/680 1709/2783/781 1711/2782/681
f 1709/2807/463 1726/2808/463 1712/2809/463 1710/2810/463
f 1669/2811/465 1670/2812/465 1712/2813/465 1726/2814/465
f 1727/2815/501 1669/2816/501 1726/2817/501 1728/2818/501
f 1728/2818/501 1726/2817/501 1729/2819/501
f 1729/2819/501 1726/2817/501 1709/2820/501 1732/2821/501
f 1730/2822/787 1728/2823/787 1729/2824/788 1731/2825/788
f 1731/2825/788 1729/2824/788 1732/2826/789 1734/2827/789
f 1732/2826/789 1733/2828/742 1735/2829/742 1734/2827/789
f 1732/2821/501 1709/2820/501 1733/2830/501
f 1735/2831/499 1427/2832/499 1734/2833/499
f 1735/2831/499 1736/2834/499 1427/2832/499
f 1735/2829/742 1733/2828/742 1737/2835/790 1736/2836/790
f 1736/2836/790 1737/2835/790 1738/2837/791 1773/2838/791
f 1737/2839/501 1739/2840/501 1738/2841/501
f 1737/2839/501 1733/2830/501 1709/2820/501 1739/2840/501
f 1742/2842/792 1739/2843/793 1740/2844/793 1744/2845/792
f 1739/2843/793 1709/2846/794 1427/2847/794 1740/2844/793
f 1741/2848/501 1738/2841/501 1739/2840/501 1742/2849/501
f 1743/2850/795 1746/2851/795 1742/2842/792 1744/2845/792
f 1745/2852/501 1741/2848/501 1742/2849/501 1746/2853/501
f 1747/2854/796 1749/2855/796 1746/2851/795 1743/2850/795
f 1748/2856/501 1745/2852/501 1746/2853/501 1749/2857/501
f 1750/2858/463 1751/2859/463 1749/2855/796 1747/2854/796
f 1748/2856/501 1749/2857/501 1751/2860/501 1752/2861/501
f 1753/2862/501 1758/2863/501 1752/2861/501 1751/2860/501
f 1753/2864/797 1751/2859/463 1750/2858/463 1755/2865/798
f 1754/2866/799 1757/2867/799 1753/2864/797 1755/2865/798
f 1756/2868/501 1758/2863/501 1753/2862/501 1757/2869/501
f 1759/2870/753 1752/2871/753 1758/2872/800 1760/2873/800
f 1760/2873/800 1758/2872/800 1756/2874/744 1761/2875/744
f 1761/2876/499 1755/2877/499 1760/2878/499
f 1760/2878/499 1755/2877/499 1750/2879/499 1759/2880/499
f 1756/2874/744 1764/2881/801 1762/2882/801 1761/2875/744
f 1761/2876/499 1762/2883/499 1754/2884/499 1755/2877/499
f 914/2885/499 1754/2884/499 1762/2883/499 1763/2886/499
f 1764/2881/801 1765/2887/802 1763/2888/802 1762/2882/801
f 1765/2889/501 1764/2890/501 1669/2816/501
f 1764/2890/501 1756/2868/501 1757/2869/501 1669/2816/501
f 1765/2887/802 1766/2891/803 1767/2892/803 1763/2888/802
f 1765/2889/501 1669/2816/501 1766/2893/501
f 914/2885/499 1763/2886/499 1767/2894/499
f 914/2885/499 1767/2894/499 1768/2895/499
f 1766/2891/803 1727/2896/795 1768/2897/795 1767/2892/803
f 1768/2895/499 1730/2898/499 1769/2899/499 914/2885/499
f 1768/2900/795 1727/2901/795 1728/2823/787 1730/2822/787
f 1734/2833/499 1427/2832/499 1769/2899/499 1731/2902/499
f 1769/2899/499 1730/2898/499 1731/2902/499
f 1669/2816/501 1727/2815/501 1766/2893/501
f 1759/2880/499 1750/2879/499 1747/2903/499 1770/2904/499
f 1748/2905/804 1752/2871/753 1759/2870/753 1770/2906/804
f 1770/2904/499 1747/2903/499 1743/2907/499 1771/2908/499
f 1745/2909/751 1748/2905/804 1770/2906/804 1771/2910/751
f 1771/2908/499 1743/2907/499 1744/2911/499 1772/2912/499
f 1741/2913/805 1745/2909/751 1771/2910/751 1772/2914/805
f 1773/2915/499 1772/2912/499 1744/2911/499 1740/2916/499
f 1773/2838/791 1738/2837/791 1741/2913/805 1772/2914/805
f 1736/2834/499 1773/2915/499 1740/2916/499 1427/2832/499
f 914/2917/466 1669/2918/775 1757/2867/799 1754/2866/799
f 1578/2452/446 1664/2664/446 1661/2919/446
f 1659/2629/772 913/896/468 1658/2630/773
f 1658/2630/773 913/896/468 918/895/467 1775/2920/774
f 1774/2921/446 1655/2922/446 1658/2923/446 1775/2924/446
f 918/2925/541 1774/2926/541 1775/2927/541
f 1774/2926/541 1580/2928/541 1654/2929/541
f 1579/2930/541 1580/2928/541 1774/2926/541 918/2925/541
f 1564/2931/501 1576/2692/501 1572/2932/501
f 1564/2931/501 1565/2933/501 1566/2699/501 1576/2692/501
f 1776/2934/498 1557/2935/498 1556/2936/498 1777/2937/498
f 1776/2938/501 1779/2939/501 1499/2250/501 1557/2399/501
f 1778/2940/498 1776/2934/498 1777/2937/498 1783/2941/498
f 1778/2942/780 1781/2943/780 1779/2944/780 1776/2945/780
f 1499/2946/463 1779/2947/463 1780/2948/463 1500/2949/463
f 1780/2948/463 1779/2947/463 1781/2950/463 1782/2951/463
f 1781/2952/500 1778/2953/500 1783/2954/500 1782/2955/500
f 1780/2956/499 1782/2957/499 1783/2958/499 1777/2959/499
f 1500/2960/499 1780/2956/499 1777/2959/499 1556/2961/499
f 1553/2962/500 1501/2261/500 1500/2260/500 1556/2963/500
f 1784/2964/498 1553/2965/498 1554/2966/498 1785/2967/498
f 1502/2968/499 1787/2969/499 1785/2970/499 1554/2971/499
f 1532/2972/500 1503/2263/500 1502/2262/500 1554/2973/500
f 1786/2974/500 1784/2975/500 1785/2976/500 1787/2977/500
f 1501/2978/463 1786/2979/463 1787/2980/463 1502/2981/463
f 1784/2982/501 1786/2983/501 1501/2984/501 1553/2985/501
f 1788/2986/498 1532/2987/498 1530/2988/498 1789/2989/498
f 1788/2990/501 1790/2991/501 1503/2992/501 1532/2993/501
f 1790/2994/500 1788/2995/500 1789/2996/500 1791/2997/500
f 1503/2998/463 1790/2999/463 1791/3000/463 1504/3001/463
f 1504/3002/499 1791/3003/499 1789/3004/499 1530/3005/499
f 1531/3006/500 1505/2265/500 1504/2264/500 1530/3007/500
f 1794/955/495 949/954/494 1528/3008/761 1792/3009/761
f 1528/3008/761 1526/3010/505 1793/3011/806 1792/3009/761
f 948/957/451 1528/2315/451 949/960/451
f 1526/3010/505 1527/3012/807 1795/3013/808 1793/3011/806
f 1527/3012/807 1797/3014/809 1796/3015/510 1795/3013/808
f 1797/3014/809 933/3016/767 1798/3017/768 1796/3015/510
f 933/3016/767 934/936/481 939/939/483 1798/3017/768
f 932/928/478 1797/931/478 1527/3018/478
f 1799/3019/498 1522/3020/498 1525/3021/498 1800/3022/498
f 1801/3023/499 1803/3024/499 1800/3025/499 1525/3026/499
f 1801/3027/500 1525/3028/500 1524/3029/500 1804/3030/500
f 1801/3027/500 968/992/500 1802/2305/500
f 1802/3031/463 1824/3032/463 1803/3033/463 1801/3034/463
f 1801/3027/500 1804/3030/500 968/992/500
f 968/992/500 1804/3030/500 1805/3035/500
f 1804/3036/463 1808/3037/463 1806/3038/463 1805/3039/463
f 1807/3040/501 1808/3041/501 1804/3042/501 1524/3043/501
f 1808/3044/500 1807/3045/500 1809/3046/500 1806/3047/500
f 1805/3048/499 1806/3049/499 1809/3050/499 1810/3051/499
f 1807/3052/498 1524/3053/498 1810/3054/498 1809/3055/498
f 1810/2311/496 948/977/496 1811/979/496
f 1805/3035/500 1810/3056/500 1811/3057/500 1813/3058/500
f 1812/3059/498 1811/3060/498 961/3061/498 1817/3062/498
f 1812/3063/501 1816/3064/501 1813/3065/501 1811/3066/501
f 1813/3058/500 1814/3067/500 968/992/500
f 1813/3068/463 1816/3069/463 1815/3070/463 1814/3071/463
f 968/992/500 1805/3035/500 1813/3058/500
f 1816/3072/500 1812/3073/500 1817/3074/500 1815/3075/500
f 1814/3076/499 1815/3077/499 1817/3078/499 961/3079/499
f 1814/3067/500 961/3080/500 962/3081/500 1818/3082/500
f 1814/3067/500 1818/3082/500 968/992/500
f 968/992/500 1818/3082/500 1819/1030/500
f 1818/3083/463 1822/3084/463 1820/3085/463 1819/3086/463
f 1821/3087/501 1822/3088/501 1818/3089/501 962/3090/501
f 1822/3091/500 1821/3092/500 1823/3093/500 1820/3094/500
f 1819/3095/499 1820/3096/499 1823/3097/499 960/3098/499
f 1821/3099/498 962/3100/498 960/3101/498 1823/3102/498
f 1824/3103/500 1799/3104/500 1800/3105/500 1803/3106/500
f 1799/3107/501 1824/3108/501 1802/3109/501 1522/3110/501
f 968/992/500 1516/2282/500 1802/2305/500
f 1826/3111/499 1825/3112/499 1498/3113/499 1443/3114/499
f 1825/3115/451 1827/3116/451 1497/3117/451 1498/3118/451
f 1444/3119/500 1443/3120/500 1498/2258/500 1486/2244/500
f 1826/3121/500 1828/3122/500 1827/3123/500 1825/3124/500
f 1443/3125/707 1442/3126/707 1828/3127/707 1826/3128/707
f 1828/3129/501 1442/3130/501 1497/3131/501 1827/3132/501
f 1442/3133/500 1441/3134/500 1496/2256/500 1497/2257/500
f 1830/3135/499 1829/3136/499 1496/3137/499 1441/3138/499
f 1829/3139/451 1831/3140/451 1495/3141/451 1496/3142/451
f 1830/3143/500 1832/3144/500 1831/3145/500 1829/3146/500
f 1441/3147/707 1436/3148/707 1832/3149/707 1830/3150/707
f 1832/3151/501 1436/3152/501 1495/3153/501 1831/3154/501
f 1436/3155/500 1437/3156/500 1494/2254/500 1495/2255/500
f 1834/3157/499 1833/3158/499 1494/3159/499 1437/3160/499
f 1833/3161/451 1835/3162/451 1493/3163/451 1494/3164/451
f 1834/3165/500 1836/3166/500 1835/3167/500 1833/3168/500
f 1437/3169/707 1438/3170/707 1836/3171/707 1834/3172/707
f 1836/3173/501 1438/3174/501 1493/3175/501 1835/3176/501
f 1837/3177/810 1444/3178/810 1486/3179/810 1838/3180/810
f 1446/3181/500 1837/3182/500 1838/3183/500 1485/3184/500
f 1408/2046/463 1413/2048/463 1335/1798/463
f 1335/1798/463 1406/1800/463 1408/2046/463
f 1841/2028/708 1839/3185/680 1400/2027/680
f 1400/2027/680 1839/3185/680 1840/3186/811 1282/1701/680
f 903/3187/463 911/2071/463 1400/2073/463 1282/1696/463
f 1842/3188/682 1839/3189/683 1841/3190/723 1843/3191/722
f 1843/3191/722 1841/3190/723 1399/3192/721 1844/3193/687
f 1900/3194/463 1901/3195/463 1902/3196/463 1911/3197/463
f 1844/3193/687 1399/3192/721 1330/3198/720 1845/3199/812
f 1845/3199/812 1330/3198/720 1331/3200/813 1846/3201/814
f 1847/3202/717 1846/3201/815 1331/3200/815 1327/3203/717
f 1847/3202/717 1327/3203/717 1323/3204/715 1848/3205/714
f 1849/3206/695 1848/3205/714 1323/3204/715 1324/3207/716
f 1850/3208/710 1849/3206/713 1324/3207/713 1851/3209/711
f 1852/3210/816 1850/3208/710 1851/3209/711 1853/3211/817
f 1854/3212/818 1852/3210/816 1853/3211/817 1855/3213/819
f 1856/3214/820 1854/3212/818 1855/3213/819 1840/3215/820
f 1856/3216/820 1840/3217/820 1839/3189/683 1842/3188/682
f 1282/1701/680 1840/3186/811 1855/3218/724
f 1282/1701/680 1855/3218/724 1853/3219/680
f 1284/1702/680 1282/1701/680 1853/3219/680 1851/3220/680
f 1284/1702/680 1851/3220/680 1324/3221/680
f 902/3222/821 903/3187/463 1282/1696/463 904/1695/463
f 1055/1690/499 1280/1691/499 1037/1216/499 1034/1218/499
f 872/828/451 1119/1466/451 1115/3223/451
f 872/828/451 1115/3223/451 1113/3224/451
f 872/828/451 1113/3224/451 1111/829/451
f 1086/3225/822 923/3226/823 924/1314/534 1088/1313/534
f 1082/3227/824 926/3228/825 923/3226/823 1086/3225/822
f 1083/3229/826 1080/3230/827 928/3231/828 926/3228/825
f 1082/3227/824 1083/3229/826 926/3228/825
f 1080/3230/827 1079/3232/829 1857/3233/830 928/3231/828
f 929/919/474 1857/922/477 1858/3234/451
f 1079/3232/829 1078/3235/831 1858/3236/831 1857/3233/830
f 929/919/474 1858/3234/451 1859/3237/451
f 1858/3236/831 1078/3235/831 1077/3238/832 1859/3239/832
f 1077/3238/832 1076/3240/833 1860/3241/833 1859/3239/832
f 929/919/474 1859/3237/451 1860/3242/451
f 1076/3240/833 1075/3243/834 1062/3244/835 1860/3241/833
f 929/919/474 1860/3242/451 1062/1262/451
f 1075/3243/834 1072/3245/836 1061/3246/836 1062/3244/835
f 1072/3247/837 1066/3248/837 1060/3249/837 1061/3250/837
f 929/935/478 1063/1259/478 1861/3251/838
f 1861/3252/481 1063/3253/839 1862/3254/839 1863/3255/483
f 1862/3256/839 1063/3257/839 1059/3258/484 1864/3259/840
f 1864/3259/840 1059/3258/484 1057/3260/841 1865/3261/842
f 1865/3261/842 1057/3260/841 1058/3262/488 1866/3263/489
f 1866/3263/489 1058/3262/488 1868/3264/491 1867/3265/491
f 1867/3265/492 1868/3264/493 1869/3266/843 1870/3267/844
f 951/966/451 1869/3268/451 1868/3269/451 1047/1234/451
f 1869/3266/843 952/3270/761 1871/3271/761 1870/3267/844
f 951/966/451 952/965/451 1869/3268/451
f 952/3270/761 956/3272/763 1872/3273/506 1871/3271/761
f 956/3272/763 957/3274/807 1873/3275/808 1872/3273/506
f 957/3274/807 1875/3276/809 1874/3277/510 1873/3275/808
f 1875/3276/809 1877/3278/767 1876/3279/768 1874/3277/510
f 1877/3278/767 1861/3252/481 1863/3255/483 1876/3279/768
f 929/935/478 1861/3251/838 1877/3280/490
f 929/935/478 1877/3280/490 1875/3281/478
f 1875/3281/478 957/3282/478 945/952/478 929/935/478
f 1055/1249/478 1878/3283/845 1054/1248/513
f 1055/1249/478 1879/3284/490 1878/3283/845
f 1034/3285/478 1882/3286/478 1879/3284/490 1055/1249/478
f 1880/3287/846 1878/3288/484 1879/3289/847 1881/3290/848
f 1881/3290/848 1879/3289/847 1882/3291/849 1883/3292/850
f 1883/3292/850 1882/3291/849 1035/3293/851 1884/3294/851
f 1034/3285/478 1035/3295/478 1882/3286/478
f 1884/3294/492 1035/3293/852 1038/1226/503 1040/1225/502
f 1885/3296/482 1054/3297/482 1878/3288/484 1880/3287/846
f 1052/1244/481 1054/3298/482 1885/3299/482 1051/1245/483
f 1009/1139/496 951/961/496 1019/1186/496
f 992/1086/496 951/961/496 1003/1134/496
f 1888/3300/451 1889/3301/451 1890/3302/451
f 1891/3303/451 1892/3304/451 1890/3302/451 1889/3301/451
f 1892/3304/451 1893/3305/451 1894/3306/451 1890/3302/451
f 1898/3307/451 1895/3308/451 1890/3302/451 1896/3309/451
f 1895/3308/451 1886/3310/451 1890/3302/451
f 1887/3311/451 1888/3300/451 1890/3302/451 1886/3310/451
f 1897/3312/451 1899/3313/451 1896/3309/451 1890/3302/451
f 1909/3314/463 1910/3315/463 1911/3197/463 1902/3196/463
f 1908/3316/463 1909/3314/463 1902/3196/463 1907/3317/463
f 1905/3318/463 1906/3319/463 1907/3317/463 1902/3196/463
f 1902/3196/463 1903/3320/463 1904/3321/463 1905/3318/463
f 1912/3194/463 1913/3195/463 1914/3196/463 1923/3197/463
f 1921/3314/463 1922/3315/463 1923/3197/463 1914/3196/463
f 1920/3316/463 1921/3314/463 1914/3196/463 1919/3317/463
f 1917/3318/463 1918/3319/463 1919/3317/463 1914/3196/463
f 1914/3196/463 1915/3320/463 1916/3321/463 1917/3318/463
f 1924/3194/463 1925/3195/463 1926/3196/463 1935/3197/463
f 1933/3314/463 1934/3315/463 1935/3197/463 1926/3196/463
f 1932/3316/463 1933/3314/463 1926/3196/463 1931/3317/463
f 1929/3318/463 1930/3319/463 1931/3317/463 1926/3196/463
f 1926/3196/463 1927/3320/463 1928/3321/463 1929/3318/463
f 1936/3194/463 1937/3195/463 1938/3196/463 1947/3197/463
f 1945/3314/463 1946/3315/463 1947/3197/463 1938/3196/463
f 1944/3316/463 1945/3314/463 1938/3196/463 1943/3317/463
f 1941/3318/463 1942/3319/463 1943/3317/463 1938/3196/463
f 1938/3196/463 1939/3320/463 1940/3321/463 1941/3318/463
f 1948/3194/451 1959/3197/451 1950/3196/451 1949/3195/451
f 1957/3314/451 1950/3196/451 1959/3197/451 1958/3315/451
f 1950/3196/451 1957/3314/451 1956/3316/451 1955/3317/451
f 1953/3318/451 1950/3196/451 1955/3317/451 1954/3319/451
f 1950/3196/451 1953/3318/451 1952/3321/451 1951/3320/451
f 1960/3194/451 1971/3197/451 1962/3196/451 1961/3195/451
f 1969/3314/451 1962/3196/451 1971/3197/451 1970/3315/451
f 1962/3196/451 1969/3314/451 1968/3316/451 1967/3317/451
f 1965/3318/451 1962/3196/451 1967/3317/451 1966/3319/451
f 1962/3196/451 1965/3318/451 1964/3321/451 1963/3320/451
f 1972/3194/451 1983/3197/451 1974/3196/451 1973/3195/451
f 1981/3314/451 1974/3196/451 1983/3197/451 1982/3315/451
f 1974/3196/451 1981/3314/451 1980/3316/451 1979/3317/451
f 1977/3318/451 1974/3196/451 1979/3317/451 1978/3319/451
f 1974/3196/451 1977/3318/451 1976/3321/451 1975/3320/451
f 1984/3194/451 1995/3197/451 1986/3196/451 1985/3195/451
f 1993/3314/451 1986/3196/451 1995/3197/451 1994/3315/451
f 1986/3196/451 1993/3314/451 1992/3316/451 1991/3317/451
f 1989/3318/451 1986/3196/451 1991/3317/451 1990/3319/451
f 1986/3196/451 1989/3318/451 1988/3321/451 1987/3320/451
f 1996/3194/451 2007/3197/451 1998/3196/451 1997/3195/451
f 2005/3314/451 1998/3196/451 2007/3197/451 2006/3315/451
f 1998/3196/451 2005/3314/451 2004/3316/451 2003/3317/451
f 2001/3318/451 1998/3196/451 2003/3317/451 2002/3319/451
f 1998/3196/451 2001/3318/451 2000/3321/451 1999/3320/451
f 2014/3322/499 2008/3323/499 2009/3324/499
f 2008/3325/853 2012/3326/853 2010/3327/853 2009/3328/853
f 2013/3329/499 2011/3330/499 2008/3323/499 2014/3322/499
f 2011/3331/854 2021/3332/854 2012/3326/854 2008/3325/854
f 2016/3333/742 2015/3334/742 2014/3335/742 2017/3336/742
f 2015/3337/463 2020/3338/463 2013/3339/463 2014/3340/463
f 2017/3341/499 2014/3322/499 2009/3324/499 2018/3342/499
f 2018/3343/446 2019/3344/446 2016/3333/446 2017/3336/446
f 2019/3344/451 2018/3343/451 2009/3328/451 2010/3327/451
f 2016/3345/501 2019/3346/501 2010/3347/501
f 2016/3345/501 2010/3347/501 2012/3348/501 2015/3349/501
f 2020/3350/501 2015/3349/501 2012/3348/501 2021/3351/501
f 2024/3352/501 2020/3350/501 2021/3351/501 2025/3353/501
f 2022/3354/855 2020/3355/856 2024/3356/857 2026/3357/857
f 2022/3354/855 2069/3358/858 2023/3359/859 2020/3355/856
f 2013/3360/860 2020/3361/861 2023/3362/862
f 2024/3352/501 2025/3353/501 2028/3363/501 2027/3364/501
f 2029/3365/863 2026/3357/857 2024/3356/857 2027/3366/864
f 2030/3367/865 2033/3368/866 2029/3365/863 2027/3366/864
f 2031/3369/867 2026/3370/867 2029/3371/867 2032/3372/867
f 2029/3373/451 2033/3374/451 2032/3375/451
f 2033/3368/866 2030/3367/865 2036/3376/868 2034/3377/868
f 2033/3374/451 2034/3378/451 2035/3379/463 2032/3375/451
f 2034/3377/868 2036/3376/868 2039/3380/869 2042/3381/869
f 2037/3382/870 2038/3383/871 2036/3384/872 2030/3385/873
f 2038/3383/871 2040/3386/874 2039/3387/875 2036/3384/872
f 2040/3386/874 2046/3388/876 2041/3389/877 2039/3387/875
f 2042/3381/869 2039/3380/869 2041/3390/878 2044/3391/878
f 2034/3378/451 2042/3392/463 2043/3393/463 2035/3379/463
f 2042/3392/463 2045/3394/463 2043/3393/463
f 2044/3395/463 2047/3396/463 2045/3394/463 2042/3392/463
f 2046/3397/879 2040/3398/880 2045/3399/881 2047/3400/879
f 2040/3398/880 2038/3401/882 2043/3402/882 2045/3399/881
f 2044/3391/878 2041/3390/878 2046/3397/879 2047/3400/879
f 2038/3401/882 2037/3403/883 2035/3404/884 2043/3402/882
f 2048/3405/885 2035/3404/884 2037/3403/883 2049/3406/885
f 2049/3407/886 2037/3382/870 2030/3385/873 2027/3408/887
f 2053/3409/499 2049/3410/499 2050/3411/499
f 2049/3412/451 2027/3413/451 2051/3414/451 2050/3415/451
f 2049/3410/499 2053/3409/499 2052/3416/499 2048/3417/499
f 2054/3418/888 2056/3419/888 2053/3420/888 2055/3421/888
f 2053/3409/499 2050/3411/499 2055/3422/499
f 2056/3419/889 2028/3423/889 2052/3424/889 2053/3420/889
f 2027/3364/501 2028/3363/501 2056/3425/501 2051/3426/501
f 2051/3426/501 2056/3425/501 2057/3427/501
f 2057/3427/501 2056/3425/501 2054/3428/501 2058/3429/501
f 2050/3430/751 2051/3431/751 2057/3432/751 2059/3433/751
f 2059/3433/446 2057/3432/446 2058/3434/446 2060/3435/446
f 2059/3436/499 2060/3437/499 2055/3422/499 2050/3411/499
f 2055/3421/463 2060/3435/463 2058/3434/463 2054/3418/463
f 2061/3438/499 2062/3439/499 2048/3417/499 2052/3416/499
f 2052/3424/446 2028/3423/446 2025/3440/446 2061/3441/446
f 2061/3438/499 2063/3442/499 2062/3439/499
f 2011/3330/499 2013/3329/499 2063/3442/499 2061/3438/499
f 2011/3331/446 2061/3441/446 2025/3440/446 2021/3332/446
f 2064/3443/890 2062/3444/890 2063/3445/890 2065/3446/890
f 2068/3447/463 2065/3448/451 2063/3449/451 2066/3450/451
f 2063/3451/885 2013/3452/885 2067/3453/891 2066/3454/892
f 2022/3455/463 2068/3447/463 2069/3456/463
f 2066/3450/451 2070/3457/463 2069/3456/463 2068/3447/463
f 2068/3458/893 2031/3369/893 2064/3443/893 2065/3446/893
f 2022/3459/867 2026/3370/867 2031/3369/867 2068/3458/867
f 2071/3460/868 2023/3359/859 2069/3358/858 2070/3461/868
f 2073/3462/869 2071/3460/868 2070/3461/868 2074/3463/869
f 2023/3362/862 2071/3464/894 2067/3465/895 2013/3360/860
f 2067/3465/895 2071/3464/894 2072/3466/896
f 2072/3466/896 2071/3464/894 2073/3467/897 2075/3468/898
f 2076/3469/899 2073/3462/869 2074/3463/869 2078/3470/878
f 2075/3468/898 2073/3467/897 2076/3471/900 2077/3472/901
f 2077/3473/879 2076/3469/899 2078/3470/878 2079/3474/879
f 2080/3475/451 2078/3476/451 2074/3477/451 2081/3478/451
f 2080/3475/451 2079/3479/451 2078/3476/451
f 2077/3473/879 2079/3474/879 2080/3480/881 2075/3481/880
f 2075/3481/880 2080/3480/881 2081/3482/882 2072/3483/882
f 2081/3478/451 2074/3477/451 2070/3457/463 2066/3450/451
f 2072/3483/882 2081/3482/882 2066/3454/892 2067/3453/891
f 2048/3484/890 2062/3444/890 2064/3443/890 2082/3485/890
f 2064/3443/893 2031/3369/893 2032/3372/893 2082/3485/893
f 2032/3375/451 2035/3379/463 2048/3486/463 2082/3487/463
f 2088/3488/902 2083/3489/500 2084/3490/500 2089/3491/902
f 2083/3489/500 2087/3492/903 2085/3493/903 2084/3490/500
f 2088/3494/463 2092/3495/463 2086/3496/463 2083/3497/463
f 2087/3498/463 2083/3497/463 2086/3496/463 2098/3499/463
f 2091/3500/904 2088/3488/902 2089/3491/902 2146/3501/904
f 2090/3502/463 2092/3495/463 2088/3494/463 2091/3503/463
f 2093/3504/905 2097/3505/906 2086/3506/907 2092/3507/908
f 2093/3504/905 2092/3507/908 2090/3508/909 2094/3509/910
f 2096/3510/463 2093/3511/463 2094/3512/463
f 2095/3513/463 2097/3514/463 2093/3511/463 2096/3510/463
f 2097/3505/906 2099/3515/911 2098/3516/911 2086/3506/907
f 2099/3517/463 2097/3514/463 2095/3513/463 2100/3518/463
f 2100/3519/912 2101/3520/913 2098/3516/911 2099/3515/911
f 2095/3521/914 2102/3522/914 2101/3520/913 2100/3519/912
f 2101/3523/463 2103/3524/463 2087/3498/463 2098/3499/463
f 2102/3525/463 2106/3526/463 2103/3524/463 2101/3523/463
f 2085/3493/903 2087/3492/903 2103/3527/915 2104/3528/915
f 2103/3527/915 2106/3529/916 2105/3530/916 2104/3528/915
f 2106/3529/916 2108/3531/501 2107/3532/501 2105/3530/916
f 2102/3525/463 2111/3533/463 2108/3534/463 2106/3526/463
f 2108/3531/501 2112/3535/917 2109/3536/917 2107/3532/501
f 2110/3537/463 2112/3538/463 2108/3534/463 2111/3533/463
f 2112/3535/917 2115/3539/918 2113/3540/918 2109/3536/917
f 2114/3541/463 2115/3542/463 2112/3538/463 2110/3537/463
f 2115/3539/918 2117/3543/919 2116/3544/919 2113/3540/918
f 2114/3541/463 2120/3545/463 2117/3546/463 2115/3542/463
f 2117/3543/919 2121/3547/446 2118/3548/446 2116/3544/919
f 2119/3549/463 2121/3550/463 2117/3546/463 2120/3545/463
f 2121/3551/446 2124/3552/920 2122/3553/920 2118/3554/446
f 2123/3555/463 2124/3556/463 2121/3550/463 2119/3549/463
f 2124/3552/920 2126/3557/921 2125/3558/921 2122/3553/920
f 2123/3555/463 2128/3559/463 2126/3560/463 2124/3556/463
f 2126/3557/921 2129/3561/922 2127/3562/922 2125/3558/921
f 2128/3559/463 2132/3563/463 2129/3564/463 2126/3560/463
f 2129/3561/922 2133/3565/499 2130/3566/499 2127/3562/922
f 2131/3567/463 2133/3568/463 2129/3564/463 2132/3563/463
f 2133/3565/499 2136/3569/923 2134/3570/923 2130/3566/499
f 2135/3571/463 2136/3572/463 2133/3568/463 2131/3567/463
f 2135/3571/463 2090/3502/463 2091/3503/463 2136/3572/463
f 2134/3570/923 2136/3569/923 2091/3500/904 2146/3501/904
f 2137/3573/924 2138/3574/925 2135/3575/926 2131/3576/924
f 2094/3509/910 2090/3508/909 2135/3575/926 2138/3574/925
f 2094/3512/463 2138/3577/463 2139/3578/463
f 2139/3578/463 2138/3577/463 2137/3579/463 2141/3580/463
f 2140/3581/927 2139/3582/928 2114/3583/929 2110/3584/927
f 2139/3582/928 2141/3585/930 2120/3586/931 2114/3583/929
f 2094/3512/463 2139/3578/463 2140/3587/463 2096/3510/463
f 2141/3585/930 2142/3588/932 2119/3589/933 2120/3586/931
f 2141/3580/463 2137/3579/463 2143/3590/463 2142/3591/463
f 2142/3591/463 2143/3590/463 2144/3592/463 2145/3593/463
f 2143/3594/934 2132/3595/934 2128/3596/935 2144/3597/936
f 2137/3573/924 2131/3576/924 2132/3595/934 2143/3594/934
f 2144/3597/936 2128/3596/935 2123/3598/937 2145/3599/938
f 2145/3599/938 2123/3598/937 2119/3600/933 2142/3601/932
f 2140/3581/927 2110/3584/927 2111/3602/939 2096/3603/939
f 2147/3604/451 2130/3605/451 2134/3606/451 2148/3607/451
f 2134/3606/451 2146/3608/451 2149/3609/451 2148/3607/451
f 2149/3609/451 2146/3608/451 2089/3610/451 2150/3611/451
f 2149/3612/940 2150/3613/941 2153/3614/941 2152/3615/940
f 2149/3612/940 2152/3615/940 2151/3616/942 2148/3617/942
f 2154/3618/500 2155/3619/500 2153/3614/941 2150/3613/941
f 2156/3620/943 2157/3621/943 2155/3619/500 2154/3618/500
f 2158/3622/944 2159/3623/944 2157/3621/943 2156/3620/943
f 2160/3624/916 2161/3625/916 2159/3623/944 2158/3622/944
f 2162/3626/501 2163/3627/501 2161/3625/916 2160/3624/916
f 2164/3628/945 2165/3629/945 2163/3627/501 2162/3626/501
f 2166/3630/918 2167/3631/918 2165/3629/945 2164/3628/945
f 2168/3632/946 2169/3633/946 2167/3631/918 2166/3630/918
f 2170/3634/446 2171/3635/446 2169/3633/946 2168/3632/946
f 2172/3636/947 2173/3637/947 2171/3635/446 2170/3634/446
f 2174/3638/948 2175/3639/948 2173/3640/947 2172/3641/947
f 2174/3638/948 2177/3642/949 2176/3643/949 2175/3639/948
f 2147/3644/499 2178/3645/499 2176/3643/949 2177/3642/949
f 2148/3617/942 2151/3616/942 2178/3645/499 2147/3644/499
f 2147/3604/451 2177/3646/451 2127/3647/451 2130/3605/451
f 2177/3646/451 2174/3648/451 2125/3649/451 2127/3647/451
f 2172/3650/451 2122/3651/451 2125/3649/451 2174/3648/451
f 2172/3650/451 2170/3652/451 2118/3653/451 2122/3651/451
f 2168/3654/451 2116/3655/451 2118/3656/451 2170/3657/451
f 2168/3654/451 2166/3658/451 2113/3659/451 2116/3655/451
f 2164/3660/451 2109/3661/451 2113/3659/451 2166/3658/451
f 2162/3662/451 2107/3663/451 2109/3661/451 2164/3660/451
f 2160/3664/451 2105/3665/451 2107/3663/451 2162/3662/451
f 2158/3666/451 2104/3667/451 2105/3665/451 2160/3664/451
f 2158/3666/451 2156/3668/451 2085/3669/451 2104/3667/451
f 2156/3668/451 2154/3670/451 2084/3671/451 2085/3669/451
f 2154/3670/451 2150/3611/451 2089/3610/451 2084/3671/451
f 2095/3521/914 2096/3603/939 2111/3602/939 2102/3522/914
f 2182/3672/706 2179/3673/706 2180/3674/706
f 2179/3675/707 2184/3676/707 2181/3677/707 2180/3678/707
f 2182/3679/501 2183/3680/501 2179/3681/501
f 2184/3682/501 2179/3681/501 2183/3680/501 2186/3683/501
f 2184/3676/500 2186/3684/500 2185/3685/500 2181/3677/500
f 2186/3684/451 2183/3686/451 2187/3687/451 2185/3685/451
f 2181/3688/499 2185/3689/950 2187/3690/951 2180/3691/952
f 2180/3692/500 2187/3693/500 2188/3694/500 2253/3695/500
f 2593/3696/500 2188/3694/500 2187/3693/500
f 2593/3696/500 2187/3693/500 2183/3697/500
f 2189/3698/500 2191/3699/500 2593/3696/500
f 2189/3698/500 2593/3696/500 2190/3700/500
f 2605/3701/953 2211/3702/500 2190/3700/500 2593/3696/500
f 2593/3696/500 2191/3699/500 2192/3703/500
f 2593/3696/500 2192/3703/500 2193/3704/500
f 2593/3696/500 2193/3704/500 2194/3705/500
f 2593/3696/500 2194/3705/500 2195/3706/500
f 2593/3696/500 2195/3706/500 2188/3694/500
f 2182/3679/501 2593/3707/501 2183/3680/501
f 2182/3679/501 2306/3708/501 2196/3709/501 2593/3707/501
f 2593/3707/501 2196/3709/501 2197/3710/501
f 2593/3707/501 2197/3710/501 2198/3711/501
f 2604/3712/501 2593/3707/501 2198/3711/501 2302/3713/501
f 2605/3714/953 2200/3715/954 2199/3716/955 2202/3717/956
f 2605/3714/953 2201/3718/957 2200/3715/954
f 2605/3714/953 2205/3719/958 2201/3718/957
f 2605/3701/953 2202/3720/956 2212/3721/500
f 2610/3722/959 2570/3723/960 2203/3724/961 2605/3714/953
f 2605/3714/953 2203/3724/961 2204/3725/962
f 2605/3714/953 2204/3725/962 2205/3719/958
f 2206/3726/500 2208/3727/500 2605/3701/953
f 2206/3726/500 2605/3701/953 2207/3728/500
f 2605/3701/953 2212/3721/500 2207/3728/500
f 2605/3701/953 2208/3727/500 2209/3729/500
f 2605/3701/953 2209/3729/500 2210/3730/500
f 2605/3701/953 2210/3730/500 2211/3702/500
f 2214/3731/500 2207/3728/500 2212/3721/500 2215/3732/500
f 2202/3733/451 2213/3734/451 2212/3735/451
f 2216/3736/501 2215/3737/501 2212/3735/501 2213/3734/501
f 2215/3738/963 2216/3739/963 2199/3740/963
f 2216/3741/964 2213/3742/965 2202/3717/956 2199/3716/955
f 2199/3743/706 2214/3744/706 2215/3745/706
f 2199/3743/706 2217/3746/706 2214/3744/706
f 2217/3747/707 2220/3748/707 2218/3749/707 2214/3750/707
f 2218/3751/499 2221/3752/966 2207/3753/967 2214/3754/968
f 2219/3755/500 2221/3756/500 2218/3749/500 2220/3748/500
f 2219/3755/451 2206/3757/451 2207/3758/451 2221/3756/451
f 2220/3759/501 2217/3760/969 2206/3761/970 2219/3762/971
f 2199/3743/706 2222/3763/706 2217/3746/706
f 2222/3764/500 2208/3727/500 2206/3726/500 2217/3765/500
f 2199/3743/706 2223/3766/706 2222/3763/706
f 2223/3767/707 2225/3768/707 2224/3769/707 2222/3770/707
f 2224/3771/499 2226/3772/972 2208/3773/951 2222/3774/973
f 2226/3775/500 2224/3769/500 2225/3768/500 2227/3776/500
f 2227/3776/451 2209/3777/451 2208/3778/451 2226/3775/451
f 2225/3779/501 2223/3780/974 2209/3781/975 2227/3782/976
f 2199/3743/706 2228/3783/706 2223/3766/706
f 2228/3784/500 2210/3730/500 2209/3729/500 2223/3785/500
f 2199/3743/706 2229/3786/706 2228/3783/706
f 2229/3787/707 2231/3788/707 2230/3789/707 2228/3790/707
f 2230/3791/499 2232/3792/977 2210/3793/978 2228/3794/979
f 2232/3795/500 2230/3789/500 2231/3788/500 2233/3796/500
f 2233/3796/451 2211/3797/451 2210/3798/451 2232/3795/451
f 2231/3799/501 2229/3800/980 2211/3801/981 2233/3802/982
f 2199/3743/706 2234/3803/706 2229/3786/706
f 2234/3804/500 2190/3700/500 2211/3702/500 2229/3805/500
f 2182/3672/706 2235/3806/706 2234/3803/706 2199/3743/706
f 2235/3807/707 2237/3808/707 2236/3809/707 2234/3810/707
f 2236/3811/983 2190/3812/983 2234/3813/984
f 2236/3811/983 2238/3814/985 2190/3812/983
f 2238/3815/500 2236/3809/500 2237/3808/500 2239/3816/500
f 2239/3816/451 2189/3817/451 2190/3818/451 2238/3815/451
f 2237/3819/986 2189/3820/986 2239/3821/987
f 2237/3819/986 2235/3822/988 2189/3820/986
f 2182/3672/706 2240/3823/706 2235/3806/706
f 2240/3824/500 2191/3699/500 2189/3698/500 2235/3825/500
f 2182/3672/706 2241/3826/989 2240/3823/706
f 2241/3827/707 2243/3828/707 2242/3829/707 2240/3830/707
f 2242/3831/990 2191/3832/990 2240/3833/991
f 2242/3831/990 2244/3834/992 2191/3832/990
f 2244/3835/500 2242/3829/500 2243/3828/500 2245/3836/500
f 2245/3836/451 2192/3837/451 2191/3838/451 2244/3835/451
f 2243/3839/993 2192/3840/993 2245/3841/994
f 2243/3839/993 2241/3842/995 2192/3840/993
f 2182/3672/706 2246/3843/706 2241/3826/989
f 2246/3844/500 2193/3704/500 2192/3703/500 2241/3845/500
f 2182/3672/706 2247/3846/706 2246/3843/706
f 2247/3847/707 2249/3848/707 2248/3849/707 2246/3850/707
f 2248/3851/996 2193/3852/996 2246/3853/997
f 2248/3851/996 2250/3854/998 2193/3852/996
f 2250/3855/500 2248/3849/500 2249/3848/500 2251/3856/500
f 2251/3856/451 2194/3857/451 2193/3858/451 2250/3855/451
f 2249/3859/999 2194/3860/999 2251/3861/1000
f 2249/3859/999 2247/3862/1001 2194/3860/999
f 2182/3672/706 2252/3863/706 2247/3846/706
f 2252/3864/500 2195/3706/500 2194/3705/500 2247/3865/500
f 2182/3672/706 2253/3866/706 2252/3863/706
f 2253/3867/707 2255/3868/707 2254/3869/707 2252/3870/707
f 2254/3871/1002 2195/3872/1002 2252/3873/1003
f 2255/3868/500 2257/3874/500 2256/3875/500 2254/3869/500
f 2254/3871/1002 2256/3876/1004 2195/3872/1002
f 2257/3874/451 2188/3877/451 2195/3878/451 2256/3875/451
f 2255/3879/501 2253/3880/980 2188/3881/981 2257/3882/982
f 2182/3672/706 2180/3674/706 2253/3866/706
f 2258/3883/1005 2259/3884/1006 2205/3885/1007 2204/3886/1008
f 2259/3884/1006 2260/3887/1009 2201/3888/1010 2205/3885/1007
f 2668/3889/1011 2260/3890/918 2259/3891/1012 2669/3892/1013
f 2669/3892/1013 2259/3891/1012 2258/3893/1014 3015/3894/1015
f 2260/3887/1009 2263/3895/1016 2261/3896/1017 2201/3888/1010
f 2262/3897/1018 2263/3898/918 2260/3890/918
f 2260/3890/918 2668/3889/1011 2262/3897/1018
f 2262/3897/1018 2267/3899/1019 2264/3900/1020 2263/3898/918
f 2261/3896/1017 2263/3895/1016 2264/3901/751
f 2264/3901/751 2266/3902/751 2265/3903/751 2261/3896/1017
f 2267/3899/1019 2269/3904/1021 2266/3905/1021 2264/3900/1020
f 2268/3906/463 2267/3907/463 2262/3908/463
f 2268/3906/463 2269/3909/463 2267/3907/463
f 2266/3910/446 2269/3911/446 2268/3912/446 2265/3913/446
f 2268/3906/463 2262/3908/463 2271/3914/463
f 2268/3915/1022 2271/3916/1023 2270/3917/1024 2200/3918/1025
f 2261/3919/1026 2265/3920/1027 2268/3915/1022 2200/3918/1025
f 2272/3921/795 2270/3922/795 2271/3923/795 2273/3924/795
f 2276/3925/463 2273/3926/463 2271/3914/463
f 2271/3914/463 2274/3927/463 2277/3928/463 2276/3925/463
f 2271/3914/463 2275/3929/463 2274/3927/463
f 2271/3914/463 2278/3930/463 2275/3929/463
f 2271/3914/463 2262/3908/463 2278/3930/463
f 2690/3931/446 2278/3932/446 2262/3897/1018 2668/3889/1011
f 2689/3933/1028 2275/3934/1029 2278/3935/446 2690/3936/446
f 2275/3934/1029 2689/3933/1028 2279/3937/921
f 2689/3933/1028 2693/3938/1030 2280/3939/1031 2279/3937/921
f 2693/3938/1030 2695/3940/1032 2281/3941/1033 2280/3939/1031
f 2282/3942/1034 2281/3941/1033 2695/3940/1032 2697/3943/1035
f 2698/3944/1036 2283/3945/1036 2282/3942/1034 2697/3943/1035
f 2699/3946/1037 2286/3947/1038 2283/3945/1036 2698/3944/1036
f 2282/3948/1039 2283/3949/1040 2284/3950/1040
f 2283/3949/1040 2286/3951/1041 2285/3952/1041 2284/3950/1040
f 2286/3951/1041 2288/3953/1042 2287/3954/1043 2285/3952/1041
f 2288/3955/1044 2286/3947/1038 2705/3956/1045 2289/3957/1046
f 2705/3956/1045 2286/3947/1038 2699/3946/1037
f 2289/3957/1046 2290/3958/1047 2288/3955/1044
f 2287/3954/1043 2288/3953/1042 2290/3959/1048 2292/3960/1049
f 2289/3957/1046 2291/3961/1050 2290/3958/1047
f 2290/3959/1048 2291/3962/1051 2293/3963/1051 2292/3960/1049
f 2291/3962/1051 2294/3964/1051 2293/3963/1051
f 2293/3965/500 2294/3966/1052 2295/3967/1053 2297/3968/1054
f 2296/3969/1051 2299/3970/1049 2292/3960/1049 2293/3963/1051
f 2293/3965/500 2297/3968/1054 2296/3971/500
f 2295/3972/738 2317/3973/738 2298/3974/738 2297/3975/738
f 2299/3976/501 2296/3977/501 2297/3978/501 2298/3979/501
f 2299/3970/1049 2300/3980/1042 2287/3954/1043 2292/3960/1049
f 2299/3976/501 2298/3979/501 2300/3981/501
f 2285/3952/1041 2287/3954/1043 2300/3980/1042 2301/3982/1041
f 2301/3983/501 2300/3981/501 2604/3712/501
f 2298/3979/501 2318/3984/501 2604/3712/501 2300/3981/501
f 2284/3950/1040 2285/3952/1041 2301/3982/1041 2302/3985/1055
f 2301/3983/501 2604/3712/501 2302/3713/501
f 2284/3950/1040 2302/3985/1055 2303/3986/463 2282/3948/1039
f 2303/3986/463 2302/3985/1055 2198/3987/463
f 2304/3988/1056 2303/3986/463 2198/3987/463 2197/3989/1056
f 2304/3988/1056 2281/3990/1005 2282/3948/1039 2303/3986/463
f 2305/3991/1057 2304/3988/1056 2197/3989/1056 2196/3992/1006
f 2305/3991/1057 2280/3993/1006 2281/3990/1005 2304/3988/1056
f 2306/3994/1058 2308/3995/1059 2305/3991/1057 2196/3992/1006
f 2307/3996/1060 2279/3997/1060 2280/3993/1006 2305/3991/1057
f 2305/3991/1057 2308/3995/1059 2307/3996/1060
f 2306/3998/463 2182/3999/463 2309/4000/463 2308/4001/463
f 2272/4002/501 2308/4003/501 2309/4004/501
f 2308/4003/501 2272/4002/501 2273/4005/501 2310/4006/501
f 2308/3995/1059 2310/4007/1061 2311/4008/1062 2307/3996/1060
f 2313/4009/1016 2279/3997/1060 2307/3996/1060 2311/4008/1062
f 2311/4008/1062 2312/4010/751 2315/4011/751 2314/4012/751
f 2312/4010/751 2311/4008/1062 2310/4007/1061
f 2314/4012/751 2313/4009/1016 2311/4008/1062
f 2312/4013/446 2276/4014/446 2277/4015/446 2315/4016/446
f 2274/4017/1063 2314/4018/1064 2315/4019/1065 2277/4020/1065
f 2275/3934/1029 2313/4021/921 2314/4018/1064 2274/4017/1063
f 2275/3934/1029 2279/3937/921 2313/4021/921
f 2273/4005/501 2276/4022/501 2312/4023/501 2310/4006/501
f 2270/4024/500 2272/4025/500 2309/4026/500 2200/4027/500
f 2199/4028/463 2200/4029/463 2309/4000/463 2182/3999/463
f 2319/4030/1066 2320/4031/1067 2298/4032/1068 2316/4033/1069
f 2316/4034/1070 2298/4035/1071 2317/4036/1072
f 2318/3984/501 2298/3979/501 2320/4037/501 2321/4038/501
f 2320/4039/463 2319/4040/463 2322/4041/463 2321/4042/463
f 2323/4043/663 2318/4044/663 2321/4045/663 2322/4046/663
f 2324/4047/1073 2323/4048/1073 2322/4049/1073 2325/4050/1073
f 2325/4051/463 2322/4041/463 2319/4040/463 2328/4052/463
f 2325/4051/463 2328/4052/463 2327/4053/463 2326/4054/463
f 2326/4055/654 2582/4056/654 2324/4057/654 2325/4058/654
f 2328/4059/464 2330/4060/464 2329/4061/464 2327/4062/464
f 2330/4063/1074 2328/4064/1075 2319/4065/1076 2337/4066/1077
f 2330/4067/446 2749/4068/446 2604/4069/446 2329/4070/446
f 2330/4071/1078 2332/4072/1078 2331/4073/1079 2749/4074/1079
f 2332/4075/1080 2330/4076/1080 2333/4077/1080 2459/4078/1080
f 2333/4079/463 2330/4080/463 2334/4081/463 2579/4082/463
f 2335/4083/463 2334/4081/463 2330/4080/463 2336/4084/463
f 2336/4084/463 2330/4080/463 2338/4085/463
f 2337/4086/463 2340/4087/463 2338/4085/463 2330/4080/463
f 2338/4088/1081 2341/4089/1081 2339/4090/1082 2336/4091/1082
f 2340/4092/1083 2343/4093/1083 2341/4089/1081 2338/4088/1081
f 2342/4094/451 2339/4095/451 2341/4096/451
f 2342/4094/451 2341/4096/451 2343/4097/451
f 2344/4098/1084 2346/4099/1084 2343/4100/1083 2340/4101/1083
f 2343/4097/451 2346/4102/451 2345/4103/451 2342/4094/451
f 2347/4104/499 2349/4105/499 2346/4099/1084 2344/4098/1084
f 2348/4106/451 2345/4103/451 2346/4102/451 2349/4107/451
f 2350/4108/1085 2351/4109/1085 2349/4105/499 2347/4104/499
f 2348/4106/451 2349/4107/451 2351/4110/451
f 2352/4111/1086 2354/4112/1086 2351/4109/1085 2350/4108/1085
f 2351/4110/451 2354/4113/451 2353/4114/451 2348/4106/451
f 2355/4115/1087 2357/4116/1087 2354/4112/1086 2352/4111/1086
f 2356/4117/451 2353/4114/451 2354/4113/451 2357/4118/451
f 2358/4119/1088 2359/4120/1089 2357/4116/1087 2355/4115/1087
f 2356/4117/451 2357/4118/451 2359/4121/451
f 2360/4122/1090 2361/4123/1091 2359/4120/1089 2358/4119/1088
f 2356/4117/451 2359/4121/451 2361/4124/451
f 2362/4125/1092 2366/4126/1092 2361/4123/1091 2360/4122/1090
f 2361/4124/451 2363/4127/451 2365/4128/451 2356/4117/451
f 2364/4129/451 2363/4127/451 2361/4124/451 2366/4130/451
f 2367/4131/1093 2368/4132/1093 2366/4126/1092 2362/4125/1092
f 2366/4130/451 2368/4133/451 2364/4129/451
f 2369/4134/1094 2370/4135/1094 2368/4132/1093 2367/4131/1093
f 2368/4133/451 2370/4136/451 2371/4137/451 2364/4129/451
f 2372/4138/1095 2371/4139/1095 2373/4140/1085 2374/4141/1085
f 2372/4138/1095 2578/4142/1096 2364/4143/1096 2371/4139/1095
f 2373/4144/451 2371/4137/451 2370/4136/451 2375/4145/451
f 2374/4141/1085 2373/4140/1085 2376/4146/499 2377/4147/499
f 2376/4148/451 2373/4144/451 2375/4145/451 2380/4149/451
f 2378/4150/1084 2377/4147/499 2376/4146/499 2379/4151/1084
f 2379/4152/451 2376/4148/451 2380/4149/451 2383/4153/451
f 2381/4154/1097 2383/4155/1097 2380/4156/1098 2382/4157/1098
f 2382/4157/1098 2380/4156/1098 2375/4158/501 2580/4159/501
f 2384/4160/1099 2385/4161/1099 2383/4155/1097 2381/4154/1097
f 2383/4153/451 2385/4162/451 2386/4163/451 2379/4152/451
f 2378/4150/1084 2379/4151/1084 2386/4164/1100 2387/4165/1100
f 2387/4166/1100 2386/4167/1100 2388/4168/1101 2390/4169/1101
f 2388/4170/451 2386/4163/451 2385/4162/451 2389/4171/451
f 2389/4171/451 2392/4172/451 2391/4173/451 2388/4170/451
f 2390/4169/1101 2388/4168/1101 2391/4174/1082 2334/4175/1082
f 2334/4175/1082 2391/4174/1082 2393/4176/1102 2579/4177/1102
f 2391/4173/451 2392/4172/451 2394/4178/451 2393/4179/451
f 2392/4180/1103 2814/4181/1104 2394/4182/1105
f 2394/4182/1105 2814/4181/1104 2816/4183/1106 2395/4184/1107
f 2397/4185/451 2394/4178/451 2395/4186/451 2400/4187/451
f 2396/4188/451 2394/4178/451 2397/4185/451
f 2393/4179/451 2394/4178/451 2396/4188/451
f 2398/4189/1099 2396/4190/1099 2397/4191/1108 2399/4192/1108
f 2399/4192/1108 2397/4191/1108 2400/4193/1109 2401/4194/1109
f 2402/4195/501 2401/4194/1109 2400/4193/1109 2403/4196/501
f 2400/4187/451 2395/4186/451 2404/4197/451 2403/4198/451
f 2395/4184/1107 2816/4183/1106 2826/4199/1110 2404/4200/1110
f 2404/4200/1110 2826/4199/1110 2828/4201/1111 2405/4202/1112
f 2406/4203/451 2404/4197/451 2405/4204/451 2408/4205/451
f 2403/4198/451 2404/4197/451 2406/4203/451
f 2402/4195/501 2403/4196/501 2406/4206/1113 2407/4207/1113
f 2407/4207/1113 2406/4206/1113 2408/4208/1114 2409/4209/1114
f 2409/4209/1114 2408/4208/1114 2410/4210/1092 2413/4211/1092
f 2408/4205/451 2405/4204/451 2411/4212/451 2410/4213/451
f 2405/4202/1112 2828/4201/1111 2835/4214/1115 2411/4215/1116
f 2411/4215/1116 2835/4214/1115 2836/4216/446 2365/4217/446
f 2411/4212/451 2365/4128/451 2363/4127/451 2412/4218/451
f 2410/4213/451 2411/4212/451 2412/4218/451
f 2413/4211/1092 2410/4210/1092 2412/4219/1090 2414/4220/1090
f 2414/4220/1090 2412/4219/1090 2363/4221/1089 2415/4222/1088
f 2413/4223/463 2414/4224/463 2416/4225/463 2433/4226/463
f 2417/4227/463 2414/4224/463 2415/4228/463 2418/4229/463
f 2416/4225/463 2414/4224/463 2417/4227/463
f 2420/4230/1117 2419/4231/1118 2417/4232/1119 2418/4233/736
f 2416/4234/795 2417/4235/795 2419/4236/795
f 2421/4237/1120 2423/4238/1121 2420/4230/1117
f 2421/4237/1120 2420/4230/1117 2422/4239/1120
f 2422/4239/1120 2420/4230/1117 2849/4240/1122
f 2420/4230/1117 2423/4238/1121 2424/4241/1123 2419/4231/1118
f 2420/4230/1117 2418/4233/736 2850/4242/500 2849/4240/1122
f 2425/4243/795 2416/4234/795 2419/4236/795 2424/4244/795
f 2425/4243/795 2424/4244/795 2426/4245/795
f 2423/4238/1121 2427/4246/1124 2426/4247/1124 2424/4241/1123
f 2427/4248/500 2428/4249/500 2425/4250/500 2426/4251/500
f 2428/4252/1125 2427/4253/1051 2423/4254/1051
f 2416/4255/1027 2425/4256/1126 2428/4257/1126 2429/4258/1026
f 2429/4259/1127 2428/4252/1125 2430/4260/1128
f 2421/4261/1129 2430/4260/1128 2428/4252/1125 2423/4254/1051
f 2431/4262/1130 2432/4263/1131 2430/4264/1132
f 2430/4260/1128 2421/4261/1129 2422/4265/1042 2431/4266/1043
f 2432/4267/1131 2429/4258/1133 2430/4268/1132
f 2433/4269/1134 2416/4255/1027 2429/4258/1026 2432/4267/1135
f 2432/4267/1135 2434/4270/1136 2433/4269/1134
f 2434/4271/1137 2432/4263/1131 2610/3722/959 2862/4272/1137
f 2610/3722/959 2432/4263/1131 2431/4262/1130 2569/4273/1138
f 2863/4274/1139 2436/4275/1140 2434/4271/1137 2862/4272/1137
f 2434/4270/1136 2436/4276/1141 2435/4277/1142 2433/4269/1134
f 2436/4276/1141 2437/4278/1143 2435/4277/1142
f 2438/4279/1144 2437/4280/1145 2436/4275/1140
f 2438/4279/1144 2436/4275/1140 2863/4274/1139 2868/4281/1146
f 2868/4282/446 2874/4283/446 2439/4284/1147 2438/4285/1147
f 2438/4285/1147 2439/4284/1147 2440/4286/1148 2437/4287/1148
f 2441/4288/1149 2437/4287/1148 2440/4286/1148 2442/4289/1149
f 2442/4290/1150 2440/4291/1151 2443/4292/1152 2444/4293/1151
f 2443/4292/1152 2440/4291/1151 2439/4294/1153 2874/4295/1154
f 2874/4295/1154 2878/4296/1155 2443/4292/1152
f 2445/4297/1156 2444/4293/1151 2443/4292/1152 2446/4298/1156
f 2447/4299/1157 2445/4297/1156 2446/4298/1156 2448/4300/1151
f 2447/4299/1157 2448/4300/1151 2449/4301/1158
f 2449/4301/1158 2450/4302/1156 2451/4303/1159 2452/4304/1160
f 2449/4301/1158 2883/4305/1161 2450/4302/1156
f 2449/4301/1158 2887/4306/1162 2883/4305/1161
f 2449/4301/1158 2452/4304/1160 2453/4307/1157 2447/4299/1157
f 2454/4308/1163 2447/4309/1164 2453/4310/1165 2455/4311/1165
f 2455/4311/1165 2453/4310/1165 2452/4312/1166 2456/4313/1167
f 2333/4314/1168 2454/4315/1169 2455/4316/1170
f 2333/4314/1168 2455/4316/1170 2456/4317/1171
f 2457/4318/1172 2459/4319/1173 2333/4314/1168 2456/4317/1171
f 2456/4313/1167 2452/4312/1166 2451/4320/801 2457/4321/1174
f 2457/4321/1174 2451/4320/801 2450/4322/1175 2458/4323/1175
f 2458/4324/1176 2460/4325/1177 2459/4326/1178 2457/4327/1178
f 2460/4328/446 2331/4329/446 2332/4330/446 2459/4331/446
f 2460/4332/463 2461/4333/463 2463/4334/463 2331/4335/463
f 2460/4336/499 2462/4337/499 2461/4338/499
f 2462/4337/499 2460/4336/499 2897/4339/499 3003/4340/499
f 2458/4324/1176 3004/4341/1179 2897/4342/1179 2460/4325/1177
f 2331/4073/1079 2463/4343/1180 2464/4344/1180 2483/4345/1180
f 2479/4346/1181 2464/4344/1180 2463/4343/1180 2465/4347/1181
f 2463/4348/1182 2466/4349/1182 2465/4350/1182
f 2463/4348/1182 2467/4351/1182 2466/4349/1182
f 2463/4348/1182 2468/4352/1182 2467/4351/1182
f 2463/4348/1182 2469/4353/1182 2468/4352/1182
f 2463/4348/1182 2470/4354/1182 2469/4353/1182
f 2463/4348/1182 2471/4355/1182 2470/4354/1182
f 2463/4348/1182 2472/4356/1182 2471/4355/1182
f 2463/4348/1182 2473/4357/1182 2472/4356/1182
f 2463/4348/1182 2474/4358/1182 2473/4357/1182
f 2463/4348/1182 2475/4359/1182 2474/4358/1182
f 2463/4348/1182 2476/4360/1182 2475/4359/1182
f 2463/4348/1182 2477/4361/1182 2476/4360/1182
f 2463/4348/1182 2478/4362/1182 2477/4361/1182
f 2461/4363/1182 2521/4364/1182 2478/4362/1182 2463/4348/1182
f 2466/4365/1183 2480/4366/1183 2479/4367/1183 2465/4368/1183
f 2480/4369/446 2482/4370/446 2464/4371/446 2479/4372/446
f 2481/4373/1184 2482/4374/1184 2480/4375/1184 2466/4376/1184
f 2464/4377/1185 2482/4378/1185 2481/4379/1186 2483/4380/1185
f 2484/4381/446 2481/4373/446 2466/4376/446 2467/4382/446
f 2483/4380/1185 2481/4379/1186 2484/4383/1185
f 2484/4381/501 2467/4382/501 2487/4384/501 2485/4385/501
f 2485/4386/451 2489/4387/451 2486/4388/1185 2484/4389/1185
f 2483/4380/1185 2484/4383/1185 2486/4390/1185 2490/4391/1185
f 2468/4392/1183 2488/4393/1183 2487/4394/1183 2467/4395/1183
f 2488/4396/446 2489/4387/446 2485/4386/446 2487/4397/446
f 2486/4398/499 2489/4399/499 2488/4400/499 2468/4401/499
f 2490/4402/446 2486/4398/446 2468/4401/446 2469/4403/446
f 2490/4402/501 2469/4403/501 2493/4404/501 2491/4405/501
f 2491/4406/451 2495/4407/451 2492/4408/1185 2490/4409/1185
f 2483/4380/1185 2490/4391/1185 2492/4410/1185
f 2470/4411/1183 2494/4412/1183 2493/4413/1183 2469/4414/1183
f 2494/4415/446 2495/4407/446 2491/4406/446 2493/4416/446
f 2492/4417/499 2495/4418/499 2494/4419/499 2470/4420/499
f 2483/4380/1185 2492/4410/1185 2496/4421/1185 2498/4422/1185
f 2492/4417/446 2470/4420/446 2471/4423/446 2496/4424/446
f 2496/4424/501 2471/4423/501 2499/4425/501 2497/4426/501
f 2497/4427/451 2501/4428/451 2498/4429/1185 2496/4430/1185
f 2472/4431/1183 2500/4432/1183 2499/4433/1183 2471/4434/1183
f 2500/4435/446 2501/4428/446 2497/4427/446 2499/4436/446
f 2498/4437/499 2501/4438/499 2500/4439/499 2472/4440/499
f 2483/4380/1185 2498/4422/1185 2502/4441/1185 2504/4442/1185
f 2502/4443/446 2498/4437/446 2472/4440/446 2473/4444/446
f 2502/4443/501 2473/4444/501 2505/4445/501 2503/4446/501
f 2503/4447/451 2507/4448/451 2504/4449/1185 2502/4450/1185
f 2474/4451/1183 2506/4452/1183 2505/4453/1183 2473/4454/1183
f 2506/4455/446 2507/4448/446 2503/4447/446 2505/4456/446
f 2504/4457/499 2507/4458/499 2506/4459/499 2474/4460/499
f 2483/4380/1185 2504/4442/1185 2508/4461/1185
f 2508/4462/446 2504/4457/446 2474/4460/446 2475/4463/446
f 2508/4462/501 2475/4463/501 2511/4464/501 2509/4465/501
f 2509/4466/451 2513/4467/451 2510/4468/1185 2508/4469/1185
f 2483/4380/1185 2508/4461/1185 2510/4470/1185 2514/4471/1185
f 2476/4472/1183 2512/4473/1183 2511/4474/1183 2475/4475/1183
f 2512/4476/446 2513/4467/446 2509/4466/446 2511/4477/446
f 2510/4478/499 2513/4479/499 2512/4480/499 2476/4481/499
f 2510/4478/446 2476/4481/446 2477/4482/446 2514/4483/446
f 2514/4483/501 2477/4482/501 2517/4484/501 2515/4485/501
f 2515/4486/451 2519/4487/451 2516/4488/474 2514/4489/1185
f 2483/4380/1185 2514/4471/1185 2516/4490/474 2520/4491/1185
f 2478/4492/1183 2518/4493/1183 2517/4494/1183 2477/4495/1183
f 2518/4496/446 2519/4487/446 2515/4486/446 2517/4497/446
f 2516/4498/499 2519/4499/499 2518/4500/499 2478/4501/499
f 2520/4502/446 2516/4498/446 2478/4501/446 2521/4503/446
f 2483/4380/1185 2520/4491/1185 2524/4504/753
f 2520/4502/501 2521/4503/501 2523/4505/501 2522/4506/501
f 2520/4507/1185 2522/4508/451 2525/4509/451 2524/4510/753
f 2524/4511/499 2525/4512/499 2526/4513/499 2527/4514/499
f 2526/4515/446 2525/4509/446 2522/4508/446 2523/4516/446
f 2527/4517/1183 2526/4518/1183 2523/4519/1183 2521/4520/1183
f 2461/4363/1182 2528/4521/1182 2527/4522/1182
f 2461/4363/1182 2527/4522/1182 2521/4364/1182
f 2524/4511/446 2527/4514/446 2528/4523/446 2531/4524/446
f 2461/4363/1182 2529/4525/1182 2528/4521/1182
f 2529/4526/1183 2535/4527/1183 2530/4528/1183 2528/4529/1183
f 2531/4524/501 2528/4523/501 2530/4530/501 2533/4531/501
f 2462/4532/451 2531/4533/753 2532/4534/451
f 2462/4532/451 2483/4380/1185 2524/4504/753 2531/4533/753
f 2531/4535/753 2533/4536/451 2534/4537/451 2532/4538/451
f 2532/4539/499 2534/4540/499 2535/4541/499 2529/4542/499
f 2535/4543/446 2534/4537/446 2533/4536/446 2530/4544/446
f 2462/4532/451 2532/4534/451 2536/4545/451 2542/4546/451
f 2532/4539/446 2529/4542/446 2537/4547/446 2536/4548/446
f 2461/4363/1182 2538/4549/1182 2537/4550/1182
f 2461/4363/1182 2537/4550/1182 2529/4525/1182
f 2538/4551/1183 2540/4552/1183 2539/4553/1183 2537/4554/1183
f 2536/4548/501 2537/4547/501 2539/4555/501 2541/4556/501
f 2540/4557/446 2543/4558/446 2541/4559/446 2539/4560/446
f 2541/4559/451 2543/4558/451 2542/4561/451 2536/4562/451
f 2542/4563/499 2543/4564/499 2540/4565/499 2538/4566/499
f 2462/4532/451 2542/4546/451 2544/4567/451
f 2542/4563/446 2538/4566/446 2545/4568/446 2544/4569/446
f 2461/4363/1182 2546/4570/1182 2545/4571/1182
f 2461/4363/1182 2545/4571/1182 2538/4549/1182
f 2546/4572/1183 2548/4573/1183 2547/4574/1183 2545/4575/1183
f 2544/4569/501 2545/4568/501 2547/4576/501 2549/4577/501
f 2548/4578/446 2550/4579/446 2549/4580/446 2547/4581/446
f 2550/4579/451 2551/4582/451 2544/4583/451 2549/4580/451
f 2551/4584/499 2550/4585/499 2548/4586/499 2546/4587/499
f 2462/4532/451 2544/4567/451 2551/4588/451 2552/4589/451
f 2551/4584/446 2546/4587/446 2553/4590/446 2552/4591/446
f 2461/4363/1182 2554/4592/1182 2553/4593/1182
f 2461/4363/1182 2553/4593/1182 2546/4570/1182
f 2554/4594/1183 2556/4595/1183 2555/4596/1183 2553/4597/1183
f 2552/4591/501 2553/4590/501 2555/4598/501 2557/4599/501
f 2556/4600/446 2558/4601/446 2557/4602/446 2555/4603/446
f 2558/4604/451 2559/4605/451 2552/4606/451 2557/4607/451
f 2559/4608/499 2558/4609/499 2556/4610/499 2554/4611/499
f 2462/4532/451 2552/4589/451 2559/4612/451 2560/4613/451
f 2559/4608/446 2554/4611/446 2561/4614/446 2560/4615/446
f 2461/4363/1182 2561/4616/1182 2554/4592/1182
f 2461/4363/1182 2562/4617/1182 2561/4616/1182
f 2561/4618/1183 2562/4619/1183 2564/4620/1183 2563/4621/1183
f 2560/4615/501 2561/4614/501 2563/4622/501 2566/4623/501
f 2563/4624/446 2564/4625/446 2565/4626/446 2566/4627/446
f 2564/4628/1187 2462/4629/1187 2565/4630/1187
f 2562/4631/1187 2461/4632/1187 2462/4629/1187 2564/4628/1187
f 2560/4613/451 2566/4633/451 2565/4634/451 2462/4532/451
f 2749/4074/1079 2331/4073/1079 2483/4345/1180 3002/4635/1079
f 2483/4636/446 2462/4637/446 3003/4638/446 3002/4639/446
f 2458/4323/1175 2450/4322/1175 2883/4640/500 3004/4641/500
f 2435/4277/1142 2567/4642/1188 2454/4315/1169 2333/4314/1168
f 2567/4643/1189 2445/4644/1189 2447/4309/1164 2454/4308/1163
f 2435/4277/1142 2568/4645/1190 2567/4642/1188
f 2568/4646/1191 2444/4647/1192 2445/4644/1189 2567/4643/1189
f 2435/4277/1142 2441/4648/1193 2568/4645/1190
f 2568/4646/1191 2441/4288/1149 2442/4289/1149 2444/4647/1192
f 2435/4277/1142 2437/4278/1143 2441/4648/1193
f 2433/4226/463 2435/4649/463 2402/4650/463 2407/4651/463
f 2398/4652/463 2435/4649/463 2333/4079/463 2579/4082/463
f 2435/4649/463 2399/4653/463 2401/4654/463
f 2435/4649/463 2398/4652/463 2399/4653/463
f 2435/4649/463 2401/4654/463 2402/4650/463
f 2433/4226/463 2407/4651/463 2409/4655/463
f 2433/4226/463 2409/4655/463 2413/4223/463
f 2569/4656/1194 2431/4266/1043 2422/4265/1042 2571/4657/1041
f 2610/3722/959 2569/4273/1138 2570/3723/960
f 2570/4658/1195 2569/4656/1194 2571/4657/1041 2572/4659/1040
f 2572/4660/1196 2571/4661/1197 3011/4662/1123 3012/4663/1196
f 2849/4240/1122 3011/4662/1123 2571/4661/1197 2422/4239/1120
f 2573/4664/1198 2572/4660/1196 3012/4663/1196 3014/4665/1199
f 3015/3894/1015 2258/3893/1014 2573/4664/1198 3014/4665/1199
f 2572/4659/1040 2573/4666/463 2203/4667/1200 2570/4658/1195
f 2573/4666/463 2258/3883/1005 2204/3886/1008 2203/4667/1200
f 2850/4242/500 2418/4233/736 2289/3957/1046 2705/3956/1045
f 2574/4668/1201 2418/4229/463 2415/4228/463 2360/4669/788
f 2289/3957/1046 2418/4233/736 2574/4670/1202 2575/4671/1203
f 2575/4672/795 2574/4673/795 2317/3973/738
f 2317/4036/1072 2574/4668/1201 2360/4669/788 2358/4674/1204
f 2575/4672/795 2317/3973/738 2576/4675/1205
f 2289/3957/1046 2575/4671/1203 2576/4676/1206 2291/3961/1050
f 2576/4675/1205 2317/3973/738 2295/3972/738 2577/4677/738
f 2291/3961/1050 2576/4676/1206 2577/4678/1207 2294/4679/1207
f 2294/3966/1052 2577/4680/1208 2295/3967/1053
f 2415/4228/463 2578/4681/463 2362/4682/463 2360/4669/788
f 2415/4222/1088 2363/4221/1089 2364/4143/1096 2578/4142/1096
f 2367/4683/463 2362/4682/463 2578/4681/463 2372/4684/463
f 2365/4217/446 2836/4216/446 3021/4685/1209 2356/4686/1210
f 2356/4686/1210 3021/4685/1209 3022/4687/1211 2353/4688/1212
f 2353/4689/1212 3022/4690/1211 3023/4691/1213 2348/4692/1213
f 2348/4692/1213 3023/4691/1213 3024/4693/1214 2345/4694/1215
f 2345/4694/1215 3024/4693/1214 3025/4695/1216 2342/4696/1217
f 2342/4696/1217 3025/4695/1216 3026/4697/1218
f 2392/4180/1103 2342/4696/1217 3026/4697/1218 2814/4181/1104
f 2579/4177/1102 2393/4176/1102 2396/4190/1099 2398/4189/1099
f 2389/4171/451 2339/4095/451 2342/4094/451 2392/4172/451
f 2384/4698/463 2381/4699/463 2387/4700/463 2390/4701/463
f 2335/4083/463 2384/4698/463 2390/4701/463 2334/4081/463
f 2335/4702/1102 2389/4703/1102 2385/4161/1099 2384/4160/1099
f 2336/4091/1082 2339/4090/1082 2389/4703/1102 2335/4702/1102
f 2381/4699/463 2382/4704/463 2378/4705/463 2387/4700/463
f 2382/4704/463 2580/4706/463 2377/4707/463 2378/4705/463
f 2369/4134/1094 2580/4159/501 2375/4158/501 2370/4135/1094
f 2374/4708/463 2377/4707/463 2580/4706/463 2369/4709/463
f 2372/4684/463 2374/4708/463 2369/4709/463 2367/4683/463
f 2317/4036/1072 2358/4674/1204 2355/4710/1219
f 2317/4036/1072 2355/4710/1219 2352/4711/1220
f 2352/4711/1220 2350/4712/463 2316/4034/1070 2317/4036/1072
f 2316/4034/1070 2350/4712/463 2347/4713/463
f 2337/4086/463 2316/4034/1070 2347/4713/463 2344/4714/463
f 2337/4086/463 2344/4714/463 2340/4087/463
f 2319/4065/1076 2581/4715/1221 2337/4066/1077
f 2581/4716/1222 2316/4717/1222 2337/4718/1222
f 2316/4033/1069 2581/4719/1223 2319/4030/1066
f 2582/4720/501 2326/4721/501 2327/4722/501 2329/4723/501
f 2604/3712/501 2318/3984/501 2582/4720/501 2329/4723/501
f 2324/4724/463 2582/4725/463 2318/4726/463 2323/4727/463
f 2200/3918/1025 2201/4728/1224 2261/3919/1026
f 2586/4729/496 2584/4730/496 2583/4731/496
f 2583/4732/498 2584/4733/498 2585/4734/498 2588/4735/498
f 2586/4736/501 2583/4737/501 2587/4738/501
f 2588/4739/501 2590/4740/501 2587/4738/501 2583/4737/501
f 2588/4735/500 2585/4734/500 2589/4741/500 2590/4742/500
f 2590/4742/463 2589/4741/463 2591/4743/463 2587/4744/463
f 2585/4745/499 2584/4746/1225 2591/4747/1226 2589/4748/950
f 2584/4749/500 2661/4750/500 2592/4751/500 2591/4752/500
f 2591/4752/500 2592/4751/500 2593/4753/500
f 2591/4752/500 2593/4753/500 2587/4754/500
f 2594/4755/500 2593/4753/500 2596/4756/500
f 2594/4755/500 2595/4757/500 2593/4753/500
f 2605/4758/953 2593/4753/500 2595/4757/500 2619/4759/500
f 2596/4756/500 2593/4753/500 2597/4760/500
f 2597/4760/500 2593/4753/500 2598/4761/500
f 2598/4761/500 2593/4753/500 2599/4762/500
f 2599/4762/500 2593/4753/500 2600/4763/500
f 2593/4753/500 2592/4751/500 2600/4763/500
f 2586/4736/501 2587/4738/501 2593/4764/501
f 2586/4736/501 2593/4764/501 2601/4765/501 2724/4766/501
f 2593/4764/501 2602/4767/501 2601/4765/501
f 2593/4764/501 2603/4768/501 2602/4767/501
f 2604/4769/501 2720/4770/501 2603/4768/501 2593/4764/501
f 2605/4771/953 2609/4772/1227 2606/4773/1228 2607/4774/1229
f 2605/4771/953 2607/4774/1229 2608/4775/1230
f 2605/4771/953 2608/4775/1230 2613/4776/1231
f 2620/4777/500 2609/4778/1227 2605/4758/953
f 2610/4779/959 2605/4771/953 2611/4780/1232 3008/4781/1138
f 2605/4771/953 2612/4782/1233 2611/4780/1232
f 2605/4771/953 2613/4776/1231 2612/4782/1233
f 2605/4758/953 2616/4783/500 2614/4784/500
f 2605/4758/953 2614/4784/500 2615/4785/500
f 2620/4777/500 2605/4758/953 2615/4785/500
f 2616/4783/500 2605/4758/953 2617/4786/500
f 2617/4786/500 2605/4758/953 2618/4787/500
f 2618/4787/500 2605/4758/953 2619/4759/500
f 2622/4788/500 2623/4789/500 2620/4777/500 2615/4785/500
f 2609/4790/463 2620/4791/463 2621/4792/463
f 2624/4793/501 2621/4792/501 2620/4791/501 2623/4794/501
f 2623/4795/1234 2606/4796/1234 2624/4797/1234
f 2624/4798/1235 2606/4773/1228 2609/4772/1227 2621/4799/1138
f 2606/4800/496 2623/4801/496 2622/4802/496
f 2606/4800/496 2622/4802/496 2625/4803/496
f 2625/4804/498 2622/4805/498 2626/4806/498 2628/4807/498
f 2626/4808/499 2622/4809/1236 2615/4810/1237 2629/4811/966
f 2627/4812/500 2628/4807/500 2626/4806/500 2629/4813/500
f 2627/4812/463 2629/4813/463 2615/4814/463 2614/4815/463
f 2628/4816/501 2627/4817/971 2614/4818/1238 2625/4819/1239
f 2606/4800/496 2625/4803/496 2630/4820/496
f 2630/4821/500 2625/4822/500 2614/4784/500 2616/4783/500
f 2606/4800/496 2630/4820/496 2631/4823/496
f 2631/4824/498 2630/4825/498 2632/4826/498 2633/4827/498
f 2632/4828/499 2630/4829/1225 2616/4830/1226 2634/4831/972
f 2634/4832/500 2635/4833/500 2633/4827/500 2632/4826/500
f 2635/4833/463 2634/4832/463 2616/4834/463 2617/4835/463
f 2633/4836/501 2635/4837/976 2617/4838/1240 2631/4839/1241
f 2606/4800/496 2631/4823/496 2636/4840/496
f 2636/4841/500 2631/4842/500 2617/4786/500 2618/4787/500
f 2606/4800/496 2636/4840/496 2637/4843/496
f 2637/4844/498 2636/4845/498 2638/4846/498 2639/4847/498
f 2638/4848/499 2636/4849/1242 2618/4850/1243 2640/4851/977
f 2640/4852/500 2641/4853/500 2639/4847/500 2638/4846/500
f 2641/4853/463 2640/4852/463 2618/4854/463 2619/4855/463
f 2639/4856/501 2641/4857/982 2619/4858/1244 2637/4859/1245
f 2606/4800/496 2637/4843/496 2642/4860/496
f 2642/4861/500 2637/4862/500 2619/4759/500 2595/4757/500
f 2586/4729/496 2606/4800/496 2642/4860/496 2643/4863/496
f 2643/4864/498 2642/4865/498 2644/4866/498 2645/4867/498
f 2644/4868/1246 2642/4869/1247 2595/4870/1246
f 2644/4868/1246 2595/4870/1246 2646/4871/985
f 2646/4872/500 2647/4873/500 2645/4867/500 2644/4866/500
f 2647/4873/463 2646/4872/463 2595/4874/463 2594/4875/463
f 2645/4876/1248 2647/4877/987 2594/4878/1249
f 2645/4876/1248 2594/4878/1249 2643/4879/1250
f 2586/4729/496 2643/4863/496 2648/4880/496
f 2648/4881/500 2643/4882/500 2594/4755/500 2596/4756/500
f 2586/4729/496 2648/4880/496 2649/4883/497
f 2649/4884/498 2648/4885/498 2650/4886/498 2651/4887/498
f 2650/4888/1251 2648/4889/1252 2596/4890/1251
f 2650/4888/1251 2596/4890/1251 2652/4891/992
f 2652/4892/500 2653/4893/500 2651/4887/500 2650/4886/500
f 2653/4893/463 2652/4892/463 2596/4894/463 2597/4895/463
f 2651/4896/1253 2653/4897/994 2597/4898/1253
f 2651/4896/1253 2597/4898/1253 2649/4899/1254
f 2586/4729/496 2649/4883/497 2654/4900/496
f 2654/4901/500 2649/4902/500 2597/4760/500 2598/4761/500
f 2586/4729/496 2654/4900/496 2655/4903/496
f 2655/4904/498 2654/4905/498 2656/4906/498 2657/4907/498
f 2656/4908/1255 2654/4909/1256 2598/4910/1255
f 2656/4908/1255 2598/4910/1255 2658/4911/998
f 2658/4912/500 2659/4913/500 2657/4907/500 2656/4906/500
f 2659/4913/463 2658/4912/463 2598/4914/463 2599/4915/463
f 2657/4916/1257 2659/4917/1000 2599/4918/1257
f 2657/4916/1257 2599/4918/1257 2655/4919/1258
f 2586/4729/496 2655/4903/496 2660/4920/496
f 2660/4921/500 2655/4922/500 2599/4762/500 2600/4763/500
f 2586/4729/496 2660/4920/496 2661/4923/496
f 2661/4924/498 2660/4925/498 2662/4926/498 2663/4927/498
f 2662/4928/1259 2660/4929/1260 2600/4930/1261
f 2663/4927/500 2662/4926/500 2664/4931/500 2665/4932/500
f 2662/4928/1259 2600/4930/1261 2664/4933/1004
f 2665/4932/463 2664/4931/463 2600/4934/463 2592/4935/463
f 2663/4936/501 2665/4937/982 2592/4938/1244 2661/4939/1245
f 2586/4729/496 2661/4923/496 2584/4730/496
f 2666/4940/1262 2612/4941/1263 2613/4942/1264 2667/4943/1265
f 2667/4943/1265 2613/4942/1264 2608/4944/1266 2670/4945/1267
f 2668/4946/1011 2669/4947/1013 2667/4948/1012 2670/4949/918
f 2669/4947/1013 3015/4950/1015 2666/4951/1268 2667/4948/1012
f 2670/4945/1267 2608/4944/1266 2671/4952/1269 2673/4953/1270
f 2672/4954/1018 2670/4949/918 2673/4955/918
f 2668/4946/1011 2670/4949/918 2672/4954/1018
f 2672/4954/1018 2673/4955/918 2674/4956/1271 2677/4957/1272
f 2671/4952/1269 2674/4958/742 2673/4953/1270
f 2674/4958/742 2671/4952/1269 2675/4959/742 2676/4960/742
f 2677/4957/1272 2674/4956/1271 2676/4961/1273 2679/4962/1273
f 2678/4963/451 2672/4964/451 2677/4965/451
f 2678/4963/451 2677/4965/451 2679/4966/451
f 2676/4967/446 2675/4968/446 2678/4969/446 2679/4970/446
f 2672/4964/451 2678/4963/451 2681/4971/451
f 2678/4972/1274 2607/4973/1275 2680/4974/1276 2681/4975/1277
f 2671/4976/1278 2607/4973/1275 2678/4972/1274 2675/4977/1279
f 2682/4978/744 2683/4979/744 2681/4980/744 2680/4981/744
f 2686/4982/451 2681/4971/451 2683/4983/451
f 2687/4984/451 2684/4985/451 2681/4971/451 2686/4982/451
f 2681/4971/451 2684/4985/451 2685/4986/451
f 2681/4971/451 2685/4986/451 2688/4987/451
f 2681/4971/451 2688/4987/451 2672/4964/451
f 2690/4988/446 2668/4946/1011 2672/4954/1018 2688/4989/446
f 2689/4990/1028 2690/4991/446 2688/4992/446 2685/4993/1029
f 2685/4993/1029 2691/4994/921 2689/4990/1028
f 2689/4990/1028 2691/4994/921 2692/4995/1280 2693/4996/1030
f 2693/4996/1030 2692/4995/1280 2694/4997/1281 2695/4998/1032
f 2696/4999/1034 2697/5000/1035 2695/4998/1032 2694/4997/1281
f 2698/5001/1036 2697/5000/1035 2696/4999/1034 2700/5002/1282
f 2699/5003/1037 2698/5001/1036 2700/5002/1282 2703/5004/1038
f 2696/5005/1283 2701/5006/1284 2700/5007/1284
f 2700/5007/1284 2701/5006/1284 2702/5008/1285 2703/5009/1285
f 2703/5009/1285 2702/5008/1285 2704/5010/1286 2706/5011/1286
f 2705/5012/1045 2703/5004/1038 2706/5013/1287 2707/5014/1046
f 2705/5012/1045 2699/5003/1037 2703/5004/1038
f 2707/5014/1046 2706/5013/1287 2708/5015/1288
f 2704/5010/1286 2710/5016/1289 2708/5017/1290 2706/5011/1286
f 2707/5014/1046 2708/5015/1288 2709/5018/1291
f 2711/5019/1292 2709/5020/1292 2708/5017/1290 2710/5016/1289
f 2709/5020/1292 2711/5019/1292 2712/5021/1292
f 2711/5022/500 2715/5023/1293 2713/5024/1294 2712/5025/1295
f 2714/5026/1292 2711/5019/1292 2710/5016/1289 2717/5027/1289
f 2711/5022/500 2714/5028/500 2715/5023/1293
f 2713/5029/1296 2715/5030/1296 2716/5031/1296 2735/5032/1296
f 2717/5033/501 2716/5034/501 2715/5035/501 2714/5036/501
f 2717/5027/1289 2710/5016/1289 2704/5010/1286 2718/5037/1297
f 2717/5033/501 2718/5038/501 2716/5034/501
f 2702/5008/1285 2719/5039/1285 2718/5037/1297 2704/5010/1286
f 2604/4769/501 2718/5038/501 2719/5040/501
f 2716/5034/501 2718/5038/501 2604/4769/501 2736/5041/501
f 2701/5006/1284 2720/5042/1298 2719/5039/1285 2702/5008/1285
f 2604/4769/501 2719/5040/501 2720/4770/501
f 2721/5043/451 2720/5042/1298 2701/5006/1284 2696/5005/1283
f 2721/5043/451 2603/5044/451 2720/5042/1298
f 2722/5045/1299 2602/5046/1299 2603/5044/451 2721/5043/451
f 2722/5045/1299 2721/5043/451 2696/5005/1283 2694/5047/1262
f 2723/5048/1300 2601/5049/1265 2602/5046/1299 2722/5045/1299
f 2723/5048/1300 2722/5045/1299 2694/5047/1262 2692/5050/1265
f 2724/5051/1301 2601/5049/1265 2723/5048/1300 2726/5052/1302
f 2725/5053/1267 2723/5048/1300 2692/5050/1265 2691/5054/1303
f 2726/5052/1302 2723/5048/1300 2725/5053/1267
f 2724/5055/451 2726/5056/451 2727/5057/451 2586/5058/451
f 2682/5059/501 2727/5060/501 2726/5061/501
f 2726/5061/501 2728/5062/501 2683/5063/501 2682/5059/501
f 2726/5052/1302 2725/5053/1267 2729/5064/1304 2728/5065/1305
f 2731/5066/1270 2729/5064/1304 2725/5053/1267 2691/5054/1303
f 2733/5067/742 2730/5068/742 2729/5064/1304 2732/5069/742
f 2730/5068/742 2728/5065/1305 2729/5064/1304
f 2732/5069/742 2729/5064/1304 2731/5066/1270
f 2730/5070/446 2733/5071/446 2687/5072/446 2686/5073/446
f 2684/5074/1306 2687/5075/1065 2733/5076/1065 2732/5077/1064
f 2685/4993/1029 2684/5074/1306 2732/5077/1064 2731/5078/921
f 2685/4993/1029 2731/5078/921 2691/4994/921
f 2683/5063/501 2728/5062/501 2730/5079/501 2686/5080/501
f 2680/5081/500 2607/5082/500 2727/5083/500 2682/5084/500
f 2606/5085/451 2586/5058/451 2727/5057/451 2607/5086/451
f 2737/5087/1307 2734/5088/1308 2716/5089/1309 2738/5090/1310
f 2734/5091/1311 2735/5092/1312 2716/5093/1313
f 2736/5041/501 2739/5094/501 2738/5095/501 2716/5034/501
f 2738/5096/451 2739/5097/451 2740/5098/451 2737/5099/451
f 2741/5100/564 2740/5101/564 2739/5102/564 2736/5103/564
f 2742/5104/1314 2743/5105/1314 2740/5106/1314 2741/5107/1314
f 2743/5108/451 2746/5109/451 2737/5099/451 2740/5098/451
f 2743/5108/451 2744/5110/451 2745/5111/451 2746/5109/451
f 2744/5112/677 2743/5113/677 2742/5114/677 3030/5115/677
f 2746/5116/541 2745/5117/541 2747/5118/541 2748/5119/541
f 2737/5120/1315 2746/5121/1316 2748/5122/1317 2756/5123/1318
f 2748/5124/446 2747/5125/446 2604/5126/446 2749/5127/446
f 2748/5128/1078 2749/5129/1079 2750/5130/1079 2751/5131/1078
f 2751/5132/1319 2893/5133/1319 2752/5134/1319 2748/5135/1319
f 2753/5136/451 2748/5137/451 2752/5138/451 3027/5139/451
f 2748/5137/451 2753/5136/451 2754/5140/451 2755/5141/451
f 2755/5141/451 2757/5142/451 2748/5137/451
f 2756/5143/451 2748/5137/451 2757/5142/451 2759/5144/451
f 2757/5145/1081 2755/5146/1320 2758/5147/1082 2760/5148/1081
f 2759/5149/1083 2757/5145/1081 2760/5148/1081 2762/5150/1083
f 2760/5151/463 2758/5152/463 2761/5153/463
f 2760/5151/463 2761/5153/463 2762/5154/463
f 2763/5155/1084 2759/5156/1083 2762/5157/1083 2765/5158/1084
f 2762/5154/463 2761/5153/463 2764/5159/463 2765/5160/463
f 2766/5161/499 2763/5155/1084 2765/5158/1084 2768/5162/499
f 2765/5160/463 2764/5159/463 2767/5163/463 2768/5164/463
f 2769/5165/1085 2766/5161/499 2768/5162/499 2770/5166/1085
f 2768/5164/463 2767/5163/463 2770/5167/463
f 2771/5168/1086 2769/5165/1085 2770/5166/1085 2773/5169/1086
f 2770/5167/463 2767/5163/463 2772/5170/463 2773/5171/463
f 2774/5172/1087 2771/5168/1086 2773/5169/1086 2776/5173/1087
f 2773/5171/463 2772/5170/463 2775/5174/463 2776/5175/463
f 2777/5176/1089 2774/5172/1087 2776/5173/1087 2778/5177/1088
f 2776/5175/463 2775/5174/463 2778/5178/463
f 2779/5179/1321 2777/5176/1089 2778/5177/1088 2780/5180/1090
f 2778/5178/463 2775/5174/463 2780/5181/463
f 2781/5182/1092 2779/5179/1321 2780/5180/1090 2785/5183/1092
f 2780/5181/463 2775/5174/463 2784/5184/463 2782/5185/463
f 2780/5181/463 2782/5185/463 2783/5186/463 2785/5187/463
f 2786/5188/1093 2781/5182/1092 2785/5183/1092 2787/5189/1093
f 2785/5187/463 2783/5186/463 2787/5190/463
f 2788/5191/1094 2786/5188/1093 2787/5189/1093 2789/5192/1094
f 2787/5190/463 2783/5186/463 2790/5193/463 2789/5194/463
f 2791/5195/1095 2793/5196/1085 2792/5197/1085 2790/5198/1095
f 2791/5195/1095 2790/5198/1095 2783/5199/1322 3020/5200/1322
f 2789/5194/463 2790/5193/463 2792/5201/463 2794/5202/463
f 2793/5196/1085 2796/5203/499 2795/5204/499 2792/5197/1085
f 2794/5202/463 2792/5201/463 2795/5205/463 2799/5206/463
f 2797/5207/1084 2798/5208/1084 2795/5204/499 2796/5203/499
f 2799/5206/463 2795/5205/463 2798/5209/463 2802/5210/463
f 2800/5211/1323 2801/5212/1098 2799/5213/1098 2802/5214/1323
f 2801/5212/1098 3028/5215/501 2794/5216/501 2799/5213/1098
f 2803/5217/1099 2800/5211/1323 2802/5214/1323 2804/5218/1099
f 2802/5210/463 2798/5209/463 2805/5219/463 2804/5220/463
f 2797/5207/1084 2806/5221/1100 2805/5222/1100 2798/5208/1084
f 2806/5223/1100 2809/5224/1101 2807/5225/1101 2805/5226/1100
f 2804/5220/463 2805/5219/463 2807/5227/463 2808/5228/463
f 2808/5228/463 2807/5227/463 2810/5229/463 2811/5230/463
f 2809/5224/1101 2753/5231/1082 2810/5232/1082 2807/5225/1101
f 2753/5231/1082 3027/5233/1102 2812/5234/1102 2810/5232/1082
f 2813/5235/463 2811/5230/463 2810/5229/463 2812/5236/463
f 2811/5237/1324 2813/5238/1325 2814/5239/1104
f 2813/5238/1325 2815/5240/1326 2816/5241/1106 2814/5239/1104
f 2815/5242/463 2813/5235/463 2818/5243/463 2821/5244/463
f 2817/5245/463 2818/5243/463 2813/5235/463
f 2813/5235/463 2812/5236/463 2817/5245/463
f 2819/5246/1099 2820/5247/1108 2818/5248/1108 2817/5249/1099
f 2820/5247/1108 2822/5250/1109 2821/5251/1109 2818/5248/1108
f 2823/5252/501 2824/5253/501 2821/5251/1109 2822/5250/1109
f 2821/5244/463 2824/5254/463 2825/5255/463 2815/5242/463
f 2815/5240/1326 2825/5256/1110 2826/5257/1110 2816/5241/1106
f 2825/5256/1110 2827/5258/1327 2828/5259/1111 2826/5257/1110
f 2827/5260/463 2825/5255/463 2829/5261/463 2831/5262/463
f 2825/5255/463 2824/5254/463 2829/5261/463
f 2823/5252/501 2830/5263/1113 2829/5264/1113 2824/5253/501
f 2830/5263/1113 2832/5265/1328 2831/5266/1328 2829/5264/1113
f 2832/5265/1328 2838/5267/1092 2833/5268/1092 2831/5266/1328
f 2831/5262/463 2833/5269/463 2834/5270/463 2827/5260/463
f 2827/5258/1327 2834/5271/1329 2835/5272/1115 2828/5259/1111
f 2834/5271/1329 2784/5273/446 2836/5274/446 2835/5272/1115
f 2782/5185/463 2784/5184/463 2834/5270/463 2837/5275/463
f 2834/5270/463 2833/5269/463 2837/5275/463
f 2838/5267/1092 2839/5276/1091 2837/5277/1090 2833/5268/1092
f 2839/5276/1091 2840/5278/1089 2782/5279/1088 2837/5277/1090
f 2841/5280/451 2839/5281/451 2838/5282/451 2860/5283/451
f 2842/5284/451 2843/5285/451 2840/5286/451 2839/5281/451
f 2841/5280/451 2842/5284/451 2839/5281/451
f 2845/5287/1117 2843/5288/802 2842/5289/1330 2844/5290/1331
f 2841/5291/744 2844/5292/744 2842/5293/744
f 2845/5287/1117 2848/5294/1121 2846/5295/1120
f 2845/5287/1117 2846/5295/1120 2847/5296/1120
f 2845/5287/1117 2847/5296/1120 2849/5297/1122
f 2845/5287/1117 2844/5290/1331 2851/5298/1123 2848/5294/1121
f 2845/5287/1117 2849/5297/1122 2850/5299/500 2843/5288/802
f 2852/5300/744 2851/5301/744 2844/5292/744 2841/5291/744
f 2852/5300/744 2853/5302/744 2851/5301/744
f 2848/5294/1121 2851/5298/1123 2853/5303/1124 2854/5304/1124
f 2854/5305/500 2853/5306/500 2852/5307/500 2855/5308/500
f 2855/5309/1332 2848/5310/1292 2854/5311/1292
f 2841/5312/1279 2856/5313/1278 2855/5314/1279 2852/5315/1279
f 2856/5316/1333 2857/5317/1334 2855/5309/1332
f 2846/5318/1335 2848/5310/1292 2855/5309/1332 2857/5317/1334
f 2858/5319/1336 2857/5320/1337 2859/5321/1131
f 2857/5317/1334 2858/5322/1297 2847/5323/1286 2846/5318/1335
f 2859/5324/1131 2857/5325/1337 2856/5313/1338
f 2860/5326/1339 2859/5324/1340 2856/5313/1278 2841/5312/1279
f 2859/5324/1340 2860/5326/1339 2861/5327/1341
f 2861/5328/1137 2862/5329/1137 2610/4779/959 2859/5321/1131
f 2610/4779/959 3007/5330/1342 2858/5319/1336 2859/5321/1131
f 2863/5331/1139 2862/5329/1137 2861/5328/1137 2865/5332/1343
f 2861/5327/1341 2860/5326/1339 2864/5333/1344 2865/5334/1345
f 2865/5334/1345 2864/5333/1344 2866/5335/1346
f 2867/5336/1347 2865/5332/1343 2866/5337/1348
f 2867/5336/1347 2868/5338/1146 2863/5331/1139 2865/5332/1343
f 2868/5339/446 2867/5340/1349 2869/5341/1349 2874/5342/446
f 2867/5340/1349 2866/5343/1350 2870/5344/1350 2869/5341/1349
f 2871/5345/1351 2872/5346/1351 2870/5344/1350 2866/5343/1350
f 2872/5347/1352 2875/5348/1151 2873/5349/1353 2870/5350/1151
f 2869/5351/1151 2870/5350/1151 2873/5349/1353 2874/5352/1154
f 2874/5352/1154 2873/5349/1353 2878/5353/1155
f 2876/5354/1156 2877/5355/1156 2873/5349/1353 2875/5348/1151
f 2877/5355/1156 2876/5354/1156 2879/5356/1354 2880/5357/1151
f 2880/5357/1151 2879/5356/1354 2881/5358/1355
f 2884/5359/1356 2882/5360/1156 2881/5358/1355 2885/5361/1357
f 2881/5358/1355 2882/5360/1156 2883/5362/1161
f 2881/5358/1355 2883/5362/1161 2887/5363/1162
f 2881/5358/1355 2879/5356/1354 2886/5364/1358 2885/5361/1357
f 2888/5365/1359 2889/5366/1360 2886/5367/1360 2879/5368/1361
f 2889/5366/1360 2890/5369/1362 2885/5370/1363 2886/5367/1360
f 2889/5371/1364 2888/5372/1365 2752/5373/1366
f 2889/5371/1364 2752/5373/1366 2890/5374/1367
f 2891/5375/1368 2890/5374/1367 2752/5373/1366 2893/5376/1369
f 2890/5369/1362 2891/5377/1370 2884/5378/737 2885/5370/1363
f 2891/5377/1370 2892/5379/1371 2882/5380/1372 2884/5378/737
f 2892/5381/1373 2891/5382/1374 2893/5383/1374 2894/5384/1373
f 2894/5385/446 2893/5386/446 2751/5387/446 2750/5388/446
f 2894/5389/451 2750/5390/451 2898/5391/451 2895/5392/451
f 2894/5393/499 2895/5394/499 2896/5395/499
f 2896/5395/499 3003/5396/499 2897/5397/499 2894/5393/499
f 2892/5381/1373 2894/5384/1373 2897/5398/1179 3004/5399/1179
f 2750/5130/1079 2918/5400/1180 2899/5401/1180 2898/5402/1180
f 2898/5402/1180 2899/5401/1180 2914/5403/1375 2900/5404/1375
f 2898/5405/1376 2900/5406/1376 2901/5407/1376
f 2898/5405/1376 2901/5407/1376 2902/5408/1376
f 2898/5405/1376 2902/5408/1376 2903/5409/1376
f 2898/5405/1376 2903/5409/1376 2904/5410/1376
f 2898/5405/1376 2904/5410/1376 2905/5411/1376
f 2898/5405/1376 2905/5411/1376 2906/5412/1376
f 2898/5405/1376 2906/5412/1376 2907/5413/1376
f 2898/5405/1376 2907/5413/1376 2908/5414/1376
f 2898/5405/1376 2908/5414/1376 2909/5415/1376
f 2898/5405/1376 2909/5415/1376 2910/5416/1376
f 2898/5405/1376 2910/5416/1376 2911/5417/1376
f 2898/5405/1376 2911/5417/1376 2912/5418/1376
f 2898/5405/1376 2912/5418/1376 2913/5419/1376
f 2895/5420/1376 2898/5405/1376 2913/5419/1376 2956/5421/1376
f 2901/5422/1377 2900/5423/1377 2914/5424/1377 2915/5425/1377
f 2915/5426/446 2914/5427/446 2899/5428/446 2917/5429/446
f 2916/5430/1184 2901/5431/1184 2915/5432/1184 2917/5433/1184
f 2916/5434/740 2917/5435/1378 2899/5436/1378 2918/5437/1378
f 2919/5438/446 2902/5439/446 2901/5431/446 2916/5430/446
f 2918/5437/1378 2919/5440/1378 2916/5434/740
f 2919/5438/501 2920/5441/501 2922/5442/501 2902/5439/501
f 2920/5443/463 2919/5444/1378 2921/5445/1378 2924/5446/463
f 2918/5437/1378 2925/5447/1378 2921/5448/1378 2919/5440/1378
f 2903/5449/1377 2902/5450/1377 2922/5451/1377 2923/5452/1377
f 2923/5453/446 2922/5454/446 2920/5443/446 2924/5446/446
f 2921/5455/499 2903/5456/499 2923/5457/499 2924/5458/499
f 2925/5459/446 2904/5460/446 2903/5456/446 2921/5455/446
f 2925/5459/501 2926/5461/501 2928/5462/501 2904/5460/501
f 2926/5463/463 2925/5464/1378 2927/5465/1378 2930/5466/463
f 2918/5437/1378 2927/5467/1378 2925/5447/1378
f 2905/5468/1377 2904/5469/1377 2928/5470/1377 2929/5471/1377
f 2929/5472/446 2928/5473/446 2926/5463/446 2930/5466/446
f 2927/5474/499 2905/5475/499 2929/5476/499 2930/5477/499
f 2918/5437/1378 2933/5478/1378 2931/5479/1378 2927/5467/1378
f 2927/5474/446 2931/5480/446 2906/5481/446 2905/5475/446
f 2931/5480/501 2932/5482/501 2934/5483/501 2906/5481/501
f 2932/5484/463 2931/5485/1378 2933/5486/1378 2936/5487/463
f 2907/5488/1377 2906/5489/1377 2934/5490/1377 2935/5491/1377
f 2935/5492/446 2934/5493/446 2932/5484/446 2936/5487/446
f 2933/5494/499 2907/5495/499 2935/5496/499 2936/5497/499
f 2918/5437/1378 2939/5498/1378 2937/5499/1378 2933/5478/1378
f 2937/5500/446 2908/5501/446 2907/5495/446 2933/5494/446
f 2937/5500/501 2938/5502/501 2940/5503/501 2908/5501/501
f 2938/5504/463 2937/5505/1378 2939/5506/1378 2942/5507/463
f 2909/5508/1377 2908/5509/1377 2940/5510/1377 2941/5511/1377
f 2941/5512/446 2940/5513/446 2938/5504/446 2942/5507/446
f 2939/5514/499 2909/5515/499 2941/5516/499 2942/5517/499
f 2918/5437/1378 2943/5518/1378 2939/5498/1378
f 2943/5519/446 2910/5520/446 2909/5515/446 2939/5514/446
f 2943/5519/501 2944/5521/501 2946/5522/501 2910/5520/501
f 2944/5523/463 2943/5524/1378 2945/5525/1378 2948/5526/463
f 2918/5437/1378 2949/5527/1378 2945/5528/1378 2943/5518/1378
f 2911/5529/1377 2910/5530/1377 2946/5531/1377 2947/5532/1377
f 2947/5533/446 2946/5534/446 2944/5523/446 2948/5526/446
f 2945/5535/499 2911/5536/499 2947/5537/499 2948/5538/499
f 2945/5535/446 2949/5539/446 2912/5540/446 2911/5536/446
f 2949/5539/501 2950/5541/501 2952/5542/501 2912/5540/501
f 2950/5543/463 2949/5544/1378 2951/5545/1379 2954/5546/463
f 2918/5437/1378 2955/5547/1378 2951/5548/1379 2949/5527/1378
f 2913/5549/1377 2912/5550/1377 2952/5551/1377 2953/5552/1377
f 2953/5553/446 2952/5554/446 2950/5543/446 2954/5546/446
f 2951/5555/499 2913/5556/499 2953/5557/499 2954/5558/499
f 2955/5559/446 2956/5560/446 2913/5556/446 2951/5555/446
f 2918/5437/1378 2959/5561/788 2955/5547/1378
f 2955/5559/501 2957/5562/501 2958/5563/501 2956/5560/501
f 2960/5564/463 2957/5565/463 2955/5566/1378 2959/5567/788
f 2959/5568/499 2962/5569/499 2961/5570/499 2960/5571/499
f 2961/5572/446 2958/5573/446 2957/5565/446 2960/5564/446
f 2962/5574/1377 2956/5575/1377 2958/5576/1377 2961/5577/1377
f 2895/5420/1376 2962/5578/1376 2963/5579/1376
f 2895/5420/1376 2956/5421/1376 2962/5578/1376
f 2959/5568/446 2966/5580/446 2963/5581/446 2962/5569/446
f 2895/5420/1376 2963/5579/1376 2964/5582/1376
f 2964/5583/1377 2963/5584/1377 2965/5585/1377 2970/5586/1377
f 2966/5580/501 2968/5587/501 2965/5588/501 2963/5581/501
f 2896/5589/463 2967/5590/463 2966/5591/788
f 2896/5589/463 2966/5591/788 2959/5561/788 2918/5437/1378
f 2966/5592/788 2967/5593/463 2969/5594/463 2968/5595/463
f 2967/5596/499 2964/5597/499 2970/5598/499 2969/5599/499
f 2970/5600/446 2965/5601/446 2968/5595/446 2969/5594/446
f 2896/5589/463 2977/5602/463 2971/5603/463 2967/5590/463
f 2967/5596/446 2971/5604/446 2972/5605/446 2964/5597/446
f 2895/5420/1376 2972/5606/1376 2973/5607/1376
f 2895/5420/1376 2964/5582/1376 2972/5606/1376
f 2973/5608/1377 2972/5609/1377 2974/5610/1377 2975/5611/1377
f 2971/5604/501 2976/5612/501 2974/5613/501 2972/5605/501
f 2975/5614/446 2974/5615/446 2976/5616/446 2978/5617/446
f 2976/5616/463 2971/5618/463 2977/5619/463 2978/5617/463
f 2977/5620/499 2973/5621/499 2975/5622/499 2978/5623/499
f 2896/5589/463 2979/5624/463 2977/5602/463
f 2977/5620/446 2979/5625/446 2980/5626/446 2973/5621/446
f 2895/5420/1376 2980/5627/1376 2981/5628/1376
f 2895/5420/1376 2973/5607/1376 2980/5627/1376
f 2981/5629/1377 2980/5630/1377 2982/5631/1377 2983/5632/1377
f 2979/5625/501 2984/5633/501 2982/5634/501 2980/5626/501
f 2983/5635/446 2982/5636/446 2984/5637/446 2985/5638/446
f 2985/5638/463 2984/5637/463 2979/5639/463 2986/5640/463
f 2986/5641/499 2981/5642/499 2983/5643/499 2985/5644/499
f 2896/5589/463 2987/5645/463 2986/5646/463 2979/5624/463
f 2986/5641/446 2987/5647/446 2988/5648/446 2981/5642/446
f 2895/5420/1376 2988/5649/1376 2989/5650/1376
f 2895/5420/1376 2981/5628/1376 2988/5649/1376
f 2989/5651/1377 2988/5652/1377 2990/5653/1377 2991/5654/1377
f 2987/5647/501 2992/5655/501 2990/5656/501 2988/5648/501
f 2991/5657/446 2990/5658/446 2992/5659/446 2993/5660/446
f 2993/5661/463 2992/5662/463 2987/5663/463 2994/5664/463
f 2994/5665/499 2989/5666/499 2991/5667/499 2993/5668/499
f 2896/5589/463 2995/5669/463 2994/5670/463 2987/5645/463
f 2994/5665/446 2995/5671/446 2996/5672/446 2989/5666/446
f 2895/5420/1376 2989/5650/1376 2996/5673/1376
f 2895/5420/1376 2996/5673/1376 2997/5674/1376
f 2996/5675/1377 2998/5676/1377 2999/5677/1377 2997/5678/1377
f 2995/5671/501 3001/5679/501 2998/5680/501 2996/5672/501
f 2998/5681/446 3001/5682/446 3000/5683/446 2999/5684/446
f 2999/5685/1187 3000/5686/1187 2896/5687/1187
f 2997/5688/1187 2999/5685/1187 2896/5687/1187 2895/5689/1187
f 2995/5669/463 2896/5589/463 3000/5690/463 3001/5691/463
f 2749/5129/1079 3002/5692/1079 2918/5400/1180 2750/5130/1079
f 2918/5693/446 3002/5694/446 3003/5695/446 2896/5696/446
f 2892/5379/1371 3004/5697/500 2883/5698/500 2882/5380/1372
f 2864/5333/1344 2752/5373/1366 2888/5372/1365 3005/5699/1380
f 3005/5700/1381 2888/5365/1359 2879/5368/1361 2876/5701/1381
f 2864/5333/1344 3005/5699/1380 3006/5702/1382
f 3006/5703/1383 3005/5700/1381 2876/5701/1381 2875/5704/1384
f 2864/5333/1344 3006/5702/1382 2871/5705/1385
f 3006/5703/1383 2875/5704/1384 2872/5346/1351 2871/5345/1351
f 2864/5333/1344 2871/5705/1385 2866/5335/1346
f 2860/5283/451 2830/5706/451 2823/5707/451 2864/5708/451
f 2752/5138/451 2864/5708/451 2819/5709/451 3027/5139/451
f 2864/5708/451 2822/5710/451 2820/5711/451
f 2864/5708/451 2820/5711/451 2819/5709/451
f 2822/5710/451 2864/5708/451 2823/5707/451
f 2860/5283/451 2832/5712/451 2830/5706/451
f 2860/5283/451 2838/5282/451 2832/5712/451
f 3007/5713/1386 3009/5714/1285 2847/5323/1286 2858/5322/1297
f 2610/4779/959 3008/4781/1138 3007/5330/1342
f 3008/5715/1387 3010/5716/1284 3009/5714/1285 3007/5713/1386
f 3010/5717/1388 3012/5718/1196 3011/5719/1123 3009/5720/1197
f 2849/5297/1122 2847/5296/1120 3009/5720/1197 3011/5719/1123
f 3013/5721/1389 3014/5722/1199 3012/5718/1196 3010/5717/1388
f 3015/4950/1015 3014/5722/1199 3013/5721/1389 2666/4951/1268
f 3010/5716/1284 3008/5715/1387 2611/5723/1390 3013/5724/451
f 3013/5724/451 2611/5723/1390 2612/4941/1263 2666/4940/1262
f 2850/5299/500 2705/5012/1045 2707/5014/1046 2843/5288/802
f 3016/5725/1391 2779/5726/753 2840/5286/451 2843/5285/451
f 2707/5014/1046 3017/5727/1392 3016/5728/1393 2843/5288/802
f 2735/5032/1296 3016/5729/744 3017/5730/744
f 2735/5092/1312 2777/5731/1394 2779/5726/753 3016/5725/1391
f 2735/5032/1296 3017/5730/744 3018/5732/1395
f 2707/5014/1046 2709/5018/1291 3018/5733/1037 3017/5727/1392
f 3018/5732/1395 3019/5734/1296 2713/5029/1296 2735/5032/1296
f 2709/5018/1291 2712/5735/1207 3019/5736/1207 3018/5733/1037
f 2712/5025/1295 2713/5024/1294 3019/5737/1208
f 2840/5286/451 2779/5726/753 2781/5738/451 3020/5739/451
f 2840/5278/1089 3020/5200/1322 2783/5199/1322 2782/5279/1088
f 2786/5740/451 2791/5741/451 3020/5739/451 2781/5738/451
f 2784/5273/446 2775/5742/1396 3021/5743/1209 2836/5274/446
f 2775/5742/1396 2772/5744/1212 3022/5745/1211 3021/5743/1209
f 2772/5746/1212 2767/5747/1213 3023/5748/1213 3022/5749/1211
f 2767/5747/1213 2764/5750/1397 3024/5751/1214 3023/5748/1213
f 2764/5750/1397 2761/5752/1398 3025/5753/1216 3024/5751/1214
f 2761/5752/1398 3026/5754/1218 3025/5753/1216
f 2811/5237/1324 2814/5239/1104 3026/5754/1218 2761/5752/1398
f 3027/5233/1102 2819/5246/1099 2817/5249/1099 2812/5234/1102
f 2808/5228/463 2811/5230/463 2761/5153/463 2758/5152/463
f 2803/5755/451 2809/5756/451 2806/5757/451 2800/5758/451
f 2754/5140/451 2753/5136/451 2809/5756/451 2803/5755/451
f 2754/5759/1102 2803/5217/1099 2804/5218/1099 2808/5760/1102
f 2755/5146/1320 2754/5759/1102 2808/5760/1102 2758/5147/1082
f 2800/5758/451 2806/5757/451 2797/5761/451 2801/5762/451
f 2801/5762/451 2797/5761/451 2796/5763/451 3028/5764/451
f 2788/5191/1094 2789/5192/1094 2794/5216/501 3028/5215/501
f 2793/5765/451 2788/5766/451 3028/5764/451 2796/5763/451
f 2791/5741/451 2786/5740/451 2788/5766/451 2793/5765/451
f 2735/5092/1312 2774/5767/1399 2777/5731/1394
f 2735/5092/1312 2771/5768/1400 2774/5767/1399
f 2734/5091/1311 2769/5769/451 2771/5768/1400 2735/5092/1312
f 2769/5769/451 2734/5091/1311 2766/5770/451
f 2756/5143/451 2763/5771/451 2766/5770/451 2734/5091/1311
f 2756/5143/451 2759/5144/451 2763/5771/451
f 2737/5120/1315 2756/5123/1318 3029/5772/1401
f 3029/5773/1402 2756/5774/1402 2734/5775/1402
f 2734/5088/1308 2737/5087/1307 3029/5776/1403
f 3030/5777/501 2747/5778/501 2745/5779/501 2744/5780/501
f 2604/4769/501 2747/5778/501 3030/5777/501 2736/5041/501
f 2742/5781/451 2741/5782/451 2736/5783/451 3030/5784/451
f 2607/4973/1275 2671/4976/1278 2608/5785/1404
f 3031/5786/1405 3032/5787/1405 3034/5788/1405
f 3031/5786/1405 3033/5789/1405 3032/5787/1405
f 3031/5786/1405 3038/5790/1405 3033/5789/1405
f 3031/5786/1405 3034/5788/1405 3035/5791/1405
f 3031/5786/1405 3035/5791/1405 3036/5792/1405
f 3031/5786/1405 3036/5792/1405 3037/5793/1405
f 3031/5786/1405 3037/5793/1405 3042/5794/1405
f 3031/5786/1405 3039/5795/1405 3038/5790/1405
f 3040/5796/499 3039/5797/499 3031/5798/499
f 3040/5796/499 3031/5798/499 3041/5799/499
f 3031/5800/500 3045/5801/500 3044/5802/500 3041/5803/500
f 3031/5786/1405 3042/5794/1405 3043/5804/1405
f 3031/5786/1405 3043/5804/1405 3046/5805/1405
f 3045/5806/1405 3031/5786/1405 3046/5805/1405 3047/5807/1405
f 3046/5808/1406 3050/5809/1406 3048/5810/1406 3047/5811/1406
f 3049/5812/463 3046/5813/463 3043/5814/463 3146/5815/463
f 3049/5812/499 3052/5816/499 3050/5817/499 3046/5813/499
f 3050/5818/463 3052/5819/463 3051/5820/463 3048/5821/463
f 3051/5822/446 3052/5823/446 3049/5824/1407 3053/5825/1408
f 3053/5826/501 3047/5827/501 3048/5828/501 3051/5829/501
f 3055/5830/1409 3053/5825/1408 3049/5824/1407 3056/5831/1408
f 3054/5832/1408 3053/5825/1408 3055/5830/1409 3058/5833/1409
f 3054/5834/463 3226/5835/463 3047/5827/463 3053/5826/463
f 3056/5836/463 3057/5837/463 3055/5838/463
f 3057/5837/463 3062/5839/463 3058/5840/463 3055/5838/463
f 3061/5841/1408 3054/5832/1408 3058/5833/1409 3059/5842/1409
f 3058/5840/463 3062/5839/463 3060/5843/463 3059/5844/463
f 3057/5845/500 3078/5846/500 3063/5847/500 3062/5848/500
f 3062/5848/500 3063/5847/500 3064/5849/500 3060/5850/500
f 3066/5851/500 3060/5850/500 3064/5849/500 3067/5852/500
f 3063/5847/500 3075/5853/500 3065/5854/500 3064/5849/500
f 3069/5855/501 3070/5856/501 3064/5857/501 3065/5858/501
f 3064/5857/463 3070/5856/463 3068/5859/463 3067/5860/463
f 3071/5861/1410 3068/5862/1410 3070/5863/1410
f 3071/5861/1410 3070/5863/1410 3072/5864/1410
f 3069/5865/1411 3074/5866/1411 3072/5867/1411 3070/5868/1411
f 3071/5861/1410 3072/5864/1410 3073/5869/1410
f 3073/5870/463 3072/5871/463 3063/5872/463 3078/5873/463
f 3063/5872/499 3072/5871/499 3074/5874/499 3075/5875/499
f 3065/5876/463 3075/5877/463 3074/5878/463 3069/5879/463
f 3076/5880/501 3073/5870/501 3078/5873/501 3080/5881/501
f 3076/5882/1411 3081/5883/1411 3077/5884/1411 3073/5885/1411
f 3071/5861/1410 3073/5869/1410 3077/5886/1410
f 3079/5887/500 3078/5846/500 3057/5845/500 3084/5888/500
f 3079/5887/500 3082/5889/500 3080/5890/500 3078/5846/500
f 3080/5891/463 3082/5892/463 3081/5893/463 3076/5894/463
f 3079/5895/499 3077/5896/499 3081/5897/499 3082/5898/499
f 3083/5899/500 3086/5900/500 3079/5887/500 3084/5888/500
f 3085/5901/463 3077/5896/463 3079/5895/463 3086/5902/463
f 3087/5903/500 3088/5904/500 3086/5900/500 3083/5899/500
f 3088/5904/500 3093/5905/500 3089/5906/500 3086/5900/500
f 3090/5907/501 3085/5901/501 3086/5902/501 3089/5908/501
f 3090/5909/1411 3092/5910/1411 3091/5911/1411 3085/5912/1411
f 3089/5913/463 3093/5914/463 3092/5915/463 3090/5916/463
f 3088/5917/499 3091/5918/499 3092/5919/499 3093/5920/499
f 3094/5921/1410 3085/5922/1410 3091/5923/1410
f 3094/5921/1410 3091/5923/1410 3095/5924/1410
f 3095/5925/463 3091/5918/463 3088/5917/463 3098/5926/463
f 3096/5927/501 3095/5925/501 3098/5926/501 3101/5928/501
f 3096/5929/1411 3102/5930/1411 3097/5931/1411 3095/5932/1411
f 3094/5921/1410 3095/5924/1410 3097/5933/1410
f 3099/5934/736 3098/5935/1412 3088/5904/500 3087/5903/500
f 3100/5936/1413 3098/5935/1412 3099/5934/736 3105/5937/1414
f 3100/5936/1413 3103/5938/1415 3101/5939/1415 3098/5935/1412
f 3101/5940/463 3103/5941/463 3102/5942/463 3096/5943/463
f 3100/5944/499 3097/5945/499 3102/5946/499 3103/5947/499
f 3104/5948/1416 3107/5949/1414 3100/5936/1413 3105/5937/1414
f 3106/5950/463 3097/5945/463 3100/5944/463 3107/5951/463
f 3111/5952/501 3106/5950/501 3107/5951/501 3110/5953/501
f 3108/5954/1416 3109/5955/1414 3107/5949/1414 3104/5948/1416
f 3109/5955/1414 3114/5956/500 3110/5957/500 3107/5949/1414
f 3111/5958/1411 3113/5959/1411 3112/5960/1411 3106/5961/1411
f 3110/5962/463 3114/5963/463 3113/5964/463 3111/5965/463
f 3109/5966/499 3112/5967/499 3113/5968/499 3114/5969/499
f 3094/5921/1410 3106/5970/1410 3112/5971/1410
f 3094/5921/1410 3112/5971/1410 3115/5972/1410
f 3115/5973/463 3112/5967/463 3109/5966/463 3116/5974/463
f 3094/5921/1410 3115/5972/1410 3117/5975/1410
f 3119/5976/501 3115/5973/501 3116/5974/501 3120/5977/501
f 3115/5978/1411 3119/5979/1411 3118/5980/1411 3117/5981/1411
f 3120/5982/463 3121/5983/463 3118/5984/463 3119/5985/463
f 3116/5986/1414 3122/5987/1414 3121/5988/500 3120/5989/500
f 3122/5990/499 3117/5991/499 3118/5992/499 3121/5993/499
f 3123/5994/1416 3162/5995/1417 3126/5996/1414 3122/5987/1414
f 3123/5994/1416 3122/5987/1414 3124/5997/1416
f 3127/5998/1416 3124/5997/1416 3122/5987/1414 3116/5986/1414
f 3125/5999/463 3117/5991/463 3122/5990/463 3126/6000/463
f 3108/6001/463 3130/6002/463 3129/6003/463 3127/6004/463
f 3127/5998/1416 3116/5986/1414 3109/5955/1414 3108/5954/1416
f 3124/6005/463 3127/6004/463 3128/6006/463 3159/6007/463
f 3127/6004/463 3129/6003/463 3128/6006/463
f 3131/6008/446 3153/6009/446 3128/6010/446 3129/6011/446
f 3132/6012/446 3131/6008/446 3129/6011/446 3130/6013/446
f 3132/6014/501 3035/6015/501 3134/6016/501 3133/6017/501
f 3132/6014/463 3135/6018/463 3036/6019/463 3035/6015/463
f 3135/6020/446 3132/6012/446 3130/6013/446 3137/6021/446
f 3133/6022/446 3152/6023/446 3131/6008/446 3132/6012/446
f 3135/6018/499 3141/6024/499 3136/6025/499 3036/6019/499
f 3138/6026/446 3140/6027/446 3135/6020/446 3137/6021/446
f 3139/6028/446 3141/6029/446 3135/6020/446 3140/6027/446
f 3136/6030/463 3141/6031/463 3139/6032/463 3143/6033/463
f 3140/6034/501 3037/6035/501 3143/6036/501 3139/6037/501
f 3142/6038/446 3140/6027/446 3138/6026/446 3144/6039/446
f 3142/6040/463 3042/6041/463 3037/6035/463 3140/6034/463
f 3036/6042/1406 3136/6043/1406 3143/6044/1406 3037/6045/1406
f 3146/6046/1418 3142/6038/446 3144/6039/446 3150/6047/1418
f 3145/6048/446 3148/6049/446 3142/6038/446 3146/6046/1418
f 3142/6040/499 3148/6050/499 3147/6051/499 3042/6041/499
f 3147/6052/463 3148/6053/463 3145/6054/463 3149/6055/463
f 3042/6056/1406 3147/6057/1406 3149/6058/1406 3043/6059/1406
f 3146/5815/501 3043/5814/501 3149/6060/501 3145/6061/501
f 3049/5824/1407 3146/6046/1418 3150/6047/1418 3056/5831/1408
f 3087/6062/463 3083/6063/463 3150/6064/463 3144/6065/463
f 3056/5836/463 3150/6064/463 3084/6066/463 3057/5837/463
f 3150/6064/463 3083/6063/463 3084/6066/463
f 3099/6067/463 3087/6062/463 3144/6065/463 3138/6068/463
f 3137/6069/463 3105/6070/463 3099/6067/463 3138/6068/463
f 3104/6071/463 3137/6069/463 3130/6002/463 3108/6001/463
f 3137/6069/463 3104/6071/463 3105/6070/463
f 3034/6072/1406 3151/6073/1406 3134/6074/1406 3035/6075/1406
f 3151/6076/463 3152/6077/463 3133/6078/463 3134/6079/463
f 3131/6080/499 3152/6081/499 3151/6082/499 3034/6083/499
f 3131/6080/463 3034/6083/463 3032/6084/463 3153/6085/463
f 3153/6085/501 3032/6084/501 3157/6086/501 3156/6087/501
f 3154/6088/446 3159/6089/446 3128/6010/446 3153/6009/446
f 3153/6009/446 3156/6090/446 3155/6091/446 3154/6088/446
f 3158/6092/463 3155/6093/463 3156/6094/463 3157/6095/463
f 3032/6096/1406 3033/6097/1406 3158/6098/1406 3157/6099/1406
f 3154/6100/499 3155/6101/499 3158/6102/499 3033/6103/499
f 3154/6088/446 3161/6104/446 3159/6089/446
f 3154/6100/463 3033/6103/463 3038/6105/463 3160/6106/463
f 3161/6104/446 3154/6088/446 3160/6107/446 3040/6108/446
f 3161/6109/463 3040/6110/463 3162/6111/463 3123/6112/463
f 3161/6109/463 3123/6112/463 3124/6005/463 3159/6007/463
f 3040/5796/499 3041/5799/499 3165/6113/499 3162/6114/499
f 3126/5996/1414 3162/5995/1417 3166/6115/1419 3167/6116/1419
f 3163/6117/499 3166/6118/499 3162/6114/499
f 3164/6119/499 3163/6117/499 3162/6114/499 3094/6120/499
f 3094/6120/499 3162/6114/499 3165/6113/499
f 3167/6121/463 3166/6122/463 3163/6123/463 3168/6124/463
f 3168/6125/501 3125/5999/501 3126/6000/501 3167/6126/501
f 3168/6127/1411 3163/6128/1411 3164/6129/1411 3125/6130/1411
f 3169/6131/446 3071/6132/446 3094/6133/446 3165/6134/446
f 3170/6135/501 3169/6136/501 3044/6137/501 3175/6138/501
f 3170/6135/501 3071/6139/501 3169/6136/501
f 3171/6140/500 3180/6141/500 3173/6142/500 3170/6143/500
f 3170/6143/500 3172/6144/500 3171/6140/500
f 3172/6145/463 3170/6146/463 3175/6147/463 3213/6148/463
f 3174/6149/501 3170/6135/501 3173/6150/501
f 3170/6135/501 3174/6149/501 3176/6151/501 3071/6139/501
f 3174/6152/1411 3179/6153/1411 3177/6154/1411 3176/6155/1411
f 3071/5861/1410 3176/6156/1410 3177/6157/1410
f 3071/5861/1410 3177/6157/1410 3178/6158/1410
f 3178/6159/463 3177/6160/463 3171/6161/463 3183/6162/463
f 3171/6161/499 3177/6160/499 3179/6163/499 3180/6164/499
f 3173/6165/463 3180/6166/463 3179/6167/463 3174/6168/463
f 3071/5861/1410 3178/6158/1410 3181/6169/1410
f 3182/6170/1411 3188/6171/1411 3181/6172/1411 3178/6173/1411
f 3182/6174/501 3178/6159/501 3183/6162/501 3187/6175/501
f 3184/6176/500 3186/6177/500 3183/6178/500 3185/6179/500
f 3185/6179/500 3183/6178/500 3171/6140/500 3172/6144/500
f 3186/6177/500 3189/6180/500 3187/6181/500 3183/6178/500
f 3187/6182/463 3189/6183/463 3188/6184/463 3182/6185/463
f 3186/6186/499 3181/6187/499 3188/6188/499 3189/6189/499
f 3184/6176/500 3191/6190/500 3190/6191/500 3186/6177/500
f 3190/6192/463 3194/6193/463 3181/6187/463 3186/6186/463
f 3191/6190/500 3066/5851/500 3067/5852/500 3190/6191/500
f 3067/5852/500 3196/6194/500 3192/6195/500 3190/6191/500
f 3193/6196/501 3194/6193/501 3190/6192/501 3192/6197/501
f 3193/6198/1411 3195/6199/1411 3068/6200/1411 3194/6201/1411
f 3071/5861/1410 3194/6202/1410 3068/5862/1410
f 3071/5861/1410 3181/6169/1410 3194/6202/1410
f 3192/6203/463 3196/6204/463 3195/6205/463 3193/6206/463
f 3067/5860/499 3068/5859/499 3195/6207/499 3196/6208/499
f 3191/6209/463 3198/6210/463 3197/6211/463 3066/6212/463
f 3191/6209/463 3184/6213/463 3199/6214/463 3198/6210/463
f 3201/6215/1408 3198/6216/1409 3199/6217/1409 3203/6218/1408
f 3200/6219/463 3199/6214/463 3184/6213/463 3185/6220/463
f 3199/6217/1409 3200/6221/1409 3202/6222/1408 3203/6218/1408
f 3204/6223/446 3207/6224/446 3203/6218/1408 3202/6222/1408
f 3201/6225/463 3203/6226/463 3205/6227/463 3218/6228/463
f 3203/6226/499 3207/6229/499 3206/6230/499 3205/6227/499
f 3206/6231/463 3207/6232/463 3204/6233/463 3208/6234/463
f 3205/6235/1406 3206/6236/1406 3208/6237/1406 3209/6238/1406
f 3202/6239/501 3209/6240/501 3208/6241/501 3204/6242/501
f 3045/5806/1405 3205/6243/1405 3209/6244/1405
f 3045/5806/1405 3209/6244/1405 3210/6245/1405
f 3211/6246/463 3210/6247/463 3209/6240/463 3202/6239/463
f 3211/6248/1408 3202/6222/1408 3200/6221/1409 3213/6249/1409
f 3211/6246/499 3215/6250/499 3212/6251/499 3210/6247/499
f 3211/6248/1408 3213/6249/1409 3175/6252/1407
f 3214/6253/748 3215/6254/748 3211/6248/1408 3175/6252/1407
f 3212/6255/463 3215/6256/463 3214/6257/463 3216/6258/463
f 3175/6138/501 3216/6259/501 3214/6260/501
f 3210/6261/1406 3212/6262/1406 3216/6263/1406 3217/6264/1406
f 3217/6265/501 3216/6259/501 3175/6138/501 3045/6266/501
f 3045/5806/1405 3210/6245/1405 3217/6267/1405
f 3200/6219/463 3185/6220/463 3172/6145/463 3213/6148/463
f 3045/5806/1405 3218/6268/1405 3205/6243/1405
f 3045/5806/1405 3219/6269/1405 3218/6268/1405
f 3218/6270/1406 3219/6271/1406 3221/6272/1406 3220/6273/1406
f 3201/6225/501 3218/6228/501 3220/6274/501 3223/6275/501
f 3221/6276/463 3224/6277/463 3223/6278/463 3220/6279/463
f 3222/6280/499 3224/6281/499 3221/6282/499 3219/6283/499
f 3223/6284/446 3224/6285/446 3222/6286/1408 3201/6215/1408
f 3061/6287/463 3222/6280/463 3219/6283/463 3225/6288/463
f 3198/6216/1409 3201/6215/1408 3222/6286/1408 3197/6289/1409
f 3197/6289/1409 3222/6286/1408 3061/5841/1408 3059/5842/1409
f 3045/5806/1405 3225/6290/1405 3219/6269/1405
f 3045/5806/1405 3226/6291/1405 3225/6290/1405
f 3226/6292/1406 3228/6293/1406 3227/6294/1406 3225/6295/1406
f 3061/6287/501 3225/6288/501 3227/6296/501 3229/6297/501
f 3228/6298/463 3230/6299/463 3229/6300/463 3227/6301/463
f 3229/6302/446 3230/6303/446 3054/5832/1408 3061/5841/1408
f 3054/5834/499 3230/6304/499 3228/6305/499 3226/5835/499
f 3045/5806/1405 3047/5807/1405 3226/6291/1405
f 3060/5843/463 3066/6212/463 3197/6211/463 3059/5844/463
f 3175/6138/501 3044/6137/501 3045/6266/501
f 3094/5921/1410 3125/6306/1410 3164/6307/1410
f 3160/6106/501 3038/6105/501 3232/6308/501 3231/6309/501
f 3160/6107/446 3231/6310/446 3233/6311/446 3040/6108/446
f 3040/5796/499 3233/6312/499 3234/6313/499 3039/5797/499
f 3234/6314/463 3233/6315/463 3231/6316/463 3232/6317/463
f 3039/6318/1406 3234/6319/1406 3232/6320/1406 3038/6321/1406
f 3094/5921/1410 3117/5975/1410 3125/6306/1410
f 3094/5921/1410 3097/5933/1410 3106/5970/1410
f 3071/5861/1410 3077/5886/1410 3085/5922/1410 3094/5921/1410
f 3235/6322/1420 3238/6323/1420 3236/6324/1420
f 3235/6322/1420 3236/6324/1420 3237/6325/1420
f 3235/6322/1420 3237/6325/1420 3242/6326/1420
f 3235/6322/1420 3239/6327/1420 3238/6323/1420
f 3235/6322/1420 3240/6328/1420 3239/6327/1420
f 3235/6322/1420 3241/6329/1420 3240/6328/1420
f 3235/6322/1420 3246/6330/1420 3241/6329/1420
f 3235/6322/1420 3242/6326/1420 3243/6331/1420
f 3244/6332/499 3235/6333/499 3243/6334/499
f 3244/6332/499 3245/6335/499 3235/6333/499
f 3235/6336/500 3245/6337/500 3248/6338/500 3249/6339/500
f 3235/6322/1420 3247/6340/1420 3246/6330/1420
f 3235/6322/1420 3250/6341/1420 3247/6340/1420
f 3249/6342/1420 3251/6343/1420 3250/6341/1420 3235/6322/1420
f 3250/6344/1421 3251/6345/1421 3252/6346/1421 3254/6347/1421
f 3253/6348/451 3350/6349/451 3247/6350/451 3250/6351/451
f 3253/6348/499 3250/6351/499 3254/6352/499 3256/6353/499
f 3254/6354/451 3252/6355/451 3255/6356/451 3256/6357/451
f 3255/6358/446 3257/6359/1422 3253/6360/521 3256/6361/446
f 3257/6362/501 3255/6363/501 3252/6364/501 3251/6365/501
f 3259/6366/1423 3260/6367/1422 3253/6360/521 3257/6359/1422
f 3258/6368/1422 3262/6369/1423 3259/6366/1423 3257/6359/1422
f 3258/6370/451 3257/6362/451 3251/6365/451 3430/6371/451
f 3260/6372/451 3259/6373/451 3261/6374/451
f 3261/6374/451 3259/6373/451 3262/6375/451 3266/6376/451
f 3265/6377/1422 3263/6378/1423 3262/6369/1423 3258/6368/1422
f 3262/6375/451 3263/6379/451 3264/6380/451 3266/6376/451
f 3261/6381/500 3266/6382/500 3267/6383/500 3282/6384/500
f 3266/6382/500 3264/6385/500 3268/6386/500 3267/6383/500
f 3270/6387/500 3271/6388/500 3268/6386/500 3264/6385/500
f 3267/6383/500 3268/6386/500 3269/6389/500 3279/6390/500
f 3273/6391/501 3269/6392/501 3268/6393/501 3274/6394/501
f 3268/6393/451 3271/6395/451 3272/6396/451 3274/6394/451
f 3275/6397/1424 3274/6398/1424 3272/6399/1424
f 3275/6397/1424 3276/6400/1424 3274/6398/1424
f 3273/6401/1425 3274/6402/1425 3276/6403/1425 3278/6404/1425
f 3275/6397/1424 3277/6405/1424 3276/6400/1424
f 3277/6406/451 3282/6407/451 3267/6408/451 3276/6409/451
f 3267/6408/499 3279/6410/499 3278/6411/499 3276/6409/499
f 3269/6412/451 3273/6413/451 3278/6414/451 3279/6415/451
f 3280/6416/501 3284/6417/501 3282/6407/501 3277/6406/501
f 3280/6418/1425 3277/6419/1425 3281/6420/1425 3285/6421/1425
f 3275/6397/1424 3281/6422/1424 3277/6405/1424
f 3283/6423/500 3288/6424/500 3261/6381/500 3282/6384/500
f 3283/6423/500 3282/6384/500 3284/6425/500 3286/6426/500
f 3284/6427/451 3280/6428/451 3285/6429/451 3286/6430/451
f 3283/6431/499 3286/6432/499 3285/6433/499 3281/6434/499
f 3283/6423/500 3290/6435/500 3287/6436/500 3288/6424/500
f 3289/6437/451 3290/6438/451 3283/6431/451 3281/6434/451
f 3291/6439/500 3287/6436/500 3290/6435/500 3292/6440/500
f 3292/6440/500 3290/6435/500 3293/6441/500 3297/6442/500
f 3294/6443/501 3293/6444/501 3290/6438/501 3289/6437/501
f 3294/6445/1425 3289/6446/1425 3295/6447/1425 3296/6448/1425
f 3293/6449/451 3294/6450/451 3296/6451/451 3297/6452/451
f 3292/6453/499 3297/6454/499 3296/6455/499 3295/6456/499
f 3298/6457/1424 3295/6458/1424 3289/6459/1424
f 3298/6457/1424 3299/6460/1424 3295/6458/1424
f 3299/6461/451 3302/6462/451 3292/6453/451 3295/6456/451
f 3300/6463/501 3305/6464/501 3302/6462/501 3299/6461/501
f 3300/6465/1425 3299/6466/1425 3301/6467/1425 3306/6468/1425
f 3298/6457/1424 3301/6469/1424 3299/6460/1424
f 3303/6470/802 3291/6439/500 3292/6440/500 3302/6471/1412
f 3304/6472/1426 3309/6473/1427 3303/6470/802 3302/6471/1412
f 3304/6472/1426 3302/6471/1412 3305/6474/1428 3307/6475/1428
f 3305/6476/451 3300/6477/451 3306/6478/451 3307/6479/451
f 3304/6480/499 3307/6481/499 3306/6482/499 3301/6483/499
f 3304/6472/1426 3311/6484/1427 3308/6485/1429 3309/6473/1427
f 3310/6486/451 3311/6487/451 3304/6480/451 3301/6483/451
f 3315/6488/501 3314/6489/501 3311/6487/501 3310/6486/501
f 3312/6490/1429 3308/6485/1429 3311/6484/1427 3313/6491/1427
f 3313/6491/1427 3311/6484/1427 3314/6492/500 3318/6493/500
f 3315/6494/1425 3310/6495/1425 3316/6496/1425 3317/6497/1425
f 3314/6498/451 3315/6499/451 3317/6500/451 3318/6501/451
f 3313/6502/499 3318/6503/499 3317/6504/499 3316/6505/499
f 3298/6457/1424 3316/6506/1424 3310/6507/1424
f 3298/6457/1424 3319/6508/1424 3316/6506/1424
f 3319/6509/451 3320/6510/451 3313/6502/451 3316/6505/451
f 3298/6457/1424 3321/6511/1424 3319/6508/1424
f 3323/6512/501 3324/6513/501 3320/6510/501 3319/6509/501
f 3319/6514/1425 3321/6515/1425 3322/6516/1425 3323/6517/1425
f 3324/6518/451 3323/6519/451 3322/6520/451 3325/6521/451
f 3320/6522/1427 3324/6523/500 3325/6524/500 3326/6525/1427
f 3326/6526/499 3325/6527/499 3322/6528/499 3321/6529/499
f 3327/6530/1429 3326/6525/1427 3330/6531/1427 3366/6532/1430
f 3327/6530/1429 3328/6533/1429 3326/6525/1427
f 3331/6534/1429 3320/6522/1427 3326/6525/1427 3328/6533/1429
f 3329/6535/451 3330/6536/451 3326/6526/451 3321/6529/451
f 3312/6537/451 3331/6538/451 3333/6539/451 3334/6540/451
f 3331/6534/1429 3312/6490/1429 3313/6491/1427 3320/6522/1427
f 3328/6541/451 3363/6542/451 3332/6543/451 3331/6538/451
f 3331/6538/451 3332/6543/451 3333/6539/451
f 3335/6544/446 3333/6545/446 3332/6546/446 3357/6547/446
f 3336/6548/446 3334/6549/446 3333/6545/446 3335/6544/446
f 3336/6550/501 3337/6551/501 3338/6552/501 3239/6553/501
f 3336/6550/451 3239/6553/451 3240/6554/451 3339/6555/451
f 3339/6556/446 3341/6557/446 3334/6549/446 3336/6548/446
f 3337/6558/446 3336/6548/446 3335/6544/446 3356/6559/446
f 3339/6555/499 3240/6554/499 3340/6560/499 3345/6561/499
f 3342/6562/446 3341/6557/446 3339/6556/446 3344/6563/446
f 3343/6564/446 3344/6563/446 3339/6556/446 3345/6565/446
f 3340/6566/451 3347/6567/451 3343/6568/451 3345/6569/451
f 3344/6570/501 3343/6571/501 3347/6572/501 3241/6573/501
f 3346/6574/446 3348/6575/446 3342/6562/446 3344/6563/446
f 3346/6576/451 3344/6570/451 3241/6573/451 3246/6577/451
f 3240/6578/1421 3241/6579/1421 3347/6580/1421 3340/6581/1421
f 3350/6582/1431 3354/6583/1431 3348/6575/446 3346/6574/446
f 3349/6584/446 3350/6582/1431 3346/6574/446 3352/6585/446
f 3346/6576/499 3246/6577/499 3351/6586/499 3352/6587/499
f 3351/6588/451 3353/6589/451 3349/6590/451 3352/6591/451
f 3246/6592/1421 3247/6593/1421 3353/6594/1421 3351/6595/1421
f 3350/6349/501 3349/6596/501 3353/6597/501 3247/6350/501
f 3253/6360/521 3260/6367/1422 3354/6583/1431 3350/6582/1431
f 3291/6598/451 3348/6599/451 3354/6600/451 3287/6601/451
f 3260/6372/451 3261/6374/451 3288/6602/451 3354/6600/451
f 3354/6600/451 3288/6602/451 3287/6601/451
f 3303/6603/451 3342/6604/451 3348/6599/451 3291/6598/451
f 3341/6605/451 3342/6604/451 3303/6603/451 3309/6606/451
f 3334/6540/451 3341/6605/451 3308/6607/451 3312/6537/451
f 3341/6605/451 3309/6606/451 3308/6607/451
f 3238/6608/1421 3239/6609/1421 3338/6610/1421 3355/6611/1421
f 3355/6612/451 3338/6613/451 3337/6614/451 3356/6615/451
f 3335/6616/499 3238/6617/499 3355/6618/499 3356/6619/499
f 3335/6616/451 3357/6620/451 3236/6621/451 3238/6617/451
f 3357/6620/501 3360/6622/501 3361/6623/501 3236/6621/501
f 3358/6624/446 3357/6547/446 3332/6546/446 3363/6625/446
f 3357/6547/446 3358/6624/446 3359/6626/446 3360/6627/446
f 3362/6628/451 3361/6629/451 3360/6630/451 3359/6631/451
f 3236/6632/1421 3361/6633/1421 3362/6634/1421 3237/6635/1421
f 3358/6636/499 3237/6637/499 3362/6638/499 3359/6639/499
f 3358/6624/446 3363/6625/446 3365/6640/446
f 3358/6636/451 3364/6641/451 3242/6642/451 3237/6637/451
f 3365/6640/446 3244/6643/446 3364/6644/446 3358/6624/446
f 3365/6645/451 3327/6646/451 3366/6647/451 3244/6648/451
f 3365/6645/451 3363/6542/451 3328/6541/451 3327/6646/451
f 3244/6332/499 3366/6649/499 3369/6650/499 3245/6335/499
f 3330/6531/1427 3371/6651/1432 3370/6652/1432 3366/6532/1430
f 3367/6653/499 3366/6649/499 3370/6654/499
f 3366/6649/499 3367/6653/499 3368/6655/499 3298/6656/499
f 3298/6656/499 3369/6650/499 3366/6649/499
f 3371/6657/451 3372/6658/451 3367/6659/451 3370/6660/451
f 3372/6661/501 3371/6662/501 3330/6536/501 3329/6535/501
f 3372/6663/1425 3329/6664/1425 3368/6665/1425 3367/6666/1425
f 3373/6667/446 3369/6668/446 3298/6669/446 3275/6670/446
f 3248/6671/501 3373/6672/501 3374/6673/501 3379/6674/501
f 3374/6673/501 3373/6672/501 3275/6675/501
f 3375/6676/500 3374/6677/500 3377/6678/500 3384/6679/500
f 3374/6677/500 3375/6676/500 3376/6680/500
f 3376/6681/451 3417/6682/451 3379/6683/451 3374/6684/451
f 3378/6685/501 3377/6686/501 3374/6673/501
f 3374/6673/501 3275/6675/501 3380/6687/501 3378/6685/501
f 3378/6688/1425 3380/6689/1425 3381/6690/1425 3383/6691/1425
f 3275/6397/1424 3381/6692/1424 3380/6693/1424
f 3275/6397/1424 3382/6694/1424 3381/6692/1424
f 3382/6695/451 3387/6696/451 3375/6697/451 3381/6698/451
f 3375/6697/499 3384/6699/499 3383/6700/499 3381/6698/499
f 3377/6701/451 3378/6702/451 3383/6703/451 3384/6704/451
f 3275/6397/1424 3385/6705/1424 3382/6694/1424
f 3386/6706/1425 3382/6707/1425 3385/6708/1425 3392/6709/1425
f 3386/6710/501 3391/6711/501 3387/6696/501 3382/6695/501
f 3388/6712/500 3389/6713/500 3387/6714/500 3390/6715/500
f 3389/6713/500 3376/6680/500 3375/6676/500 3387/6714/500
f 3390/6715/500 3387/6714/500 3391/6716/500 3393/6717/500
f 3391/6718/451 3386/6719/451 3392/6720/451 3393/6721/451
f 3390/6722/499 3393/6723/499 3392/6724/499 3385/6725/499
f 3388/6712/500 3390/6715/500 3394/6726/500 3395/6727/500
f 3394/6728/451 3390/6722/451 3385/6725/451 3398/6729/451
f 3395/6727/500 3394/6726/500 3271/6388/500 3270/6387/500
f 3271/6388/500 3394/6726/500 3396/6730/500 3400/6731/500
f 3397/6732/501 3396/6733/501 3394/6728/501 3398/6729/501
f 3397/6734/1425 3398/6735/1425 3272/6736/1425 3399/6737/1425
f 3275/6397/1424 3272/6399/1424 3398/6738/1424
f 3275/6397/1424 3398/6738/1424 3385/6705/1424
f 3396/6739/451 3397/6740/451 3399/6741/451 3400/6742/451
f 3271/6395/499 3400/6743/499 3399/6744/499 3272/6396/499
f 3395/6745/451 3270/6746/451 3401/6747/451 3402/6748/451
f 3395/6745/451 3402/6748/451 3403/6749/451 3388/6750/451
f 3403/6751/1423 3402/6752/1423 3405/6753/1422 3407/6754/1422
f 3404/6755/451 3389/6756/451 3388/6750/451 3403/6749/451
f 3403/6751/1423 3407/6754/1422 3406/6757/1422 3404/6758/1423
f 3408/6759/446 3406/6757/1422 3407/6754/1422 3411/6760/446
f 3405/6761/451 3422/6762/451 3409/6763/451 3407/6764/451
f 3407/6764/499 3409/6763/499 3410/6765/499 3411/6766/499
f 3410/6767/451 3412/6768/451 3408/6769/451 3411/6770/451
f 3409/6771/1421 3413/6772/1421 3412/6773/1421 3410/6774/1421
f 3406/6775/501 3408/6776/501 3412/6777/501 3413/6778/501
f 3249/6342/1420 3413/6779/1420 3409/6780/1420
f 3249/6342/1420 3414/6781/1420 3413/6779/1420
f 3415/6782/451 3406/6775/451 3413/6778/451 3414/6783/451
f 3415/6784/1422 3417/6785/1423 3404/6758/1423 3406/6757/1422
f 3415/6782/499 3414/6783/499 3416/6786/499 3419/6787/499
f 3415/6784/1422 3379/6788/521 3417/6785/1423
f 3418/6789/791 3379/6788/521 3415/6784/1422 3419/6790/791
f 3416/6791/451 3420/6792/451 3418/6793/451 3419/6794/451
f 3379/6674/501 3418/6795/501 3420/6796/501
f 3414/6797/1421 3421/6798/1421 3420/6799/1421 3416/6800/1421
f 3379/6674/501 3420/6796/501 3421/6801/501 3249/6802/501
f 3249/6342/1420 3421/6803/1420 3414/6781/1420
f 3404/6755/451 3417/6682/451 3376/6681/451 3389/6756/451
f 3249/6342/1420 3409/6780/1420 3422/6804/1420
f 3249/6342/1420 3422/6804/1420 3423/6805/1420
f 3422/6806/1421 3424/6807/1421 3425/6808/1421 3423/6809/1421
f 3405/6761/501 3427/6810/501 3424/6811/501 3422/6762/501
f 3425/6812/451 3424/6813/451 3427/6814/451 3428/6815/451
f 3426/6816/499 3423/6817/499 3425/6818/499 3428/6819/499
f 3427/6820/446 3405/6753/1422 3426/6821/1422 3428/6822/446
f 3265/6823/451 3429/6824/451 3423/6817/451 3426/6816/451
f 3402/6752/1423 3401/6825/1423 3426/6821/1422 3405/6753/1422
f 3401/6825/1423 3263/6378/1423 3265/6377/1422 3426/6821/1422
f 3249/6342/1420 3423/6805/1420 3429/6826/1420
f 3249/6342/1420 3429/6826/1420 3430/6827/1420
f 3430/6828/1421 3429/6829/1421 3431/6830/1421 3432/6831/1421
f 3265/6823/501 3433/6832/501 3431/6833/501 3429/6824/501
f 3432/6834/451 3431/6835/451 3433/6836/451 3434/6837/451
f 3433/6838/446 3265/6377/1422 3258/6368/1422 3434/6839/446
f 3258/6370/499 3430/6371/499 3432/6840/499 3434/6841/499
f 3249/6342/1420 3430/6827/1420 3251/6343/1420
f 3264/6380/451 3263/6379/451 3401/6747/451 3270/6746/451
f 3248/6671/501 3379/6674/501 3249/6802/501
f 3298/6457/1424 3368/6842/1424 3329/6843/1424
f 3364/6641/501 3435/6844/501 3436/6845/501 3242/6642/501
f 3364/6644/446 3244/6643/446 3437/6846/446 3435/6847/446
f 3244/6332/499 3243/6334/499 3438/6848/499 3437/6849/499
f 3438/6850/451 3436/6851/451 3435/6852/451 3437/6853/451
f 3243/6854/1421 3242/6855/1421 3436/6856/1421 3438/6857/1421
f 3298/6457/1424 3329/6843/1424 3321/6511/1424
f 3298/6457/1424 3310/6507/1424 3301/6469/1424
f 3275/6397/1424 3298/6457/1424 3289/6459/1424 3281/6422/1424
f 3439/6858/1433 3470/6859/1434 3440/6860/1434 3441/6861/1433
f 3439/6858/1433 3441/6861/1433 3442/6862/1435 3443/6863/1435
f 3444/6864/1436 3443/6863/1435 3442/6862/1435 3445/6865/1436
f 3446/6866/1437 3444/6864/1436 3445/6865/1436 3447/6867/1437
f 3448/6868/1438 3446/6866/1437 3447/6867/1437 3449/6869/1438
f 3450/6870/1439 3448/6868/1438 3449/6869/1438 3451/6871/1439
f 3450/6870/1439 3451/6871/1439 3452/6872/1440 3453/6873/1440
f 3453/6873/1440 3452/6872/1440 3454/6874/1441 3455/6875/1441
f 3455/6875/1441 3454/6874/1441 3456/6876/1442 3457/6877/1442
f 3457/6877/1442 3456/6876/1442 3458/6878/1443 3459/6879/1443
f 3459/6879/1443 3458/6878/1443 3460/6880/1444 3461/6881/1444
f 3462/6882/1445 3461/6881/1444 3460/6880/1444 3463/6883/1445
f 3462/6882/1445 3463/6883/1445 3464/6884/1446 3465/6885/1446
f 3466/6886/1447 3465/6885/1446 3464/6884/1446 3467/6887/1447
f 3468/6888/1448 3466/6886/1447 3467/6887/1447 3469/6889/1448
f 3470/6859/1434 3468/6888/1448 3469/6889/1448 3440/6860/1434
f 3487/6890/1449 3500/6891/1450 3488/6892/1450 3489/6893/1451
f 3490/6894/1452 3501/6895/1453 3491/6896/1453 3492/6897/1454
f 3493/6898/1455 3506/6899/1455 3494/6900/1456 3495/6901/1457
f 3496/6902/1458 3508/6903/1458 3497/6904/1459 3498/6905/1459
f 3499/6906/1460 3510/6907/1460 3488/6908/1450 3500/6909/1450
f 3501/6895/1453 3511/6910/1461 3502/6911/1462 3491/6896/1453
f 3503/6912/1463 3513/6913/1464 3504/6914/1465 3505/6915/1463
f 3493/6898/1455 3503/6912/1463 3505/6915/1463 3506/6899/1455
f 3496/6902/1458 3515/6916/1466 3507/6917/1467 3508/6903/1458
f 3499/6906/1460 3516/6918/1468 3509/6919/1469 3510/6907/1460
f 3511/6910/1461 3517/6920/1470 3512/6921/1471 3502/6911/1462
f 3513/6913/1464 3518/6922/1472 3514/6923/1473 3504/6914/1465
f 3487/6890/1449 3489/6893/1451 3507/6917/1467 3515/6916/1466
f 3516/6918/1468 3490/6894/1452 3492/6897/1454 3509/6919/1469
f 3495/6901/1457 3494/6900/1456 3512/6921/1471 3517/6920/1470
f 3518/6922/1472 3498/6905/1459 3497/6904/1459 3514/6923/1473
f 3439/6924/1474 3443/6925/1475 3519/6926/1475 3520/6927/1474
f 3519/6928/1476 3498/6929/1476 3518/6930/1477 3520/6931/1477
f 3465/6932/1478 3534/6933/1478 3521/6934/1479 3462/6935/1479
f 3521/6936/1480 3534/6937/1481 3495/6938/1481 3517/6939/1480
f 3457/6940/1482 3523/6941/1482 3522/6942/1483 3455/6943/1483
f 3523/6944/1484 3490/6945/1484 3516/6946/1485 3522/6947/1485
f 3448/6948/1486 3525/6949/1486 3524/6950/1487 3446/6951/1487
f 3525/6952/1488 3487/6953/1488 3515/6954/1489 3524/6955/1489
f 3470/6956/1490 3439/6924/1474 3520/6927/1474 3526/6957/1490
f 3520/6931/1477 3518/6930/1477 3513/6958/1491 3526/6959/1491
f 3462/6935/1479 3521/6934/1479 3527/6960/1492 3461/6961/1492
f 3521/6936/1480 3517/6939/1480 3511/6962/1493 3527/6963/1493
f 3453/6964/1494 3455/6943/1483 3522/6942/1483 3528/6965/1494
f 3522/6947/1485 3516/6946/1485 3499/6966/1495 3528/6967/1495
f 3446/6951/1487 3524/6950/1487 3529/6968/1496 3444/6969/1496
f 3524/6955/1489 3515/6954/1489 3496/6970/1497 3529/6971/1497
f 3468/6972/1498 3531/6973/1499 3530/6974/1500 3466/6975/1500
f 3531/6976/1501 3503/6977/1501 3493/6978/1502 3530/6979/1502
f 3470/6956/1490 3526/6957/1490 3531/6973/1499 3468/6972/1498
f 3526/6959/1491 3513/6958/1491 3503/6977/1501 3531/6976/1501
f 3461/6961/1492 3527/6960/1492 3532/6980/1503 3459/6981/1503
f 3527/6963/1493 3511/6962/1493 3501/6982/1504 3532/6983/1504
f 3453/6964/1494 3528/6965/1494 3533/6984/1505 3450/6985/1506
f 3528/6986/1495 3499/6987/1495 3500/6988/1507 3533/6989/1507
f 3444/6990/1496 3529/6991/1496 3519/6926/1475 3443/6925/1475
f 3529/6971/1497 3496/6970/1497 3498/6929/1476 3519/6928/1476
f 3465/6932/1478 3466/6975/1500 3530/6974/1500 3534/6933/1478
f 3530/6979/1502 3493/6978/1502 3495/6938/1481 3534/6937/1481
f 3457/6940/1482 3459/6981/1503 3532/6980/1503 3523/6941/1482
f 3532/6983/1504 3501/6982/1504 3490/6945/1484 3523/6944/1484
f 3450/6985/1506 3533/6984/1505 3525/6949/1486 3448/6948/1486
f 3533/6989/1507 3500/6988/1507 3487/6953/1488 3525/6952/1488
f 3497/6992/1476 3537/6993/1476 3535/6994/1508 3514/6995/1508
f 3491/6996/1504 3538/6997/1504 3536/6998/1509 3492/6999/1509
f 3508/7000/1497 3539/7001/1497 3537/6993/1476 3497/6992/1476
f 3502/7002/1493 3540/7003/1493 3538/6997/1504 3491/6996/1504
f 3507/7004/1510 3541/7005/1510 3539/7001/1497 3508/7000/1497
f 3512/7006/1511 3542/7007/1511 3540/7003/1493 3502/7002/1493
f 3489/7008/1512 3543/7009/1512 3541/7005/1510 3507/7004/1510
f 3494/7010/1513 3544/7011/1513 3542/7007/1511 3512/7006/1511
f 3488/7012/1507 3545/7013/1507 3543/7009/1512 3489/7008/1512
f 3506/7014/1502 3547/7015/1502 3544/7011/1513 3494/7010/1513
f 3510/7016/1495 3548/7017/1495 3545/7018/1507 3488/7019/1507
f 3504/7020/1514 3549/7021/1514 3546/7022/1501 3505/7023/1501
f 3505/7023/1501 3546/7022/1501 3547/7015/1502 3506/7014/1502
f 3509/7024/1515 3550/7025/1515 3548/7017/1495 3510/7016/1495
f 3514/6995/1508 3535/6994/1508 3549/7021/1514 3504/7020/1514
f 3492/6999/1509 3536/6998/1509 3550/7025/1515 3509/7024/1515
f 3476/7026/499 3474/7027/499 3472/7028/499 3480/7029/499
f 3481/7030/499 3479/7031/499 3476/7026/499 3480/7029/499
f 3480/7029/499 3477/7032/499 3478/7033/499 3481/7030/499
f 3473/7034/499 3471/7035/499 3485/7036/499 3483/7037/499
f 3478/7033/499 3475/7038/499 3473/7034/499
f 3482/7039/499 3480/7029/499 3472/7028/499
f 3472/7028/499 3486/7040/499 3484/7041/499 3482/7039/499
f 3481/7030/499 3478/7033/499 3473/7034/499 3483/7037/499
f 3551/7042/624 3552/7043/1516 3567/7044/1516 3566/7045/624
f 3551/7046/463 3556/7047/463 3553/7048/463 3552/7049/463
f 3568/7050/618 3555/7051/618 3551/7042/624 3566/7045/624
f 3554/7052/463 3556/7047/463 3551/7046/463 3555/7053/463
f 3572/7054/1087 3553/7055/1087 3556/7056/1517 3573/7057/1517
f 3573/7057/1517 3556/7056/1517 3554/7058/499 3574/7059/499
f 3574/7060/499 3554/7061/499 3557/7062/1100 3575/7063/1100
f 3557/7062/1100 3560/7064/1518 3577/7065/1518 3575/7063/1100
f 3557/7066/463 3559/7067/463 3558/7068/463 3560/7069/463
f 3557/7066/463 3554/7052/463 3555/7053/463 3559/7067/463
f 3560/7064/1518 3562/7070/1412 3581/7071/1412 3577/7065/1518
f 3561/7072/463 3562/7073/463 3560/7069/463 3558/7068/463
f 3562/7070/1412 3561/7074/1519 3584/7075/1519 3581/7071/1412
f 3561/7074/1519 3558/7076/1520 3585/7077/1520 3584/7075/1519
f 3558/7076/1520 3559/7078/501 3586/7079/501 3585/7077/1520
f 3559/7078/501 3555/7051/618 3568/7050/618 3586/7079/501
f 3567/7044/1516 3552/7043/1516 3553/7055/1087 3572/7054/1087
f 3563/7080/624 3566/7081/624 3567/7082/1516 3564/7083/1516
f 3563/7084/451 3564/7085/451 3565/7086/451 3571/7087/451
f 3568/7088/618 3566/7081/624 3563/7080/624 3570/7089/618
f 3569/7090/451 3570/7091/451 3563/7084/451 3571/7087/451
f 3572/7092/1087 3573/7093/1517 3571/7094/1517 3565/7095/1087
f 3573/7093/1517 3574/7096/499 3569/7097/499 3571/7094/1517
f 3574/7098/499 3575/7099/1100 3576/7100/1100 3569/7101/499
f 3576/7100/1100 3575/7099/1100 3577/7102/1518 3580/7103/1518
f 3576/7104/451 3580/7105/451 3578/7106/451 3579/7107/451
f 3576/7104/451 3579/7107/451 3570/7091/451 3569/7090/451
f 3580/7103/1518 3577/7102/1518 3581/7108/1412 3583/7109/1412
f 3582/7110/451 3578/7106/451 3580/7105/451 3583/7111/451
f 3583/7109/1412 3581/7108/1412 3584/7112/1519 3582/7113/1519
f 3582/7113/1519 3584/7112/1519 3585/7114/1520 3578/7115/1520
f 3578/7115/1520 3585/7114/1520 3586/7116/501 3579/7117/501
f 3579/7117/501 3586/7116/501 3568/7088/618 3570/7089/618
f 3567/7082/1516 3572/7092/1087 3565/7095/1087 3564/7083/1516
f 3587/7118/499 3588/7119/499 3592/7120/499
f 3587/7121/853 3591/7122/853 3589/7123/853 3588/7124/853
f 3587/7118/499 3592/7120/499 3593/7125/499 3590/7126/499
f 3590/7127/1521 3602/7128/1521 3591/7122/1521 3587/7121/1521
f 3594/7129/463 3601/7130/463 3593/7131/463 3592/7132/463
f 3593/7125/499 3595/7133/499 3590/7126/499
f 3596/7134/1522 3595/7135/1523 3593/7136/1524
f 3596/7134/1522 3593/7136/1524 3597/7137/1525
f 3597/7137/1525 3593/7136/1524 3598/7138/1526
f 3598/7138/1526 3593/7136/1524 3599/7139/1527 3652/7140/1528
f 3593/7141/1529 3601/7142/1530 3600/7143/1531 3599/7144/1532
f 3602/7145/501 3605/7146/501 3601/7147/501
f 3591/7148/501 3602/7145/501 3601/7147/501 3594/7149/501
f 3603/7150/1533 3649/7151/1534 3600/7152/1535 3601/7153/1536
f 3604/7154/1537 3603/7150/1533 3601/7153/1536
f 3604/7154/1537 3601/7153/1536 3606/7155/1538
f 3606/7155/1538 3601/7153/1536 3605/7156/1539
f 3595/7157/1540 3596/7158/1541 3606/7159/1542 3605/7160/1543
f 3596/7158/1541 3597/7161/1544 3604/7162/1545 3606/7159/1542
f 3607/7163/1546 3595/7157/1540 3605/7160/1543 3608/7164/1546
f 3605/7146/501 3602/7145/501 3609/7165/501 3608/7166/501
f 3608/7166/501 3609/7165/501 3610/7167/501
f 3611/7168/501 3619/7169/501 3610/7167/501 3609/7165/501
f 3611/7170/446 3609/7171/446 3612/7172/446 3613/7173/446
f 3612/7172/446 3609/7171/446 3602/7128/446 3590/7127/446
f 3612/7174/499 3590/7126/499 3595/7133/499 3607/7175/499
f 3613/7176/499 3612/7174/499 3614/7177/499 3615/7178/499
f 3612/7174/499 3607/7175/499 3614/7177/499
f 3615/7179/1547 3614/7180/1523 3616/7181/1548
f 3617/7182/1549 3616/7183/1550 3614/7184/1551 3610/7185/1552
f 3610/7185/1552 3614/7184/1551 3607/7163/1546 3608/7164/1546
f 3619/7186/1553 3617/7187/1554 3610/7188/1539
f 3619/7186/1553 3618/7189/1555 3617/7187/1554
f 3618/7190/1556 3640/7191/1557 3616/7183/1550 3617/7182/1549
f 3615/7192/451 3619/7193/451 3620/7194/451 3648/7195/451
f 3621/7196/501 3620/7197/501 3619/7169/501 3611/7168/501
f 3619/7186/1553 3622/7198/1558 3618/7189/1555
f 3623/7199/1559 3626/7200/1560 3622/7198/1558 3619/7186/1553
f 3615/7201/1561 3623/7202/1562 3619/7203/1563
f 3624/7204/1564 3625/7205/1565 3623/7202/1562 3615/7201/1561
f 3626/7200/1560 3623/7199/1559 3625/7206/868 3627/7207/868
f 3627/7208/463 3631/7209/463 3629/7210/463 3626/7211/463
f 3626/7211/463 3629/7210/463 3628/7212/1566 3622/7213/1567
f 3630/7214/1568 3624/7215/1569 3629/7216/1570 3631/7217/1571
f 3628/7218/1572 3629/7216/1570 3624/7215/1569
f 3632/7219/1573 3630/7214/1568 3631/7217/1571 3633/7220/1574
f 3634/7221/463 3633/7222/463 3631/7209/463 3627/7208/463
f 3634/7223/869 3637/7224/1575 3636/7225/1576 3635/7226/1576
f 3635/7227/463 3638/7228/463 3633/7222/463 3634/7221/463
f 3627/7207/868 3625/7206/868 3637/7224/1575 3634/7223/869
f 3630/7229/1577 3632/7230/1578 3637/7231/1579
f 3632/7230/1578 3639/7232/1580 3636/7233/877 3637/7231/1579
f 3630/7229/1577 3637/7231/1579 3625/7205/1565 3624/7204/1564
f 3638/7234/1581 3635/7226/1576 3636/7225/1576 3639/7235/1581
f 3639/7235/1581 3632/7219/1573 3633/7220/1574 3638/7234/1581
f 3628/7218/1572 3624/7215/1569 3615/7179/1547 3640/7236/1582
f 3622/7213/1567 3628/7212/1566 3640/7191/1557 3618/7190/1556
f 3615/7179/1547 3616/7181/1548 3640/7236/1582
f 3642/7237/888 3621/7238/888 3641/7239/888 3643/7240/888
f 3621/7238/1583 3611/7170/1583 3613/7173/1583 3641/7239/1583
f 3621/7196/501 3642/7241/501 3620/7197/501
f 3643/7240/463 3647/7242/463 3644/7243/463 3642/7237/463
f 3642/7241/501 3644/7244/501 3645/7245/501 3620/7197/501
f 3648/7246/751 3620/7247/751 3645/7248/751 3646/7249/751
f 3645/7248/446 3644/7243/446 3647/7242/446 3646/7249/446
f 3615/7178/499 3648/7250/499 3641/7251/499 3613/7176/499
f 3641/7251/499 3648/7250/499 3643/7252/499
f 3643/7252/499 3648/7250/499 3646/7253/499 3647/7254/499
f 3597/7161/1544 3598/7255/1584 3603/7256/1585 3604/7162/1545
f 3598/7255/1584 3652/7257/451 3649/7258/451 3603/7256/1585
f 3650/7259/868 3600/7152/1535 3649/7151/1534 3651/7260/868
f 3652/7257/451 3654/7261/451 3651/7262/451 3649/7258/451
f 3653/7263/1568 3654/7264/1571 3652/7140/1528 3599/7139/1527
f 3655/7265/1573 3657/7266/1574 3654/7264/1571 3653/7263/1568
f 3654/7261/451 3657/7267/451 3656/7268/451 3651/7262/451
f 3657/7267/451 3660/7269/451 3658/7270/451 3656/7268/451
f 3659/7271/1581 3660/7272/1581 3657/7266/1574 3655/7265/1573
f 3660/7272/1581 3659/7271/1581 3661/7273/1576 3658/7274/1576
f 3655/7275/1586 3662/7276/1587 3661/7277/1588 3659/7278/901
f 3661/7273/1576 3662/7279/1575 3656/7280/869 3658/7274/1576
f 3662/7279/1575 3650/7259/868 3651/7260/868 3656/7280/869
f 3653/7281/1589 3650/7282/1590 3662/7276/1587 3655/7275/1586
f 3599/7144/1532 3600/7143/1531 3650/7282/1590 3653/7281/1589
f 3663/7283/742 3594/7284/742 3592/7285/742 3665/7286/742
f 3663/7287/501 3666/7288/501 3589/7289/501 3594/7149/501
f 3591/7148/501 3594/7149/501 3589/7289/501
f 3664/7290/446 3666/7291/446 3663/7283/446 3665/7286/446
f 3666/7291/451 3664/7290/451 3588/7124/451 3589/7123/451
f 3588/7119/499 3664/7292/499 3665/7293/499 3592/7120/499
f 3672/7294/1591 3667/7295/501 3668/7296/501 3673/7297/1591
f 3667/7298/501 3671/7299/1592 3669/7300/1592 3668/7301/501
f 3670/7302/1593 3667/7303/1594 3672/7304/1595 3674/7305/1596
f 3670/7306/1593 3686/7307/1597 3671/7308/1598 3667/7309/1594
f 3675/7310/1599 3672/7294/1591 3673/7297/1591 3676/7311/1599
f 3674/7305/1596 3672/7304/1595 3675/7312/1600 3679/7313/1601
f 3678/7314/451 3675/7310/1599 3676/7311/1599 3707/7315/451
f 3677/7316/1602 3679/7313/1601 3675/7312/1600 3678/7317/1603
f 3679/7318/1604 3680/7319/1604 3681/7320/1605 3674/7321/1605
f 3677/7322/1606 3710/7323/1606 3680/7319/1604 3679/7318/1604
f 3674/7321/1605 3681/7320/1605 3685/7324/1607 3670/7325/1607
f 3684/7326/1608 3685/7327/1608 3681/7328/500 3682/7329/500
f 3681/7328/500 3680/7330/500 3683/7331/500 3682/7329/500
f 3670/7332/1607 3685/7333/1607 3684/7334/1609 3686/7335/1609
f 3686/7335/1609 3684/7334/1609 3682/7336/1610 3687/7337/1610
f 3687/7338/1611 3689/7339/1612 3671/7308/1598 3686/7307/1597
f 3687/7337/1610 3682/7336/1610 3683/7340/1613 3688/7341/1613
f 3688/7342/1614 3692/7343/1615 3689/7339/1612 3687/7338/1611
f 3671/7299/1592 3689/7344/1616 3690/7345/1616 3669/7300/1592
f 3689/7344/1616 3692/7346/463 3691/7347/463 3690/7345/1616
f 3692/7346/463 3695/7348/1617 3693/7349/1617 3691/7347/463
f 3694/7350/1618 3695/7351/1619 3692/7343/1615 3688/7342/1614
f 3695/7348/1617 3698/7352/1620 3696/7353/1620 3693/7349/1617
f 3697/7354/1621 3698/7355/1622 3695/7351/1619 3694/7350/1618
f 3698/7352/1620 3701/7356/499 3699/7357/499 3696/7353/1620
f 3700/7358/1623 3701/7359/1624 3698/7355/1622 3697/7354/1621
f 3701/7356/499 3703/7360/1625 3702/7361/1625 3699/7357/499
f 3700/7358/1623 3705/7362/1626 3703/7363/1627 3701/7359/1624
f 3703/7360/1625 3706/7364/1628 3704/7365/1628 3702/7361/1625
f 3705/7362/1626 3708/7366/1629 3706/7367/1630 3703/7363/1627
f 3706/7364/1628 3678/7314/451 3707/7315/451 3704/7365/1628
f 3677/7316/1602 3678/7317/1603 3706/7367/1630 3708/7366/1629
f 3708/7368/1631 3709/7369/1631 3710/7323/1606 3677/7322/1606
f 3705/7370/1632 3714/7371/1632 3709/7369/1631 3708/7368/1631
f 3683/7331/500 3680/7330/500 3710/7372/500 3711/7373/500
f 3710/7372/500 3709/7374/500 3712/7375/500 3711/7373/500
f 3697/7376/1633 3712/7377/1633 3713/7378/1634 3700/7379/1634
f 3712/7375/500 3709/7374/500 3714/7380/500 3713/7381/500
f 3694/7382/1635 3711/7383/1635 3712/7377/1633 3697/7376/1633
f 3700/7379/1634 3713/7378/1634 3714/7371/1632 3705/7370/1632
f 3688/7341/1613 3683/7340/1613 3711/7383/1635 3694/7382/1635
f 3715/7384/501 3716/7385/501 3718/7386/501 3719/7387/501
f 3715/7388/1636 3721/7389/1636 3717/7390/1636 3716/7391/1636
f 3715/7384/501 3719/7387/501 3723/7392/501
f 3720/7393/501 3715/7384/501 3722/7394/501 3729/7395/501
f 3720/7396/463 3728/7397/463 3721/7398/463 3715/7399/463
f 3723/7392/501 3722/7394/501 3715/7384/501
f 3726/7400/753 3722/7401/753 3723/7402/743 3724/7403/743
f 3723/7402/743 3719/7404/1637 3725/7405/1637 3724/7403/743
f 3721/7406/499 3726/7407/499 3724/7408/499
f 3726/7407/499 3721/7406/499 3728/7409/499 3727/7410/499
f 3729/7411/752 3722/7401/753 3726/7400/753 3727/7412/752
f 3730/7413/1638 3729/7411/752 3727/7412/752 3731/7414/1638
f 3720/7393/501 3729/7395/501 3730/7415/501
f 3733/7416/1639 3730/7413/1638 3731/7414/1638 3734/7417/1639
f 3732/7418/501 3720/7393/501 3730/7415/501 3733/7419/501
f 3735/7420/446 3733/7416/1639 3734/7417/1639 3737/7421/446
f 3732/7418/501 3733/7419/501 3735/7422/501
f 3735/7422/501 3736/7423/501 3732/7418/501
f 3738/7424/1640 3736/7425/1640 3735/7420/446 3737/7421/446
f 3739/7426/499 3738/7427/499 3737/7428/499
f 3740/7429/499 3741/7430/499 3738/7427/499 3739/7426/499
f 3741/7431/1641 3744/7432/1641 3736/7425/1640 3738/7424/1640
f 3740/7429/499 3742/7433/499 3741/7430/499
f 3743/7434/789 3744/7432/1641 3741/7431/1641 3742/7435/789
f 3745/7436/501 3732/7418/501 3736/7423/501 3744/7437/501
f 3745/7436/501 3744/7437/501 3743/7438/501
f 3745/7439/500 3740/7440/500 3739/7441/500 3732/7442/500
f 3745/7436/501 3743/7438/501 3746/7443/501
f 3745/7436/501 3746/7443/501 3716/7385/501
f 3746/7444/788 3743/7434/789 3742/7435/789 3747/7445/788
f 3748/7446/796 3746/7444/788 3747/7445/788 3749/7447/796
f 3716/7385/501 3746/7443/501 3748/7448/501
f 3716/7385/501 3748/7448/501 3750/7449/501
f 3750/7450/738 3748/7446/796 3749/7447/796 3751/7451/738
f 3716/7385/501 3750/7449/501 3752/7452/501
f 3752/7453/737 3750/7450/738 3751/7451/738 3754/7454/737
f 3716/7385/501 3752/7452/501 3753/7455/501
f 3753/7456/500 3752/7457/737 3754/7458/737 3755/7459/500
f 3717/7460/499 3755/7461/499 3754/7462/499
f 3717/7460/499 3754/7462/499 3751/7463/499
f 3755/7461/499 3717/7460/499 3756/7464/499
f 3718/7465/801 3753/7456/500 3755/7459/500 3756/7466/801
f 3721/7406/499 3725/7467/499 3756/7464/499 3717/7460/499
f 3719/7404/1637 3718/7465/801 3756/7466/801 3725/7405/1637
f 3716/7385/501 3753/7455/501 3718/7386/501
f 3717/7460/499 3751/7463/499 3749/7468/499
f 3717/7460/499 3749/7468/499 3747/7469/499
f 3717/7460/499 3747/7469/499 3740/7429/499
f 3740/7429/499 3747/7469/499 3742/7433/499
f 3739/7470/1642 3728/7471/1642 3720/7472/1642 3732/7473/1642
f 3731/7474/499 3727/7410/499 3728/7409/499 3739/7426/499
f 3739/7426/499 3734/7475/499 3731/7474/499
f 3739/7426/499 3737/7428/499 3734/7475/499
f 3721/7406/499 3724/7408/499 3725/7467/499
f 3760/7476/501 3758/7477/501 3757/7478/501 3761/7479/501
f 3757/7480/1643 3758/7481/1643 3759/7482/1643 3763/7483/1643
f 3761/7479/501 3757/7478/501 3765/7484/501
f 3762/7485/501 3771/7486/501 3764/7487/501 3757/7478/501
f 3762/7488/451 3757/7489/451 3763/7490/451 3770/7491/451
f 3765/7484/501 3757/7478/501 3764/7487/501
f 3768/7492/788 3766/7493/796 3765/7494/796 3764/7495/788
f 3765/7494/796 3766/7493/796 3767/7496/738 3761/7497/738
f 3763/7498/499 3766/7499/499 3768/7500/499
f 3770/7501/499 3763/7498/499 3768/7500/499 3769/7502/499
f 3771/7503/789 3769/7504/789 3768/7492/788 3764/7495/788
f 3772/7505/1641 3773/7506/1641 3769/7504/789 3771/7503/789
f 3762/7485/501 3772/7507/501 3771/7486/501
f 3775/7508/1640 3776/7509/1640 3773/7506/1641 3772/7505/1641
f 3772/7507/501 3762/7485/501 3774/7510/501 3775/7511/501
f 3777/7512/446 3779/7513/446 3776/7509/1640 3775/7508/1640
f 3775/7511/501 3774/7510/501 3777/7514/501
f 3777/7514/501 3774/7510/501 3778/7515/501
f 3780/7516/1639 3779/7513/446 3777/7512/446 3778/7517/1639
f 3781/7518/499 3779/7519/499 3780/7520/499
f 3782/7521/499 3781/7518/499 3780/7520/499 3783/7522/499
f 3783/7523/1638 3780/7516/1639 3778/7517/1639 3786/7524/1638
f 3782/7521/499 3783/7522/499 3784/7525/499
f 3785/7526/752 3784/7527/752 3783/7523/1638 3786/7524/1638
f 3787/7528/501 3786/7529/501 3778/7515/501 3774/7510/501
f 3785/7530/501 3786/7529/501 3787/7528/501
f 3787/7531/500 3774/7532/500 3781/7533/500 3782/7534/500
f 3785/7530/501 3787/7528/501 3788/7535/501
f 3788/7535/501 3787/7528/501 3758/7477/501
f 3788/7536/753 3789/7537/753 3784/7527/752 3785/7526/752
f 3790/7538/743 3791/7539/743 3789/7537/753 3788/7536/753
f 3758/7477/501 3790/7540/501 3788/7535/501
f 3758/7477/501 3792/7541/501 3790/7540/501
f 3792/7542/1296 3793/7543/1296 3791/7539/743 3790/7538/743
f 3758/7477/501 3794/7544/501 3792/7541/501
f 3794/7545/801 3796/7546/801 3793/7543/1296 3792/7542/1296
f 3758/7477/501 3795/7547/501 3794/7544/501
f 3795/7548/500 3797/7549/500 3796/7550/801 3794/7551/801
f 3796/7552/499 3797/7553/499 3759/7554/499
f 3796/7552/499 3759/7554/499 3793/7555/499
f 3759/7554/499 3797/7553/499 3798/7556/499
f 3760/7557/737 3798/7558/737 3797/7549/500 3795/7548/500
f 3763/7498/499 3759/7554/499 3798/7556/499 3767/7559/499
f 3761/7497/738 3767/7496/738 3798/7558/737 3760/7557/737
f 3758/7477/501 3760/7476/501 3795/7547/501
f 3793/7555/499 3759/7554/499 3791/7560/499
f 3791/7560/499 3759/7554/499 3789/7561/499
f 3789/7561/499 3759/7554/499 3782/7521/499
f 3782/7521/499 3784/7525/499 3789/7561/499
f 3781/7562/1644 3774/7563/1644 3762/7564/1644 3770/7565/1644
f 3773/7566/499 3781/7518/499 3770/7501/499 3769/7502/499
f 3781/7518/499 3773/7566/499 3776/7567/499
f 3781/7518/499 3776/7567/499 3779/7519/499
f 3763/7498/499 3767/7559/499 3766/7499/499
f 3800/7568/500 3896/7569/500 3802/7570/500 3799/7571/500
f 3801/7572/1645 3800/7573/1645 3799/7574/1645 3805/7575/1645
f 3799/7576/499 3802/7577/499 3804/7578/499 3803/7579/499
f 3805/7580/499 3799/7576/499 3803/7579/499 3807/7581/499
f 3805/7575/1645 3806/7582/1646 3801/7572/1645
f 3806/7582/1646 3805/7575/1645 3808/7583/1647 3809/7584/1648
f 3807/7585/463 3812/7586/463 3808/7587/463 3805/7588/463
f 3808/7589/1649 3810/7590/1650 3809/7591/1649
f 3808/7589/1649 3811/7592/1651 3810/7590/1650
f 3811/7592/1651 3808/7589/1649 3812/7593/1649 3813/7594/1649
f 3812/7595/1652 3814/7596/1653 3813/7597/1654
f 3807/7598/1652 3816/7599/1652 3814/7596/1653 3812/7595/1652
f 3813/7597/1654 3814/7596/1653 3817/7600/1655 3818/7601/1655
f 3816/7602/451 3801/7603/451 3806/7604/451 3814/7605/451
f 3806/7606/1656 3884/7607/1657 3815/7608/1658 3814/7609/1659
f 3814/7609/1660 3815/7608/1661 3817/7610/1662
f 3819/7611/499 3821/7612/499 3817/7610/499 3815/7608/499
f 3818/7613/446 3817/7614/446 3820/7615/446 3846/7616/446
f 3817/7614/446 3821/7617/446 3820/7615/446
f 3820/7618/1663 3821/7619/1664 3822/7620/1665 3823/7621/1666
f 3822/7622/1667 3821/7612/1668 3819/7611/1669
f 3825/7623/1670 3828/7624/1670 3823/7621/1666 3822/7620/1665
f 3819/7611/1669 3885/7625/1671 3824/7626/1672 3822/7622/1667
f 3825/7627/463 3822/7628/463 3824/7629/463 3829/7630/463
f 3826/7631/1670 3828/7624/1670 3825/7623/1670 3827/7632/1670
f 3827/7633/501 3825/7634/501 3829/7635/501 3830/7636/501
f 3829/7637/1673 3833/7638/1673 3831/7639/1673 3830/7640/1673
f 3832/7641/1674 3833/7638/1673 3829/7637/1673 3824/7642/1675
f 3831/7643/499 3833/7644/499 3834/7645/499
f 3833/7646/451 3832/7647/451 3834/7648/451
f 3832/7647/451 3887/7649/451 3835/7650/451 3834/7648/451
f 3837/7651/500 3834/7652/500 3835/7653/500 3840/7654/500
f 3831/7643/499 3834/7645/499 3836/7655/499
f 3837/7656/1676 3838/7657/1676 3836/7658/1676 3834/7659/1676
f 3837/7660/451 3840/7661/451 3839/7662/451 3838/7663/451
f 3841/7664/1677 3839/7665/1678 3840/7666/1678 3835/7667/1679
f 3841/7668/446 3836/7669/446 3838/7670/446 3839/7671/446
f 3841/7672/451 3844/7673/451 3842/7674/451 3836/7675/451
f 3841/7664/1677 3843/7676/501 3845/7677/501 3844/7678/501
f 3843/7676/501 3841/7664/1677 3835/7667/1679
f 3820/7679/451 3850/7680/451 3845/7681/451 3846/7682/451
f 3846/7683/501 3845/7677/501 3851/7684/501
f 3847/7685/501 3851/7684/501 3845/7677/501 3848/7686/501
f 3848/7686/501 3845/7677/501 3849/7687/501
f 3849/7687/501 3845/7677/501 3843/7676/501 3867/7688/501
f 3844/7689/1680 3845/7690/1681 3850/7691/1680
f 3813/7692/501 3851/7684/501 3811/7693/501
f 3851/7694/1682 3854/7695/1682 3852/7696/1682 3811/7697/1682
f 3853/7698/501 3851/7684/501 3855/7699/501 3857/7700/501
f 3853/7701/451 3888/7702/451 3854/7703/451 3851/7704/451
f 3847/7685/501 3855/7699/501 3851/7684/501
f 3818/7705/501 3846/7683/501 3851/7684/501 3813/7692/501
f 3856/7706/1683 3859/7707/1683 3855/7708/1683 3847/7709/1683
f 3855/7708/1684 3859/7707/1684 3858/7710/1684 3857/7711/1684
f 3858/7712/501 3859/7713/501 3856/7714/501 3860/7715/501
f 3857/7711/1685 3858/7710/1685 3860/7716/1685 3861/7717/1685
f 3862/7718/501 3860/7715/501 3856/7714/501 3863/7719/501
f 3861/7717/1686 3860/7716/1686 3862/7720/1686 3864/7721/1686
f 3862/7718/501 3863/7719/501 3866/7722/501 3865/7723/501
f 3862/7720/1687 3865/7724/1687 3867/7725/1687 3864/7721/1687
f 3867/7725/1688 3865/7724/1688 3866/7726/1688 3849/7727/1688
f 3867/7688/501 3843/7676/501 3864/7728/501
f 3849/7727/1689 3866/7726/1689 3863/7729/1689 3848/7730/1689
f 3864/7728/501 3843/7676/501 3868/7731/1690 3861/7732/501
f 3874/7733/1691 3869/7734/1692 3868/7731/1690 3875/7735/1691
f 3869/7734/1692 3870/7736/501 3868/7731/1690
f 3868/7731/1690 3870/7736/501 3853/7698/501 3861/7732/501
f 3871/7737/1693 3868/7738/1694 3873/7739/451 3885/7740/1695
f 3871/7737/1693 3872/7741/1696 3868/7738/1694
f 3868/7742/1697 3872/7743/1698 3875/7744/1698
f 3873/7739/451 3868/7738/1694 3843/7745/451 3886/7746/451
f 3876/7747/1699 3879/7748/1699 3874/7749/1699 3875/7750/1699
f 3872/7743/1698 3878/7751/1698 3876/7752/1698 3875/7744/1698
f 3877/7753/500 3879/7754/500 3876/7755/500 3878/7756/500
f 3880/7757/1700 3869/7758/1700 3874/7759/1700 3879/7760/1700
f 3877/7761/1700 3880/7757/1700 3879/7760/1700
f 3881/7762/1701 3880/7763/1702 3882/7764/1703
f 3881/7762/1701 3869/7765/1704 3880/7763/1702
f 3872/7766/1705 3883/7767/499 3882/7768/499 3880/7769/1706
f 3877/7770/1707 3878/7771/1707 3872/7766/1705 3880/7769/1706
f 3883/7772/446 3871/7773/446 3881/7774/446 3882/7775/446
f 3871/7737/1693 3883/7776/1708 3872/7741/1696
f 3870/7777/463 3869/7765/1704 3881/7762/1701 3884/7778/1709
f 3881/7774/499 3871/7773/499 3885/7779/499 3884/7780/499
f 3824/7642/1675 3885/7781/1710 3873/7782/1711 3832/7641/1674
f 3809/7584/1648 3870/7783/1712 3884/7784/1712 3806/7582/1646
f 3832/7785/1713 3873/7786/1713 3886/7787/1713
f 3887/7788/500 3832/7789/500 3886/7790/500 3843/7791/500
f 3843/7676/501 3835/7667/1679 3887/7792/501
f 3809/7793/501 3810/7794/501 3853/7698/501 3870/7736/501
f 3848/7730/1714 3863/7729/1714 3856/7795/1714 3847/7796/1714
f 3853/7698/501 3857/7700/501 3861/7732/501
f 3852/7797/501 3854/7798/501 3888/7799/501 3889/7800/501
f 3853/7801/1715 3810/7802/1715 3889/7803/1715 3888/7804/1715
f 3810/7590/1650 3811/7592/1651 3852/7805/1716 3889/7806/1716
f 3823/7807/1713 3842/7808/1713 3850/7809/1713 3820/7810/1713
f 3844/7689/1680 3850/7691/1680 3842/7811/1717
f 3842/7674/451 3823/7812/451 3828/7813/451 3836/7675/451
f 3836/7655/499 3828/7814/499 3826/7815/499 3831/7643/499
f 3831/7816/500 3891/7817/500 3890/7818/500 3830/7819/500
f 3826/7815/499 3892/7820/499 3891/7821/499 3831/7643/499
f 3890/7818/463 3891/7817/463 3892/7822/463 3893/7823/463
f 3826/7824/446 3827/7825/446 3893/7823/446 3892/7822/446
f 3830/7636/501 3890/7826/501 3893/7827/501 3827/7633/501
f 3803/7828/1652 3894/7829/1652 3816/7599/1652 3807/7598/1652
f 3801/7830/501 3816/7831/501 3894/7832/501 3800/7833/501
f 3894/7832/501 3895/7834/501 3896/7835/501 3800/7833/501
f 3894/7836/446 3803/7837/446 3804/7838/446 3895/7839/446
f 3802/7570/451 3896/7569/451 3895/7839/451 3804/7838/451
f 3901/7840/1718 3897/7841/500 3898/7842/500 3902/7843/1718
f 3897/7841/500 3900/7844/1519 3899/7845/1519 3898/7842/500
f 3900/7846/463 3897/7847/463 3901/7848/463 3903/7849/463
f 3905/7850/1719 3901/7840/1718 3902/7843/1718 3907/7851/1719
f 3901/7848/463 3905/7852/463 3904/7853/463 3903/7849/463
f 3906/7854/499 3909/7855/499 3905/7850/1719 3907/7851/1719
f 3905/7852/463 3909/7856/463 3908/7857/463 3904/7853/463
f 3909/7856/463 3911/7858/463 3910/7859/463 3908/7857/463
f 3911/7860/1086 3909/7861/499 3906/7862/499 3912/7863/1086
f 3913/7864/452 3911/7860/1086 3912/7863/1086 3915/7865/452
f 3910/7859/463 3911/7858/463 3913/7866/463 3916/7867/463
f 3914/7868/446 3916/7869/446 3913/7864/452 3915/7865/452
f 3910/7870/624 3916/7869/446 3914/7868/446 3917/7871/624
f 3908/7872/1093 3910/7870/624 3917/7871/624 3918/7873/1093
f 3904/7874/501 3908/7872/1093 3918/7873/1093 3919/7875/501
f 3903/7876/1520 3904/7874/501 3919/7875/501 3920/7877/1520
f 3900/7844/1519 3903/7876/1520 3920/7877/1520 3899/7845/1519
f 3926/7878/451 3921/7879/451 3922/7880/451 3929/7881/451
f 3921/7879/451 3925/7882/451 3923/7883/451 3922/7880/451
f 3926/7884/1720 3930/7885/1720 3924/7886/1093 3921/7887/1093
f 3924/7886/1093 3935/7888/1092 3925/7889/1092 3921/7887/1093
f 3927/7890/1520 3930/7885/1720 3926/7884/1720 3928/7891/1520
f 3928/7892/451 3926/7878/451 3929/7881/451 3932/7893/451
f 3933/7894/452 3931/7895/1086 3929/7896/1086 3922/7897/452
f 3931/7895/1086 3936/7898/1721 3932/7899/1721 3929/7896/1086
f 3934/7900/1516 3933/7901/452 3922/7902/452 3923/7903/1516
f 3925/7889/1092 3935/7888/1092 3934/7900/1516 3923/7903/1516
f 3936/7898/1721 3938/7904/1719 3937/7905/1719 3932/7899/1721
f 3928/7892/451 3932/7893/451 3937/7906/451 3940/7907/451
f 3938/7904/1719 3944/7908/1718 3939/7909/1718 3937/7905/1719
f 3940/7907/451 3937/7906/451 3939/7910/451 3942/7911/451
f 3941/7912/1412 3943/7913/1722 3940/7914/1722 3942/7915/1412
f 3943/7913/1722 3927/7890/1520 3928/7891/1520 3940/7914/1722
f 3944/7908/1718 3941/7912/1412 3942/7915/1412 3939/7909/1718
f 3951/7916/1723 3950/7917/1724 3945/7918/1724 3946/7919/1723
f 3945/7920/1725 3949/7921/1725 3947/7922/1726 3946/7923/1727
f 3950/7917/1724 4180/7924/1728 3948/7925/1729 3945/7918/1724
f 3948/7926/1730 4022/7927/1731 3949/7921/1725 3945/7920/1725
f 3954/7928/1732 3952/7929/1733 3951/7930/1734 3955/7931/1735
f 3953/7932/1736 3950/7933/451 3951/7930/1734 3952/7929/1733
f 3955/7934/1737 3951/7916/1723 3946/7919/1723 3958/7935/1738
f 3956/7936/1739 3954/7928/1732 3955/7931/1735 3957/7937/1740
f 3958/7935/1738 3961/7938/1741 3957/7939/1742 3955/7934/1737
f 3946/7923/1727 3959/7940/1743 3958/7941/1743
f 3959/7942/1744 3976/7943/1744 3960/7944/1745 3958/7945/1744
f 3961/7946/463 3958/7947/463 3960/7948/463 3962/7949/463
f 3962/7950/1746 3963/7951/1747 3957/7952/1748 3961/7953/1749
f 3962/7950/1750 3966/7954/1750 3963/7951/1751
f 3962/7950/1750 3964/7955/1752 3966/7954/1750
f 3962/7949/463 3965/7956/463 3964/7957/463
f 3962/7949/463 3960/7948/463 3967/7958/463 3965/7956/463
f 3965/7959/1753 3967/7960/1753 3968/7961/1753 4081/7962/1753
f 3967/7960/1754 3969/7963/1755 3968/7961/1756
f 3969/7963/1755 3967/7960/1754 3960/7964/1757 3973/7965/1758
f 3968/7961/1759 3969/7963/1759 3970/7966/1759
f 3970/7967/1760 3969/7968/1761 3971/7969/1760
f 3969/7968/463 3973/7970/463 3972/7971/463 3971/7969/463
f 3974/7972/1762 3973/7965/1763 3975/7973/1763 4062/7974/1764
f 3976/7975/1765 3975/7973/1766 3973/7965/1758
f 3973/7965/1758 3960/7964/1757 3976/7975/1765
f 3975/7976/1766 3976/7977/1765 3977/7978/1756 4184/7979/1756
f 3977/7980/451 3976/7981/1767 3978/7982/451 4182/7983/451
f 3976/7981/1767 3979/7984/1768 3978/7982/451
f 3959/7985/1769 3982/7986/1770 3979/7984/1768 3976/7981/1767
f 3978/7987/1771 3979/7988/1771 3980/7989/1771 4181/7990/1771
f 3979/7988/1772 3983/7991/1772 3981/7992/1772 3980/7989/1772
f 3983/7993/1773 3979/7984/1768 3982/7986/1770 3986/7994/1773
f 3983/7995/446 3985/7996/1774 3984/7997/1775 3981/7998/446
f 3985/7999/1776 3983/7993/1773 3986/7994/1773 3988/8000/1777
f 3982/8001/1778 4070/8002/1778 3987/8003/1779 3986/8004/1779
f 3988/8005/1780 3986/8004/1779 3987/8003/1779 3989/8006/1781
f 3988/8005/1780 3989/8006/1781 3991/8007/1782 3990/8008/1783
f 3992/8009/1784 3985/7999/1776 3988/8000/1777 3990/8010/1784
f 3985/7996/1774 3992/8011/1785 3993/8012/1786 3984/7997/1775
f 3992/8011/1785 3995/8013/1787 3994/8014/1787 3993/8012/1786
f 3995/8015/1788 3992/8016/1789 3990/8017/1790
f 3995/8013/1787 3997/8018/1791 3996/8019/1791 3994/8014/1787
f 3995/8020/1792 3999/8021/1792 3998/8022/1793 3997/8023/1794
f 3995/8015/1788 3990/8017/1790 3999/8024/1795
f 3990/8008/1783 3991/8007/1782 4000/8025/1796 3999/8026/1796
f 3999/8026/1796 4000/8025/1796 4001/8027/1797 3998/8028/1797
f 4002/8029/1798 4003/8030/1799 4001/8031/1800 3996/8032/1801
f 4001/8031/1800 4000/8033/1802 3994/8034/1802 3996/8032/1801
f 3998/8028/1803 4001/8027/1803 4003/8035/1803 4004/8036/1803
f 4004/8037/1804 4003/8038/1804 4005/8039/1804 4010/8040/1804
f 4002/8029/1798 4005/8041/1805 4003/8030/1799
f 4006/8042/1806 4010/8043/1806 4005/8044/1806 4007/8045/1806
f 4009/8046/1807 4007/8047/1807 4005/8041/1807
f 4008/8048/1807 4009/8046/1807 4005/8041/1805 4002/8029/1798
f 4012/8049/1808 4004/8050/1809 4010/8051/1810 4011/8052/1810
f 4013/8053/1811 4011/8052/1811 4010/8051/1812 4006/8054/1811
f 4014/8055/446 4013/8056/446 4006/8057/446 4017/8058/446
f 4014/8059/1813 4016/8060/1814 4015/8061/1813
f 4016/8060/1815 4014/8059/1816 4017/8062/1817 4018/8063/1818
f 4018/8063/1818 4017/8062/1817 4021/8064/1819 4024/8065/1820
f 4017/8058/446 4006/8057/446 4020/8066/446
f 4017/8058/446 4020/8066/446 4019/8067/446 4021/8068/1821
f 4024/8065/1820 4021/8064/1819 3948/7925/1729 4180/7924/1728
f 4021/8068/1821 4025/8069/1822 4022/7927/1731 3948/7926/1730
f 4025/8069/1822 4021/8068/1821 4023/8070/446 4027/8071/446
f 4021/8068/1821 4019/8067/446 4023/8070/446
f 4026/8072/1823 4028/8073/1824 4025/8074/1825 4027/8075/1826
f 4022/8076/1827 4025/8074/1825 4028/8073/1824 4030/8077/1828
f 4029/8078/1829 4030/8079/463 4028/8080/463
f 4029/8078/1829 4028/8080/463 4026/8081/463 4172/8082/463
f 4029/8078/1829 4031/8083/463 4030/8079/463
f 4031/8084/1830 3949/8085/1830 4022/8076/1827 4030/8077/1828
f 4032/8086/1831 4031/8083/463 4029/8078/1829 4033/8087/1832
f 4032/8088/1833 3947/8089/1833 3949/8085/1830 4031/8084/1830
f 4034/8090/1834 4035/8091/1835 4032/8086/1831 4033/8087/1832
f 4035/8092/1836 4037/8093/1837 3947/8089/1833 4032/8088/1833
f 4038/8094/1838 4036/8095/1839 4035/8091/1835 4034/8090/1834
f 4036/8096/1840 4065/8097/1841 4037/8093/1837 4035/8092/1836
f 4042/8098/1842 4038/8099/1843 4039/8100/1844 4044/8101/1845
f 4038/8099/1843 4034/8102/1846 4040/8103/1847 4039/8100/1844
f 4041/8104/1848 4036/8095/1839 4038/8094/1838 4042/8105/1849
f 4043/8106/1850 4047/8107/1851 4046/8108/1852 4042/8098/1842
f 4042/8098/1842 4044/8101/1845 4043/8106/1850
f 4042/8109/1853 4045/8110/1853 4041/8111/1854
f 4042/8109/1853 4046/8112/1855 4045/8110/1853
f 4045/8113/1856 4046/8114/1856 4047/8115/1856 4048/8116/1856
f 4050/8117/1857 4051/8118/1858 4048/8119/1859 4047/8120/1860
f 4049/8121/1861 4050/8117/1857 4047/8120/1860
f 4049/8121/1861 4047/8120/1860 4043/8122/1862
f 4050/8123/1863 4053/8124/1863 4052/8125/1863 4051/8126/1863
f 4050/8123/1864 4049/8127/1865 4053/8124/1865
f 4049/8127/1865 4054/8128/1866 4053/8124/1865
f 4054/8129/1867 4055/8130/1868 4053/8131/1869
f 4052/8132/1870 4053/8131/1871 4055/8130/1870
f 4054/8129/1867 4056/8133/1872 4055/8130/1868
f 4056/8133/1872 4057/8134/1873 4055/8130/1868
f 4058/8135/451 4055/8130/451 4057/8134/451 3974/8136/451
f 4052/8132/1870 4055/8130/1870 4058/8135/1874
f 4060/8137/1756 4059/8138/1756 4058/8139/1875 4061/8140/1875
f 4059/8138/1876 4052/8141/1876 4058/8139/1876
f 4062/7974/1764 4061/8140/1875 4058/8139/1875 3974/7972/1762
f 4064/8142/451 4060/8143/451 4061/8144/451 4062/8145/451
f 4062/8146/1877 3975/8147/1877 4063/8148/1877 4037/8149/1877
f 4065/8150/451 4064/8142/451 4062/8145/451 4037/8151/451
f 4064/8152/1878 4065/8153/1879 4036/8154/1880 4041/8155/1881
f 4064/8156/1882 4041/8157/1883 4068/8158/1882
f 4064/8142/451 4067/8159/451 4066/8160/451 4060/8143/451
f 4064/8156/1882 4068/8158/1882 4067/8161/1752
f 4069/8162/1884 4068/8163/1885 4048/8119/1859 4051/8118/1858
f 4068/8164/1886 4041/8165/1887 4045/8166/1888 4048/8167/1889
f 4069/8162/1884 4066/8168/1890 4067/8169/1891 4068/8163/1885
f 4051/8126/1892 4059/8170/1893 4069/8171/1894
f 4066/8172/1895 4069/8173/1896 4059/8138/1897 4060/8137/1898
f 4063/8174/1743 3946/7923/1727 3947/7922/1726 4037/8175/1743
f 3946/7923/1727 4063/8174/1743 3959/7940/1743
f 4063/8176/1899 4070/8002/1778 3982/8001/1778 3959/8177/1899
f 4063/8178/1900 3980/8179/1901 4070/8180/1902
f 3975/8181/463 4181/8182/463 3980/8179/1901 4063/8178/1900
f 4070/8180/1902 3980/8179/1901 3981/8183/1903 3987/8184/1903
f 4051/8126/1892 4052/8125/1904 4059/8170/1893
f 4056/8133/1872 4071/8185/1905 4057/8134/1906
f 4072/8186/1907 4071/8185/1907 4056/8133/1908 4073/8187/1908
f 3972/7971/1909 4072/8186/1910 4073/8187/1911
f 3971/7969/1912 4073/8187/1911 4074/8188/1913
f 4073/8187/1908 4056/8133/1908 4054/8129/1914 4074/8188/1914
f 3972/7971/1909 4073/8187/1911 3971/7969/1912
f 4074/8189/1915 4054/8128/1915 4049/8127/1915 4075/8190/1915
f 4075/8190/1916 4076/8191/1916 4074/8189/1917
f 3971/7969/1912 4074/8188/1913 4076/8192/1918
f 4077/8193/1919 4076/8191/1916 4075/8190/1916
f 3970/8194/1920 4076/8191/1920 4077/8193/1920 4079/8195/1920
f 3970/7967/1760 3971/7969/1760 4076/8192/1921
f 4075/8196/1922 4078/8197/1923 4077/8198/1924
f 4077/8198/1924 4078/8197/1923 4080/8199/1925 4079/8200/1926
f 4080/8199/1925 3966/8201/1927 4081/8202/1928 4079/8200/1926
f 3966/8203/1929 4080/8204/1930 4082/8205/1931 3963/8206/1932
f 4082/8207/1933 4080/8208/1933 4078/8209/1933 4084/8210/1933
f 4082/8211/1934 4083/8212/1934 3963/8213/1935
f 4082/8211/1934 4084/8214/1936 4083/8212/1934
f 4084/8215/1937 4078/8216/1938 4085/8217/1939 4083/8218/1940
f 4083/8218/1940 4085/8217/1939 4086/8219/1941
f 4085/8220/1942 4043/8221/1942 4044/8222/1943 4086/8223/1943
f 4043/8122/1862 4085/8224/1944 4075/8196/1922 4049/8121/1861
f 4075/8196/1922 4085/8224/1944 4078/8197/1923
f 4087/8225/1945 4086/8223/1943 4044/8222/1943 4039/8226/1945
f 4087/8227/1946 3956/8228/1947 4083/8218/1940 4086/8219/1941
f 4088/8229/1948 4087/8225/1945 4039/8226/1945 4040/8230/1948
f 4088/8231/1949 3954/8232/1950 3956/8228/1947 4087/8227/1946
f 4089/8233/1951 4088/8229/1948 4040/8230/1948 4090/8234/1951
f 4089/8235/1952 3952/8236/1953 3954/8232/1950 4088/8231/1949
f 4092/8237/1954 4089/8233/1951 4090/8234/1951 4093/8238/1955
f 4089/8235/1952 4091/8239/1956 3952/8236/1953
f 4089/8235/1952 4092/8240/1957 4091/8239/1956
f 4095/8241/1958 4092/8237/1954 4093/8238/1955 4098/8242/1958
f 4092/8240/1957 4094/8243/1959 4091/8239/1956
f 4094/8243/1959 4092/8240/1957 4095/8244/1960 4100/8245/1961
f 4099/8246/1962 4100/8245/1961 4095/8244/1960 4096/8247/1962
f 4095/8241/1958 4098/8242/1958 4097/8248/446 4096/8249/446
f 4101/8250/1963 4102/8251/1964 4100/8252/1965 4099/8253/1966
f 4094/8254/1967 4100/8252/1965 4102/8251/1964
f 3952/7929/1733 4091/8255/1968 4102/8251/1964 3953/7932/1736
f 4102/8256/1964 4104/8257/1969 4103/8258/1969 3953/8259/1736
f 4094/8254/1967 4102/8251/1964 4091/8255/1968
f 4105/8260/1970 3953/8261/1971 4103/8262/1972 4106/8263/1973
f 4106/8264/451 4108/8265/451 4107/8266/451 4105/8267/451
f 4109/8268/499 4112/8269/499 4107/8266/499 4108/8265/499
f 4110/8270/451 4112/8271/451 4109/8272/451 4111/8273/451
f 4112/8274/1974 3953/8261/1971 4105/8260/1970
f 4112/8275/541 4110/8276/541 4113/8277/541 3953/8278/541
f 4105/8279/1975 4107/8280/1975 4112/8281/1975
f 3953/7932/1736 4113/8282/451 4018/8283/451 4024/8284/451
f 4113/8285/1976 4110/8286/1976 4114/8287/1976 4018/8288/1976
f 4114/8289/1977 4116/8290/1977 4016/8060/1815 4018/8063/1818
f 4115/8291/451 4116/8292/451 4114/8293/451
f 4110/8270/451 4131/8294/451 4115/8291/451 4114/8293/451
f 4117/8295/1978 4016/8296/1979 4116/8297/1980
f 4115/8298/1981 4117/8295/1978 4116/8297/1980
f 4115/8298/1981 4118/8299/1982 4117/8295/1978
f 4118/8300/451 4122/8301/451 4119/8302/451 4117/8303/451
f 4117/8303/451 4119/8302/451 4015/8304/451 4016/8305/451
f 4120/8306/1983 4119/8307/1983 4123/8308/1983
f 4120/8306/541 4121/8309/541 4119/8307/541
f 4122/8301/451 4125/8310/451 4123/8311/451 4119/8302/451
f 4124/8312/451 4127/8313/451 4123/8311/451 4125/8310/451
f 4123/8314/499 4127/8315/499 4126/8316/499 4120/8317/499
f 4120/8317/451 4126/8316/451 4128/8318/451 4121/8319/451
f 4125/8320/501 4129/8321/501 4111/8322/501 4124/8323/501
f 4129/8321/1984 4125/8320/1985 4122/8324/1986
f 4129/8325/451 4130/8326/451 4110/8270/451 4111/8273/451
f 4129/8321/1984 4122/8324/1986 4130/8327/1987
f 4118/8299/1982 4130/8327/1987 4122/8324/1986
f 4110/8270/451 4130/8326/451 4131/8294/451
f 4118/8299/1982 4131/8328/1988 4130/8327/1987
f 4115/8298/1981 4131/8328/1988 4118/8299/1982
f 4099/8329/1989 4134/8330/1989 4132/8331/1990 4101/8332/1990
f 4132/8333/1991 4134/8334/1991 4133/8335/1992 4135/8336/1993
f 4137/8337/776 4136/8338/1652 4135/8339/1652 4029/8340/1994
f 4033/8087/1832 4029/8078/1829 4135/8336/1993 4139/8341/1995
f 4135/8336/1993 4133/8335/1992 4138/8342/1996
f 4135/8336/1993 4138/8342/1996 4139/8341/1995
f 4090/8343/1997 4033/8344/1998 4139/8345/1999
f 4090/8343/1997 4139/8345/1999 4093/8346/2000
f 4093/8346/2000 4139/8345/1999 4138/8347/2001
f 4138/8347/2001 4133/8348/2002 4098/8349/2003 4093/8346/2000
f 4137/8337/776 4029/8340/1994 4140/8350/1994 4141/8351/1994
f 4141/8352/499 4144/8353/499 4143/8354/499 4137/8355/499
f 4137/8355/463 4143/8354/463 4142/8356/463 4136/8357/463
f 4145/8358/463 4147/8359/463 4146/8360/463 4144/8361/463
f 4140/8362/463 4145/8358/463 4144/8361/463 4141/8363/463
f 4147/8359/463 4164/8364/463 4148/8365/463 4146/8360/463
f 4149/8366/501 4150/8367/501 4146/8368/501 4148/8369/501
f 4151/8370/2004 4152/8371/463 4150/8372/463 4149/8373/463
f 4151/8374/499 4155/8375/499 4153/8376/499 4152/8377/499
f 4154/8378/463 4156/8379/463 4153/8380/463 4155/8381/463
f 4154/8382/501 4157/8383/501 4156/8384/501
f 4157/8383/501 4154/8382/501 4159/8385/501 4158/8386/501
f 4160/8387/463 4161/8388/2005 4159/8389/2006 4163/8390/2007
f 4161/8388/2008 4170/8391/788 4162/8392/2009 4159/8389/2006
f 4163/8390/2007 4159/8389/2006 4151/8370/2004 4149/8373/463
f 4159/8393/1983 4155/8394/1983 4151/8395/1983
f 4154/8396/2010 4155/8394/2010 4159/8393/2010
f 4163/8397/2011 4149/8366/2012 4148/8369/2013
f 4160/8398/2014 4163/8397/2011 4164/8399/2015
f 4163/8397/2011 4148/8369/2013 4164/8399/2015
f 4147/8359/463 4165/8400/463 4164/8364/463
f 4160/8398/2014 4164/8399/2015 4165/8401/2016
f 4165/8401/2016 4161/8402/2017 4160/8398/2014
f 4165/8401/2016 4166/8403/2018 4161/8402/2017
f 4147/8359/463 4166/8404/463 4165/8400/463
f 4168/8405/463 4167/8406/463 4166/8404/463 4147/8359/463
f 4167/8407/2019 4161/8402/2017 4166/8403/2018
f 4169/8408/2020 4026/8409/2020 4168/8410/2020 4147/8411/2020
f 4168/8412/2021 4170/8413/2022 4167/8414/2023
f 4170/8413/2022 4168/8412/2021 4026/8072/1823 4027/8075/1826
f 4167/8407/2019 4170/8415/2024 4161/8402/2017
f 4170/8413/2022 4027/8075/1826 4171/8416/2025 4162/8417/2025
f 4171/8418/446 4027/8071/446 4007/8419/446 4009/8420/446
f 4145/8421/464 4172/8422/464 4169/8423/464 4147/8424/464
f 4172/8082/463 4026/8081/463 4169/8425/463
f 4172/8082/463 4174/8426/463 4173/8427/463 4029/8078/1829
f 4174/8428/499 4172/8429/499 4145/8430/499
f 4173/8431/446 4174/8428/446 4145/8430/446 4140/8432/446
f 4140/8432/501 4029/8433/501 4173/8431/501
f 4134/8434/2026 4097/8435/2026 4098/8349/2003 4133/8348/2002
f 4097/8436/2027 4134/8330/1989 4099/8329/1989 4096/8437/2027
f 4034/8102/1846 4033/8344/1998 4090/8343/1997 4040/8103/1847
f 3956/7936/1739 3957/7937/1740 3963/8438/2028 4083/8439/2029
f 4081/8202/1928 3966/8201/1927 3964/8440/1891 3965/8441/2030
f 3968/8442/2031 4079/8195/2032 4081/8443/2033
f 3968/8442/2031 3970/8194/2034 4079/8195/2032
f 4027/8071/446 4023/8070/446 4175/8444/446 4007/8419/446
f 4023/8445/451 4178/8446/451 4176/8447/451 4175/8448/451
f 4007/8419/446 4175/8444/446 4020/8066/446 4006/8057/446
f 4020/8449/499 4175/8450/499 4176/8451/499 4177/8452/499
f 4019/8453/2035 4179/8454/2035 4178/8446/2035 4023/8445/2035
f 4020/8449/463 4177/8452/463 4179/8454/463 4019/8453/463
f 3953/7932/1736 4024/8284/451 4180/8455/451
f 3953/7932/1736 4180/8455/451 3950/7933/451
f 4008/8456/2036 4002/8457/2036 4012/8458/2036 4011/8459/2036
f 4012/8049/1808 3997/8023/1794 3998/8022/1793 4004/8050/1809
f 3997/8018/2037 4012/8458/2037 4002/8457/2037 3996/8019/2037
f 3994/8460/2038 4000/8461/2039 3991/8462/2038
f 3994/8460/2038 3991/8462/2038 3993/8463/2040
f 3993/8464/2041 3991/8465/2041 3989/8466/2042 3984/8467/2043
f 3987/8184/1903 3981/8183/1903 3984/8467/2043 3989/8466/2042
f 4182/8468/1752 3978/7987/1752 4181/7990/1752 4183/8469/1752
f 4184/8470/463 4183/8471/463 4181/8182/463 3975/8181/463
f 3977/7978/2044 4182/8468/2044 4183/8469/2044 4184/7979/2044
f 4185/8472/2045 4186/8473/2046 4190/8474/2047
f 4185/8475/2048 4188/8476/2049 4187/8477/2050 4186/8478/2051
f 4189/8479/2052 4324/8480/2053 4185/8472/2045
f 4324/8481/2054 4188/8476/2049 4185/8475/2048
f 4189/8479/2052 4185/8472/2045 4190/8474/2047 4192/8482/2055
f 4186/8473/2046 4200/8483/2056 4191/8484/2057 4190/8474/2047
f 4190/8474/2047 4191/8484/2057 4193/8485/2058 4192/8482/2055
f 4192/8482/2055 4193/8485/2058 4194/8486/2059 4312/8487/2060
f 4193/8485/2058 4196/8488/2061 4195/8489/2062 4194/8486/2059
f 4191/8484/2057 4199/8490/2063 4196/8488/2061 4193/8485/2058
f 4197/8491/2064 4195/8489/2062 4196/8488/2061 4198/8492/2065
f 4198/8492/2065 4196/8488/2061 4199/8490/2063 4201/8493/2066
f 4200/8483/2056 4202/8494/2067 4199/8490/2063 4191/8484/2057
f 4201/8493/2066 4199/8490/2063 4202/8494/2067 4204/8495/2068
f 4200/8496/2069 4215/8497/2070 4203/8498/2071 4202/8499/2072
f 4202/8499/2072 4203/8498/2071 4205/8500/2073
f 4202/8499/2072 4205/8500/2073 4204/8501/2074
f 4205/8500/2073 4208/8502/2075 4206/8503/2076 4204/8501/2074
f 4209/8504/2077 4207/8505/2078 4205/8506/2079 4203/8507/2080
f 4207/8505/2078 4314/8508/2081 4208/8509/2082 4205/8506/2079
f 4211/8510/2083 4210/8511/2084 4209/8504/2077 4212/8512/2085
f 4210/8511/2084 4227/8513/2086 4207/8505/2078 4209/8504/2077
f 4212/8512/2085 4209/8504/2077 4203/8507/2080 4215/8514/2087
f 4213/8515/2088 4211/8510/2083 4212/8512/2085 4214/8516/2089
f 4214/8516/2089 4212/8512/2085 4215/8514/2087 4187/8517/2090
f 4186/8478/2051 4187/8477/2050 4215/8497/2070 4200/8496/2069
f 4216/8518/2091 4213/8515/2088 4214/8516/2089 4217/8519/2092
f 4214/8516/2089 4187/8517/2090 4188/8520/2093 4217/8519/2092
f 4357/8521/2094 4216/8518/2091 4217/8519/2092 4355/8522/2095
f 4217/8519/2092 4188/8520/2093 4356/8523/2096 4355/8522/2095
f 4358/8524/2097 4218/8525/2098 4216/8526/2099 4357/8527/2097
f 4359/8528/2100 4219/8529/2101 4218/8530/2101 4358/8531/2100
f 4218/8525/2098 4220/8532/2102 4213/8533/2103 4216/8526/2099
f 4219/8529/2101 4221/8534/2104 4220/8535/2105 4218/8530/2101
f 4221/8534/2104 4223/8536/2106 4222/8537/2106 4220/8535/2105
f 4220/8532/2102 4222/8538/2107 4211/8539/2108 4213/8533/2103
f 4222/8538/2107 4224/8540/2109 4210/8541/2110 4211/8539/2108
f 4223/8536/2106 4228/8542/2111 4224/8543/2112 4222/8537/2106
f 4224/8540/2109 4225/8544/2113 4227/8545/2114 4210/8541/2110
f 4224/8543/2112 4228/8542/2111 4226/8546/2115 4225/8547/2116
f 4228/8548/2117 4230/8549/2117 4229/8550/2118 4226/8551/2118
f 4223/8552/2119 4231/8553/2119 4230/8549/2117 4228/8548/2117
f 4229/8554/2120 4230/8555/2121 4373/8556/2122
f 4373/8556/2122 4230/8555/2121 4231/8557/2123
f 4221/8558/2124 4232/8559/2125 4231/8553/2119 4223/8552/2119
f 4373/8556/2122 4231/8557/2123 4375/8560/2126
f 4375/8560/2126 4231/8557/2123 4232/8561/2127
f 4219/8562/2128 4233/8563/2128 4232/8559/2125 4221/8558/2124
f 4375/8560/2126 4232/8561/2127 4377/8564/2129
f 4377/8564/2129 4232/8561/2127 4233/8565/2130
f 4379/8566/2131 4377/8564/2129 4233/8565/2130
f 4379/8566/2131 4233/8565/2130 4380/8567/2132
f 4359/8568/2133 4380/8569/2133 4233/8563/2128 4219/8562/2128
f 4229/8554/2120 4373/8556/2122 4381/8570/2134
f 4234/8571/2135 4229/8554/2120 4381/8570/2134
f 4234/8571/2135 4381/8570/2134 4383/8572/2136
f 4235/8573/2137 4234/8571/2135 4383/8572/2136
f 4235/8573/2137 4383/8572/2136 4385/8574/2138
f 4236/8575/2139 4235/8573/2137 4385/8574/2138
f 4387/8576/2140 4236/8575/2139 4385/8574/2138
f 4387/8576/2140 4388/8577/2141 4236/8575/2139
f 4237/8578/2142 4236/8579/2143 4388/8580/2144 4390/8581/2144
f 4238/8582/2145 4237/8583/2146 4390/8584/2147 4392/8585/2147
f 4238/8586/2148 4392/8587/2149 4393/8588/2149 4239/8589/2150
f 4239/8590/2151 4393/8591/2152 4395/8592/2153 4240/8593/2154
f 4240/8593/2154 4395/8592/2153 4397/8594/2155 4241/8595/2156
f 4241/8596/2157 4397/8597/2158 4399/8598/2159 4242/8599/2160
f 4400/8600/2161 4245/8601/2162 4242/8602/2163 4399/8603/2161
f 4243/8604/2164 4241/8596/2157 4242/8599/2160 4244/8605/2165
f 4245/8601/2162 4247/8606/2166 4244/8607/2167 4242/8602/2163
f 4405/8608/2168 4246/8609/2169 4245/8601/2162 4400/8600/2161
f 4246/8609/2169 4248/8610/2170 4247/8606/2166 4245/8601/2162
f 4248/8610/2170 4250/8611/2171 4249/8612/2172 4247/8606/2166
f 4247/8606/2166 4249/8612/2172 4206/8613/2173 4244/8607/2167
f 4249/8612/2172 4201/8493/2066 4204/8495/2068 4206/8613/2173
f 4250/8611/2171 4198/8492/2065 4201/8493/2066 4249/8612/2172
f 4251/8614/2174 4252/8615/2175 4250/8611/2171 4248/8610/2170
f 4252/8615/2175 4197/8491/2064 4198/8492/2065 4250/8611/2171
f 4253/8616/2176 4254/8617/2177 4252/8615/2175 4251/8614/2174
f 4254/8617/2177 4256/8618/2178 4197/8491/2064 4252/8615/2175
f 4253/8616/2176 4305/8619/2179 4255/8620/2180 4254/8617/2177
f 4254/8617/2177 4255/8620/2180 4257/8621/2181 4256/8618/2178
f 4257/8621/2181 4261/8622/2182 4259/8623/2183 4256/8618/2178
f 4255/8624/2180 4307/8625/2184 4258/8626/2185 4257/8627/2181
f 4257/8627/2181 4258/8626/2185 4260/8628/2186 4261/8629/2182
f 4262/8630/2187 4259/8623/2183 4261/8622/2182 4263/8631/2188
f 4260/8628/2186 4266/8632/2189 4263/8633/2188 4261/8629/2182
f 4264/8634/2190 4262/8630/2187 4263/8631/2188 4265/8635/2191
f 4266/8632/2189 4270/8636/2192 4265/8637/2191 4263/8633/2188
f 4267/8638/2193 4268/8639/2189 4266/8632/2189 4260/8628/2186
f 4269/8640/2192 4270/8636/2192 4266/8632/2189 4268/8639/2189
f 4269/8640/2192 4271/8641/2194 4270/8636/2192
f 4270/8636/2192 4271/8641/2194 4272/8642/2195 4265/8637/2191
f 4273/8643/2196 4272/8644/2195 4434/8645/2197 4485/8646/2197
f 4273/8643/2196 4265/8635/2191 4272/8644/2195
f 4272/8644/2195 4435/8647/2198 4434/8645/2197
f 4272/8642/2195 4271/8641/2194 4436/8648/499 4435/8649/2198
f 4271/8641/2194 4275/8650/2199 4437/8651/499 4436/8648/499
f 4274/8652/2199 4439/8653/499 4437/8651/499 4275/8650/2199
f 4276/8654/2200 4274/8652/2199 4275/8650/2199
f 4269/8640/2192 4276/8654/2200 4275/8650/2199 4271/8641/2194
f 4276/8654/2200 4279/8655/2192 4277/8656/2201 4274/8652/2199
f 4278/8657/2189 4276/8654/2200 4269/8640/2192 4268/8639/2189
f 4278/8657/2189 4281/8658/2189 4279/8655/2192 4276/8654/2200
f 4280/8659/2189 4282/8660/2192 4279/8661/2192 4281/8662/2189
f 4282/8660/2192 4283/8663/2199 4277/8664/2201 4279/8661/2192
f 4283/8663/2199 4450/8665/499 4449/8666/499 4277/8664/2201
f 4439/8653/499 4274/8652/2199 4277/8656/2201 4449/8667/499
f 4284/8668/2202 4280/8659/2189 4281/8662/2189 4285/8669/2203
f 4281/8658/2189 4278/8657/2189 4286/8670/2204 4285/8671/2203
f 4287/8672/2205 4288/8673/2206 4286/8670/2204 4267/8638/2193
f 4286/8670/2204 4278/8657/2189 4268/8639/2189 4267/8638/2193
f 4288/8673/2206 4291/8674/2207 4285/8671/2203 4286/8670/2204
f 4289/8675/2208 4290/8676/2209 4288/8673/2206 4287/8672/2205
f 4290/8676/2209 4292/8677/2210 4291/8674/2207 4288/8673/2206
f 4291/8678/2207 4293/8679/2211 4284/8668/2202 4285/8669/2203
f 4292/8680/2212 4294/8681/2213 4293/8679/2211 4291/8678/2207
f 4295/8682/2214 4296/8683/2215 4294/8681/2213 4292/8680/2212
f 4297/8684/2216 4298/8685/2217 4296/8683/2215 4295/8682/2214
f 4298/8685/2217 4297/8684/2216 4467/8686/2218 4466/8687/2219
f 4468/8688/2220 4467/8689/2221 4297/8690/2222 4299/8691/2223
f 4470/8692/2224 4468/8688/2220 4299/8691/2223 4300/8693/2225
f 4472/8694/2226 4470/8692/2224 4300/8693/2225 4301/8695/2227
f 4474/8696/2228 4472/8694/2226 4301/8695/2227 4302/8697/2229
f 4476/8698/2230 4474/8699/2228 4302/8700/2229 4303/8701/2231
f 4476/8698/2230 4303/8701/2231 4304/8702/2232 4478/8703/2233
f 4478/8703/2233 4304/8702/2232 4246/8609/2169 4405/8608/2168
f 4303/8701/2231 4253/8616/2176 4251/8614/2174 4304/8702/2232
f 4304/8702/2232 4251/8614/2174 4248/8610/2170 4246/8609/2169
f 4303/8701/2231 4302/8700/2229 4305/8619/2179 4253/8616/2176
f 4302/8697/2229 4301/8695/2227 4306/8704/2234 4305/8705/2179
f 4305/8705/2179 4306/8704/2234 4307/8625/2184 4255/8624/2180
f 4306/8704/2234 4308/8706/2235 4289/8675/2208 4307/8625/2184
f 4307/8625/2184 4289/8675/2208 4287/8672/2205 4258/8626/2185
f 4301/8695/2227 4300/8693/2225 4308/8706/2235 4306/8704/2234
f 4300/8693/2225 4299/8691/2223 4309/8707/2236 4308/8706/2235
f 4308/8706/2235 4309/8707/2236 4290/8676/2209 4289/8675/2208
f 4299/8691/2223 4297/8690/2222 4295/8708/2237 4309/8707/2236
f 4309/8707/2236 4295/8708/2237 4292/8677/2210 4290/8676/2209
f 4258/8626/2185 4287/8672/2205 4267/8638/2193 4260/8628/2186
f 4310/8709/2238 4273/8643/2196 4485/8646/2197 4487/8710/2239
f 4311/8711/2240 4310/8709/2238 4487/8710/2239 4489/8712/2241
f 4189/8479/2052 4311/8711/2240 4489/8712/2241 4324/8480/2053
f 4310/8709/2238 4311/8711/2240 4312/8487/2060 4264/8634/2190
f 4192/8482/2055 4312/8487/2060 4311/8711/2240 4189/8479/2052
f 4312/8487/2060 4194/8486/2059 4262/8630/2187 4264/8634/2190
f 4273/8643/2196 4310/8709/2238 4264/8634/2190 4265/8635/2191
f 4194/8486/2059 4195/8489/2062 4259/8623/2183 4262/8630/2187
f 4256/8618/2178 4259/8623/2183 4195/8489/2062 4197/8491/2064
f 4208/8502/2075 4243/8604/2164 4244/8605/2165 4206/8503/2076
f 4314/8508/2081 4313/8713/2242 4243/8714/2243 4208/8509/2082
f 4313/8713/2242 4240/8593/2154 4241/8595/2156 4243/8714/2243
f 4227/8513/2086 4315/8715/2244 4314/8508/2081 4207/8505/2078
f 4315/8715/2244 4317/8716/2245 4313/8713/2242 4314/8508/2081
f 4225/8544/2113 4316/8717/2246 4315/8718/2247 4227/8545/2114
f 4316/8717/2246 4318/8719/2248 4317/8720/2249 4315/8718/2247
f 4317/8716/2245 4239/8590/2151 4240/8593/2154 4313/8713/2242
f 4318/8719/2248 4238/8586/2148 4239/8589/2150 4317/8720/2249
f 4316/8721/2250 4320/8722/2250 4319/8723/2251 4318/8724/2251
f 4318/8724/2251 4319/8723/2251 4237/8583/2146 4238/8582/2145
f 4320/8725/2252 4234/8726/2253 4235/8727/2254 4319/8728/2254
f 4319/8728/2254 4235/8727/2254 4236/8579/2143 4237/8578/2142
f 4225/8547/2116 4226/8546/2115 4320/8722/2250 4316/8721/2250
f 4226/8551/2118 4229/8550/2118 4234/8726/2253 4320/8725/2252
f 4324/8481/2054 4356/8729/2255 4188/8476/2049
f 4321/8730/2256 4327/8731/2257 4322/8732/2258
f 4321/8733/2259 4322/8734/2260 4323/8735/2261 4325/8736/2262
f 4326/8737/2263 4321/8730/2256 4324/8738/2053
f 4324/8739/2054 4321/8733/2259 4325/8736/2262
f 4326/8737/2263 4329/8740/2264 4327/8731/2257 4321/8730/2256
f 4322/8732/2258 4327/8731/2257 4328/8741/2265 4337/8742/2266
f 4327/8731/2257 4329/8740/2264 4330/8743/2267 4328/8741/2265
f 4329/8740/2264 4490/8744/2268 4331/8745/2269 4330/8743/2267
f 4330/8743/2267 4331/8745/2269 4332/8746/2270 4333/8747/2271
f 4328/8741/2265 4330/8743/2267 4333/8747/2271 4336/8748/2272
f 4334/8749/2273 4335/8750/2274 4333/8747/2271 4332/8746/2270
f 4335/8750/2274 4338/8751/2275 4336/8748/2272 4333/8747/2271
f 4337/8742/2266 4328/8741/2265 4336/8748/2272 4339/8752/2276
f 4338/8751/2275 4341/8753/2277 4339/8752/2276 4336/8748/2272
f 4337/8754/2278 4339/8755/2279 4340/8756/2280 4352/8757/2281
f 4339/8755/2279 4342/8758/2282 4340/8756/2280
f 4339/8755/2279 4341/8759/2283 4342/8758/2282
f 4342/8758/2282 4341/8759/2283 4343/8760/2284 4345/8761/2285
f 4346/8762/2286 4340/8763/2287 4342/8764/2288 4344/8765/2289
f 4344/8765/2289 4342/8764/2288 4345/8766/2290 4492/8767/2291
f 4348/8768/2292 4349/8769/2293 4346/8762/2286 4347/8770/2294
f 4347/8770/2294 4346/8762/2286 4344/8765/2289 4369/8771/2295
f 4349/8769/2293 4352/8772/2296 4340/8763/2287 4346/8762/2286
f 4350/8773/2297 4351/8774/2298 4349/8769/2293 4348/8768/2292
f 4351/8774/2298 4323/8775/2299 4352/8772/2296 4349/8769/2293
f 4322/8734/2260 4337/8754/2278 4352/8757/2281 4323/8735/2261
f 4353/8776/2300 4354/8777/2301 4351/8774/2298 4350/8773/2297
f 4351/8774/2298 4354/8777/2301 4325/8778/2302 4323/8775/2299
f 4357/8779/2094 4355/8780/2095 4354/8777/2301 4353/8776/2300
f 4354/8777/2301 4355/8780/2095 4356/8781/2096 4325/8778/2302
f 4358/8782/2097 4357/8783/2097 4353/8784/2303 4360/8785/2304
f 4359/8786/2100 4358/8787/2100 4360/8788/2305 4361/8789/2306
f 4360/8785/2304 4353/8784/2303 4350/8790/2307 4362/8791/2308
f 4361/8789/2306 4360/8788/2305 4362/8792/2309 4363/8793/2310
f 4363/8793/2310 4362/8792/2309 4364/8794/2311 4365/8795/2311
f 4362/8791/2308 4350/8790/2307 4348/8796/2312 4364/8797/2313
f 4364/8797/2313 4348/8796/2312 4347/8798/2314 4366/8799/2315
f 4365/8795/2311 4364/8794/2311 4366/8800/2316 4370/8801/2317
f 4366/8799/2315 4347/8798/2314 4369/8802/2318 4367/8803/2319
f 4366/8800/2316 4367/8804/2320 4368/8805/2321 4370/8801/2317
f 4370/8806/2322 4368/8807/2323 4371/8808/2323 4372/8809/2322
f 4365/8810/2324 4370/8806/2322 4372/8809/2322 4374/8811/2324
f 4371/8812/2325 4373/8813/2122 4372/8814/2326
f 4373/8813/2122 4374/8815/2327 4372/8814/2326
f 4363/8816/2328 4365/8810/2324 4374/8811/2324 4376/8817/2329
f 4373/8813/2122 4375/8818/2126 4374/8815/2327
f 4375/8818/2126 4376/8819/2330 4374/8815/2327
f 4361/8820/2331 4363/8816/2328 4376/8817/2329 4378/8821/2331
f 4375/8818/2126 4377/8822/2129 4376/8819/2330
f 4377/8822/2129 4378/8823/2332 4376/8819/2330
f 4379/8824/2131 4378/8823/2332 4377/8822/2129
f 4379/8824/2131 4380/8825/2132 4378/8823/2332
f 4359/8826/2133 4361/8820/2331 4378/8821/2331 4380/8827/2133
f 4371/8812/2325 4381/8828/2134 4373/8813/2122
f 4382/8829/2333 4381/8828/2134 4371/8812/2325
f 4382/8829/2333 4383/8830/2136 4381/8828/2134
f 4384/8831/2334 4383/8830/2136 4382/8829/2333
f 4384/8831/2334 4385/8832/2138 4383/8830/2136
f 4386/8833/2335 4385/8832/2138 4384/8831/2334
f 4387/8834/2140 4385/8832/2138 4386/8833/2335
f 4387/8834/2140 4386/8833/2335 4388/8835/2141
f 4389/8836/2336 4390/8837/2144 4388/8838/2144 4386/8839/2336
f 4391/8840/2337 4392/8841/2147 4390/8842/2147 4389/8843/2338
f 4391/8844/2339 4394/8845/2340 4393/8846/2149 4392/8847/2149
f 4394/8848/2341 4396/8849/2342 4395/8850/2153 4393/8851/2152
f 4396/8849/2342 4398/8852/2343 4397/8853/2155 4395/8850/2153
f 4398/8854/2344 4401/8855/2345 4399/8856/2159 4397/8857/2158
f 4400/8858/2161 4399/8859/2161 4401/8860/2346 4404/8861/2347
f 4402/8862/2348 4403/8863/2349 4401/8855/2345 4398/8854/2344
f 4404/8861/2347 4401/8860/2346 4403/8864/2350 4407/8865/2351
f 4405/8866/2168 4400/8858/2161 4404/8861/2347 4406/8867/2352
f 4406/8867/2352 4404/8861/2347 4407/8865/2351 4408/8868/2353
f 4408/8868/2353 4407/8865/2351 4409/8869/2354 4410/8870/2355
f 4407/8865/2351 4403/8864/2350 4343/8871/2356 4409/8869/2354
f 4409/8869/2354 4343/8871/2356 4341/8753/2277 4338/8751/2275
f 4410/8870/2355 4409/8869/2354 4338/8751/2275 4335/8750/2274
f 4411/8872/2357 4408/8868/2353 4410/8870/2355 4412/8873/2358
f 4412/8873/2358 4410/8870/2355 4335/8750/2274 4334/8749/2273
f 4413/8874/2359 4411/8872/2357 4412/8873/2358 4414/8875/2360
f 4414/8875/2360 4412/8873/2358 4334/8749/2273 4416/8876/2361
f 4413/8874/2359 4414/8875/2360 4415/8877/2362 4480/8878/2363
f 4414/8875/2360 4416/8876/2361 4417/8879/2364 4415/8877/2362
f 4417/8879/2364 4416/8876/2361 4419/8880/2365 4421/8881/2366
f 4415/8882/2362 4417/8883/2364 4418/8884/2367 4482/8885/2368
f 4420/8886/2369 4418/8884/2367 4417/8883/2364 4421/8887/2366
f 4422/8888/2370 4423/8889/2371 4421/8881/2366 4419/8880/2365
f 4420/8886/2369 4421/8887/2366 4423/8890/2371 4426/8891/2372
f 4424/8892/2373 4425/8893/2374 4423/8889/2371 4422/8888/2370
f 4426/8891/2372 4423/8890/2371 4425/8894/2374 4430/8895/2375
f 4427/8896/2376 4420/8886/2369 4426/8891/2372 4428/8897/2372
f 4429/8898/2375 4428/8897/2372 4426/8891/2372 4430/8895/2375
f 4429/8898/2375 4430/8895/2375 4431/8899/2377
f 4430/8895/2375 4425/8894/2374 4432/8900/2378 4431/8899/2377
f 4433/8901/2379 4485/8902/2197 4434/8903/2197 4432/8904/2378
f 4433/8901/2379 4432/8904/2378 4425/8893/2374
f 4432/8904/2378 4434/8903/2197 4435/8905/2198
f 4432/8900/2378 4435/8906/2198 4436/8907/499 4431/8899/2377
f 4431/8899/2377 4436/8907/499 4437/8908/499 4440/8909/2380
f 4438/8910/2380 4440/8909/2380 4437/8908/499 4439/8911/499
f 4441/8912/2381 4440/8909/2380 4438/8910/2380
f 4429/8898/2375 4431/8899/2377 4440/8909/2380 4441/8912/2381
f 4441/8912/2381 4438/8910/2380 4442/8913/2380 4444/8914/2375
f 4443/8915/2372 4428/8897/2372 4429/8898/2375 4441/8912/2381
f 4443/8915/2372 4441/8912/2381 4444/8914/2375 4446/8916/2372
f 4445/8917/2372 4446/8918/2372 4444/8919/2375 4447/8920/2375
f 4447/8920/2375 4444/8919/2375 4442/8921/2380 4448/8922/2380
f 4448/8922/2380 4442/8921/2380 4449/8923/499 4450/8924/499
f 4439/8911/499 4449/8925/499 4442/8913/2380 4438/8910/2380
f 4451/8926/2382 4452/8927/2383 4446/8918/2372 4445/8917/2372
f 4446/8916/2372 4452/8928/2383 4453/8929/2384 4443/8915/2372
f 4454/8930/2385 4427/8896/2376 4453/8929/2384 4455/8931/2386
f 4453/8929/2384 4427/8896/2376 4428/8897/2372 4443/8915/2372
f 4455/8931/2386 4453/8929/2384 4452/8928/2383 4458/8932/2387
f 4456/8933/2388 4454/8930/2385 4455/8931/2386 4457/8934/2389
f 4457/8934/2389 4455/8931/2386 4458/8932/2387 4459/8935/2390
f 4458/8936/2391 4452/8927/2383 4451/8926/2382 4460/8937/2392
f 4459/8938/2393 4458/8936/2391 4460/8937/2392 4461/8939/2394
f 4462/8940/2395 4459/8938/2393 4461/8939/2394 4463/8941/2396
f 4464/8942/2397 4462/8940/2395 4463/8941/2396 4465/8943/2398
f 4465/8943/2398 4466/8944/2219 4467/8945/2218 4464/8942/2397
f 4468/8946/2220 4469/8947/2399 4464/8948/2400 4467/8949/2221
f 4470/8950/2224 4471/8951/2401 4469/8947/2399 4468/8946/2220
f 4472/8952/2226 4473/8953/2402 4471/8951/2401 4470/8950/2224
f 4474/8954/2228 4475/8955/2403 4473/8953/2402 4472/8952/2226
f 4476/8956/2230 4477/8957/2404 4475/8958/2403 4474/8959/2228
f 4476/8956/2230 4478/8960/2233 4479/8961/2405 4477/8957/2404
f 4478/8960/2233 4405/8866/2168 4406/8867/2352 4479/8961/2405
f 4477/8957/2404 4479/8961/2405 4411/8872/2357 4413/8874/2359
f 4479/8961/2405 4406/8867/2352 4408/8868/2353 4411/8872/2357
f 4477/8957/2404 4413/8874/2359 4480/8878/2363 4475/8958/2403
f 4475/8955/2403 4480/8962/2363 4481/8963/2406 4473/8953/2402
f 4480/8962/2363 4415/8882/2362 4482/8885/2368 4481/8963/2406
f 4481/8963/2406 4482/8885/2368 4456/8933/2388 4483/8964/2407
f 4482/8885/2368 4418/8884/2367 4454/8930/2385 4456/8933/2388
f 4473/8953/2402 4481/8963/2406 4483/8964/2407 4471/8951/2401
f 4471/8951/2401 4483/8964/2407 4484/8965/2408 4469/8947/2399
f 4483/8964/2407 4456/8933/2388 4457/8934/2389 4484/8965/2408
f 4469/8947/2399 4484/8965/2408 4462/8966/2409 4464/8948/2400
f 4484/8965/2408 4457/8934/2389 4459/8935/2390 4462/8966/2409
f 4418/8884/2367 4420/8886/2369 4427/8896/2376 4454/8930/2385
f 4486/8967/2410 4487/8968/2239 4485/8902/2197 4433/8901/2379
f 4488/8969/2411 4489/8970/2241 4487/8968/2239 4486/8967/2410
f 4326/8737/2263 4324/8738/2053 4489/8970/2241 4488/8969/2411
f 4486/8967/2410 4424/8892/2373 4490/8744/2268 4488/8969/2411
f 4488/8969/2411 4490/8744/2268 4329/8740/2264 4326/8737/2263
f 4490/8744/2268 4424/8892/2373 4422/8888/2370 4331/8745/2269
f 4433/8901/2379 4425/8893/2374 4424/8892/2373 4486/8967/2410
f 4331/8745/2269 4422/8888/2370 4419/8880/2365 4332/8746/2270
f 4416/8876/2361 4334/8749/2273 4332/8746/2270 4419/8880/2365
f 4345/8761/2285 4343/8760/2284 4403/8863/2349 4402/8862/2348
f 4492/8767/2291 4345/8766/2290 4402/8971/2412 4491/8972/2413
f 4491/8972/2413 4402/8971/2412 4398/8852/2343 4396/8849/2342
f 4369/8771/2295 4344/8765/2289 4492/8767/2291 4493/8973/2414
f 4493/8973/2414 4492/8767/2291 4491/8972/2413 4495/8974/2415
f 4367/8803/2319 4369/8802/2318 4493/8975/2416 4494/8976/2417
f 4494/8976/2417 4493/8975/2416 4495/8977/2418 4496/8978/2419
f 4495/8974/2415 4491/8972/2413 4396/8849/2342 4394/8848/2341
f 4496/8978/2419 4495/8977/2418 4394/8845/2340 4391/8844/2339
f 4494/8979/2420 4496/8980/2421 4497/8981/2422 4498/8982/2420
f 4496/8980/2421 4391/8840/2337 4389/8843/2338 4497/8981/2422
f 4498/8983/2423 4497/8984/2424 4384/8985/2424 4382/8986/2425
f 4497/8984/2424 4389/8836/2336 4386/8839/2336 4384/8985/2424
f 4367/8804/2320 4494/8979/2420 4498/8982/2420 4368/8805/2321
f 4368/8807/2323 4498/8983/2423 4382/8986/2425 4371/8808/2323
f 4324/8739/2054 4325/8736/2262 4356/8987/2255
f 4503/8988/2426 4499/8989/2427 4500/8990/2427 4504/8991/2426
f 4499/8989/2427 4502/8992/501 4501/8993/501 4500/8990/2427
f 4505/8994/451 4503/8988/2426 4504/8991/2426 4506/8995/451
f 4507/8996/2428 4505/8994/451 4506/8995/451 4508/8997/2428
f 4509/8998/2429 4507/8996/2428 4508/8997/2428 4510/8999/2429
f 4511/9000/499 4509/8998/2429 4510/8999/2429 4512/9001/499
f 4513/9002/2430 4511/9003/499 4512/9004/499 4514/9005/2430
f 4515/9006/2431 4513/9002/2430 4514/9005/2430 4516/9007/2431
f 4517/9008/463 4515/9006/2431 4516/9007/2431 4518/9009/463
f 4519/9010/2432 4517/9008/463 4518/9009/463 4520/9011/2432
f 4521/9012/2433 4519/9010/2432 4520/9011/2432 4522/9013/2433
f 4502/8992/501 4521/9012/2433 4522/9013/2433 4501/8993/501
f 4522/9014/2434 4520/9015/2435 4525/9016/2436 4524/9017/2437
f 4522/9014/2434 4524/9017/2437 4523/9018/2438 4501/9019/2438
f 4523/9020/446 4524/9021/446 4525/9022/446 4526/9023/446
f 4518/9024/2439 4526/9025/2439 4525/9016/2436 4520/9015/2435
f 4518/9024/2439 4516/9026/2440 4527/9027/2441 4526/9025/2439
f 4523/9020/446 4526/9023/446 4527/9028/446 4529/9029/446
f 4516/9026/2440 4514/9030/2442 4528/9031/2443 4527/9027/2441
f 4529/9029/446 4527/9028/446 4528/9032/446 4530/9033/446
f 4504/9034/2444 4500/9035/2445 4529/9036/2446 4530/9037/2447
f 4500/9035/2445 4501/9019/2438 4523/9018/2438 4529/9036/2446
f 4504/9034/2444 4530/9037/2447 4531/9038/2448 4506/9039/2448
f 4530/9033/446 4528/9032/446 4532/9040/446 4531/9041/446
f 4512/9042/2449 4532/9043/2449 4528/9031/2443 4514/9030/2442
f 4512/9044/2449 4510/9045/2450 4533/9046/2451 4532/9047/2449
f 4534/9048/446 4531/9041/446 4532/9040/446 4533/9049/446
f 4506/9039/2448 4531/9038/2448 4534/9050/2452 4508/9051/2453
f 4508/9051/2453 4534/9050/2452 4533/9046/2451 4510/9045/2450
f 4541/9052/2454 4535/9053/501 4536/9054/501 4542/9055/2454
f 4535/9053/501 4540/9056/2455 4537/9057/2455 4536/9054/501
f 4540/9058/500 4535/9059/500 4538/9060/500
f 4535/9059/500 4541/9061/500 4539/9062/500 4538/9060/500
f 4539/9063/2456 4541/9052/2454 4542/9055/2454 4543/9064/2456
f 4536/9065/446 4544/9066/446 4543/9067/446 4542/9068/446
f 4538/9069/2457 4539/9063/2456 4543/9064/2456 4544/9070/2457
f 4545/9071/451 4538/9069/2457 4544/9070/2457 4546/9072/451
f 4537/9073/446 4546/9074/446 4544/9066/446 4536/9065/446
f 4546/9072/451 4548/9075/2458 4547/9076/2458 4545/9071/451
f 4537/9073/446 4551/9077/446 4548/9078/446 4546/9074/446
f 4548/9075/2458 4552/9079/2459 4549/9080/2459 4547/9076/2458
f 4550/9081/446 4552/9082/446 4548/9078/446 4551/9077/446
f 4552/9079/2459 4554/9083/2460 4553/9084/2460 4549/9080/2459
f 4550/9081/446 4556/9085/446 4554/9086/446 4552/9082/446
f 4555/9087/446 4557/9088/446 4554/9086/446 4556/9085/446
f 4553/9089/2460 4554/9090/2460 4557/9091/499 4558/9092/499
f 4557/9091/499 4560/9093/2461 4559/9094/2461 4558/9092/499
f 4555/9087/446 4562/9095/446 4560/9096/446 4557/9088/446
f 4560/9093/2461 4562/9097/2462 4561/9098/2462 4559/9094/2461
f 4562/9097/2462 4555/9099/2463 4563/9100/2463 4561/9098/2462
f 4555/9099/2463 4556/9101/463 4564/9102/463 4563/9100/2463
f 4553/9103/500 4563/9104/500 4564/9105/500 4565/9106/500
f 4563/9104/500 4559/9107/500 4561/9108/500
f 4563/9104/500 4553/9103/500 4558/9109/500 4559/9107/500
f 4565/9110/2464 4564/9102/463 4556/9101/463 4550/9111/2464
f 4566/9112/2465 4565/9110/2464 4550/9111/2464 4551/9113/2465
f 4565/9106/500 4547/9114/500 4549/9115/500 4553/9103/500
f 4547/9114/500 4565/9106/500 4566/9116/500 4540/9058/500
f 4540/9056/2455 4566/9112/2465 4551/9113/2465 4537/9057/2455
f 4540/9058/500 4538/9060/500 4545/9117/500 4547/9114/500
f 4571/9118/2466 4567/9119/500 4568/9120/500 4572/9121/2466
f 4567/9119/500 4570/9122/2467 4569/9123/2467 4568/9120/500
f 4570/9124/501 4567/9125/501 4571/9126/501 4573/9127/501
f 4575/9128/2468 4571/9118/2466 4572/9121/2466 4576/9129/2468
f 4571/9126/501 4575/9130/501 4574/9131/501 4573/9127/501
f 4577/9132/2469 4575/9128/2468 4576/9129/2468 4578/9133/2469
f 4574/9131/501 4575/9130/501 4577/9134/501 4579/9135/501
f 4581/9136/2470 4577/9132/2469 4578/9133/2469 4582/9137/2470
f 4577/9134/501 4581/9138/501 4580/9139/501 4579/9135/501
f 4584/9140/463 4581/9136/2470 4582/9137/2470 4585/9141/463
f 4581/9138/501 4584/9142/501 4583/9143/501 4580/9139/501
f 4587/9144/2471 4584/9140/463 4585/9141/463 4588/9145/2471
f 4584/9142/501 4587/9146/501 4586/9147/501 4583/9143/501
f 4590/9148/2472 4587/9149/2471 4588/9150/2471 4591/9151/2472
f 4587/9146/501 4590/9152/501 4589/9153/501 4586/9147/501
f 4592/9154/2473 4590/9148/2472 4591/9151/2472 4595/9155/2473
f 4589/9153/501 4590/9152/501 4592/9156/501 4593/9157/501
f 4592/9156/501 4596/9158/501 4594/9159/501 4593/9157/501
f 4596/9160/2474 4592/9154/2473 4595/9155/2473 4597/9161/2474
f 4594/9162/446 4596/9160/2474 4597/9161/2474 4598/9163/446
f 4593/9164/2475 4594/9162/446 4598/9163/446 4599/9165/2475
f 4589/9166/2476 4593/9164/2475 4599/9165/2475 4600/9167/2476
f 4586/9168/2477 4589/9166/2476 4600/9167/2476 4601/9169/2477
f 4583/9170/2478 4586/9168/2477 4601/9169/2477 4602/9171/2478
f 4580/9172/451 4583/9170/2478 4602/9171/2478 4603/9173/451
f 4579/9174/2479 4580/9172/451 4603/9173/451 4604/9175/2479
f 4574/9176/2480 4579/9174/2479 4604/9175/2479 4605/9177/2480
f 4573/9178/2481 4574/9176/2480 4605/9177/2480 4606/9179/2481
f 4570/9122/2467 4573/9178/2481 4606/9179/2481 4569/9123/2467
f 4614/9180/2482 4607/9181/500 4608/9182/500 4615/9183/2482
f 4607/9181/500 4610/9184/943 4609/9185/943 4608/9182/500
f 4607/9186/463 4612/9187/463 4611/9188/463 4610/9189/463
f 4607/9186/463 4614/9190/463 4613/9191/463 4612/9187/463
f 4616/9192/2483 4614/9180/2482 4615/9183/2482 4617/9193/2483
f 4616/9194/463 4618/9195/463 4613/9191/463 4614/9190/463
f 4618/9196/2484 4616/9192/2483 4617/9193/2483 4619/9197/2484
f 4613/9198/499 4618/9196/2484 4619/9197/2484 4620/9199/499
f 4624/9200/451 4620/9201/451 4619/9202/451
f 4617/9203/451 4615/9204/451 4621/9205/451 4619/9202/451
f 4621/9205/451 4622/9206/451 4619/9202/451
f 4623/9207/451 4624/9200/451 4619/9202/451 4622/9206/451
f 4611/9208/2485 4612/9209/2486 4624/9210/2486 4623/9211/2485
f 4612/9209/2486 4613/9198/499 4620/9199/499 4624/9210/2486
f 4625/9212/947 4611/9208/2485 4623/9211/2485 4622/9213/947
f 4628/9214/2487 4625/9212/947 4622/9213/947 4629/9215/2487
f 4626/9216/463 4610/9189/463 4611/9188/463 4625/9217/463
f 4625/9217/463 4628/9218/463 4627/9219/463 4626/9216/463
f 4630/9220/2488 4628/9214/2487 4629/9215/2487 4631/9221/2489
f 4627/9219/463 4628/9218/463 4630/9222/463 4632/9223/463
f 4630/9220/2488 4631/9221/2489 4634/9224/2490 4633/9225/2491
f 4632/9223/2492 4630/9222/2493 4633/9226/2494
f 4633/9225/2491 4634/9224/2490 4637/9227/2495 4640/9228/2496
f 4635/9229/451 4636/9230/451 4634/9231/451
f 4635/9229/451 4634/9231/451 4631/9232/451 4621/9205/451
f 4637/9233/451 4634/9231/451 4636/9230/451 4641/9234/451
f 4640/9228/2496 4637/9227/2495 4638/9235/446 4645/9236/446
f 4639/9237/451 4638/9238/451 4637/9233/451 4641/9234/451
f 4643/9239/2497 4642/9240/2498 4641/9241/2498 4636/9242/2499
f 4642/9240/500 4644/9243/500 4639/9244/500 4641/9241/500
f 4632/9245/2500 4643/9239/2497 4636/9242/2499 4635/9246/2500
f 4643/9247/2501 4632/9223/2492 4633/9226/2494 4640/9248/2502
f 4643/9247/2501 4640/9248/2502 4642/9249/2503
f 4640/9250/463 4645/9251/463 4644/9252/463 4642/9253/463
f 4644/9254/501 4645/9255/501 4638/9256/501 4639/9257/501
f 4621/9258/2504 4627/9259/2504 4632/9245/2500 4635/9246/2500
f 4629/9260/451 4622/9206/451 4621/9205/451 4631/9232/451
f 4626/9261/944 4627/9259/2504 4621/9258/2504 4646/9262/944
f 4610/9184/943 4626/9261/944 4646/9262/944 4609/9185/943
f 4609/9263/451 4646/9264/451 4621/9205/451
f 4608/9265/451 4609/9263/451 4621/9205/451 4615/9204/451
f 4654/9266/2482 4655/9267/2482 4648/9268/500 4647/9269/500
f 4647/9269/500 4648/9268/500 4649/9270/943 4650/9271/943
f 4647/9272/451 4650/9273/451 4651/9274/451 4652/9275/451
f 4647/9272/451 4652/9275/451 4653/9276/451 4654/9277/451
f 4656/9278/2483 4657/9279/2483 4655/9267/2482 4654/9266/2482
f 4656/9280/451 4654/9277/451 4653/9276/451 4658/9281/451
f 4658/9282/2484 4659/9283/2484 4657/9279/2483 4656/9278/2483
f 4653/9284/499 4660/9285/499 4659/9283/2484 4658/9282/2484
f 4664/9286/463 4659/9287/463 4660/9288/463
f 4657/9289/463 4659/9287/463 4661/9290/463 4655/9291/463
f 4661/9290/463 4659/9287/463 4662/9292/463
f 4663/9293/463 4662/9292/463 4659/9287/463 4664/9286/463
f 4651/9294/2485 4663/9295/2485 4664/9296/2486 4652/9297/2486
f 4652/9297/2486 4664/9296/2486 4660/9285/499 4653/9284/499
f 4665/9298/947 4662/9299/947 4663/9295/2485 4651/9294/2485
f 4668/9300/2487 4669/9301/2487 4662/9299/947 4665/9298/947
f 4666/9302/451 4665/9303/451 4651/9274/451 4650/9273/451
f 4665/9303/451 4666/9302/451 4667/9304/451 4668/9305/451
f 4670/9306/2489 4671/9307/2489 4669/9301/2487 4668/9300/2487
f 4667/9304/451 4672/9308/451 4670/9309/451 4668/9305/451
f 4670/9306/2489 4673/9310/2491 4674/9311/2490 4671/9307/2489
f 4672/9308/2505 4673/9312/2506 4670/9309/2507
f 4673/9310/2491 4680/9313/2496 4677/9314/2495 4674/9311/2490
f 4675/9315/463 4674/9316/463 4676/9317/463
f 4671/9318/463 4674/9316/463 4675/9315/463 4661/9290/463
f 4677/9319/463 4681/9320/463 4676/9317/463 4674/9316/463
f 4680/9313/2496 4685/9321/446 4678/9322/446 4677/9314/2495
f 4677/9319/463 4678/9323/463 4679/9324/463 4681/9320/463
f 4683/9325/2499 4676/9326/2499 4681/9327/2498 4682/9328/2498
f 4682/9328/500 4681/9327/500 4679/9329/500 4684/9330/500
f 4672/9331/2500 4675/9332/2500 4676/9326/2499 4683/9325/2499
f 4683/9333/2508 4680/9334/2509 4673/9312/2506 4672/9308/2505
f 4683/9333/2508 4682/9335/2510 4680/9334/2509
f 4680/9336/451 4682/9337/451 4684/9338/451 4685/9339/451
f 4684/9340/501 4679/9341/501 4678/9342/501 4685/9343/501
f 4661/9344/2511 4675/9332/2500 4672/9331/2500 4667/9345/2511
f 4669/9346/463 4671/9318/463 4661/9290/463 4662/9292/463
f 4666/9347/944 4686/9348/944 4661/9344/2511 4667/9345/2511
f 4650/9271/943 4649/9270/943 4686/9348/944 4666/9347/944
f 4649/9349/463 4661/9290/463 4686/9350/463
f 4648/9351/463 4655/9291/463 4661/9290/463 4649/9349/463
f 4690/9352/1041 4692/9353/1041 4687/9354/500 4688/9355/500
f 4687/9354/500 4691/9356/2512 4689/9357/2512 4688/9355/500
f 4693/9358/2513 4692/9353/1041 4690/9352/1041 4695/9359/2513
f 4694/9360/463 4696/9361/463 4693/9358/2513 4695/9359/2513
f 4696/9361/463 4694/9360/463 4698/9362/2514 4697/9363/2514
f 4699/9364/2515 4697/9363/2514 4698/9362/2514 4700/9365/2515
f 4701/9366/499 4705/9367/499 4700/9368/499 4698/9369/499
f 4701/9366/499 4698/9369/499 4694/9370/499 4703/9371/499
f 4702/9372/1284 4704/9373/451 4701/9374/451 4703/9375/1284
f 4704/9373/451 4706/9376/2516 4705/9377/2516 4701/9374/451
f 4706/9376/2516 4710/9378/2517 4707/9379/2517 4705/9377/2516
f 4705/9367/499 4707/9380/499 4708/9381/499 4700/9368/499
f 4707/9379/2517 4710/9378/2517 4709/9382/446 4708/9383/446
f 4709/9384/446 4699/9364/2515 4700/9365/2515 4708/9385/446
f 4691/9356/2512 4702/9372/1284 4703/9375/1284 4689/9357/2512
f 4703/9371/499 4694/9370/499 4695/9386/499 4689/9387/499
f 4688/9388/499 4689/9387/499 4695/9386/499 4690/9389/499
f 4711/9390/2518 4715/9391/2518 4713/9392/2518 4712/9393/2518
f 4714/9394/501 4716/9395/501 4715/9396/501 4711/9397/501
f 4717/9398/2519 4718/9399/2519 4716/9400/2519 4714/9401/2519
f 4717/9402/499 4712/9403/499 4713/9404/499 4718/9405/499
f 4720/9406/500 4764/9407/500 4724/9408/2520 4719/9409/2520
f 4721/9410/451 4720/9411/451 4719/9412/451 4725/9413/451
f 4725/9413/451 4719/9412/451 4722/9414/451
f 4719/9409/2520 4724/9408/2520 4723/9415/1518 4722/9416/1518
f 4725/9417/501 4726/9418/501 4728/9419/501
f 4726/9420/451 4725/9413/451 4727/9421/451 4736/9422/451
f 4730/9423/451 4727/9421/451 4725/9413/451
f 4725/9424/446 4728/9425/446 4729/9426/446 4721/9427/446
f 4730/9423/451 4725/9413/451 4731/9428/451
f 4725/9413/451 4722/9414/451 4731/9428/451
f 4722/9416/1518 4723/9415/1518 4732/9429/2521 4731/9430/2521
f 4731/9430/2521 4732/9429/2521 4733/9431/2522 4730/9432/2522
f 4730/9432/2522 4733/9431/2522 4734/9433/2523 4727/9434/2523
f 4727/9434/2523 4734/9433/2523 4735/9435/2524 4736/9436/2524
f 4736/9436/2524 4735/9435/2524 4737/9437/2525 4738/9438/2525
f 4738/9438/2525 4737/9437/2525 4739/9439/2526 4740/9440/2527
f 4742/9441/446 4740/9440/2527 4739/9439/2526 4741/9442/446
f 4741/9442/446 4739/9439/2526 4743/9443/446 4748/9444/446
f 4746/9445/499 4747/9446/499 4743/9447/499 4744/9448/499
f 4744/9448/499 4743/9447/499 4745/9449/499 4753/9450/499
f 4743/9443/446 4747/9451/446 4749/9452/446 4748/9444/446
f 4747/9453/451 4746/9454/451 4750/9455/451 4749/9456/451
f 4748/9457/2528 4749/9458/2528 4750/9459/2528 4751/9460/2528
f 4750/9461/2529 4746/9462/2529 4744/9463/2529 4751/9464/2529
f 4751/9465/451 4744/9466/451 4753/9467/451
f 4751/9465/451 4753/9467/451 4752/9468/451 4754/9469/451
f 4751/9465/451 4754/9469/451 4741/9470/451 4748/9471/451
f 4757/9472/2529 4754/9473/2529 4755/9474/2529 4726/9475/2529
f 4754/9469/451 4752/9468/451 4756/9476/451 4755/9477/451
f 4741/9478/2530 4754/9479/2530 4757/9480/2530 4742/9481/2530
f 4757/9482/451 4726/9420/451 4738/9483/451 4740/9484/451
f 4740/9484/451 4742/9485/451 4757/9482/451
f 4755/9486/501 4756/9487/501 4758/9488/501
f 4752/9489/500 4759/9490/500 4758/9491/500 4756/9492/500
f 4755/9486/501 4758/9488/501 4728/9419/501 4726/9418/501
f 4752/9489/500 4762/9493/500 4760/9494/500 4759/9490/500
f 4761/9495/499 4763/9496/499 4760/9497/499 4762/9498/499
f 4745/9499/446 4763/9500/446 4761/9501/446 4753/9502/446
f 4753/9467/451 4761/9503/451 4762/9504/451 4752/9468/451
f 4726/9420/451 4736/9422/451 4738/9483/451
f 4721/9505/499 4729/9506/499 4764/9507/499 4720/9508/499
f 4769/9509/499 4765/9510/499 4766/9511/499 4790/9512/499
f 4765/9513/2531 4770/9514/2531 4767/9515/2531 4766/9516/2531
f 4768/9517/2532 4770/9518/2533 4765/9519/2534 4769/9520/2535
f 4770/9514/451 4771/9521/451 4767/9515/451
f 4771/9521/451 4770/9514/451 4773/9522/451 4775/9523/451
f 4772/9524/2536 4773/9525/2537 4770/9518/2538 4768/9517/2538
f 4772/9524/2536 4785/9526/2539 4774/9527/2540 4773/9525/2537
f 4773/9522/451 4774/9528/451 4776/9529/451
f 4777/9530/451 4775/9523/451 4773/9522/451 4776/9529/451
f 4776/9531/2541 4782/9532/2542 4778/9533/2543 4777/9534/2544
f 4775/9535/2545 4777/9534/2544 4778/9533/2543 4779/9536/2546
f 4778/9537/2547 4783/9538/2547 4780/9539/2548 4779/9540/2548
f 4781/9541/1108 4783/9538/2547 4778/9537/2547 4782/9542/1108
f 4784/9543/2549 4781/9541/1108 4782/9542/1108 4785/9544/2549
f 4785/9526/2539 4782/9532/2542 4776/9531/2541 4774/9527/2540
f 4786/9545/2550 4784/9543/2549 4785/9544/2549 4772/9546/2550
f 4772/9546/2550 4768/9547/500 4787/9548/500 4786/9545/2550
f 4787/9548/500 4768/9547/500 4769/9549/500 4788/9550/500
f 4788/9551/499 4769/9552/499 4790/9553/499 4789/9554/499
f 4792/9555/2551 4790/9556/2552 4766/9557/2553 4767/9558/2554
f 4791/9559/446 4789/9560/446 4790/9561/446 4792/9562/446
f 4794/9563/2555 4792/9555/2556 4767/9558/2556 4771/9564/2557
f 4793/9565/2558 4791/9559/446 4792/9562/446 4794/9566/2558
f 4794/9563/2555 4771/9564/2557 4797/9567/2559 4796/9568/2560
f 4794/9566/2558 4796/9569/1092 4795/9570/1092 4793/9565/2558
f 4775/9523/451 4798/9571/451 4797/9572/451 4771/9521/451
f 4796/9568/2560 4797/9567/2559 4798/9573/2561 4799/9574/2562
f 4798/9573/2561 4775/9535/2545 4779/9536/2546 4799/9574/2562
f 4796/9569/1092 4799/9575/2563 4800/9576/2563 4795/9570/1092
f 4799/9575/2563 4779/9540/2548 4780/9539/2548 4800/9576/2563
f 4801/9577/451 4803/9578/451 4802/9579/451 4806/9580/451
f 4801/9581/2564 4806/9582/2565 4805/9583/2566 4804/9584/2564
f 4807/9585/451 4806/9580/451 4802/9579/451 4832/9586/451
f 4807/9587/2567 4817/9588/2567 4808/9589/2567 4806/9590/2567
f 4811/9591/2565 4806/9582/2565 4808/9592/2568 4815/9593/2568
f 4805/9583/2566 4806/9582/2565 4809/9594/2569 4838/9595/2570
f 4809/9594/2569 4806/9582/2565 4810/9596/2571 4837/9597/2572
f 4810/9596/2571 4806/9582/2565 4811/9591/2565 4812/9598/2573
f 4813/9599/463 4812/9600/463 4811/9601/463 4814/9602/463
f 4814/9603/2574 4811/9604/2575 4815/9605/2576 4816/9606/2577
f 4816/9607/463 4815/9608/463 4817/9609/463 4819/9610/463
f 4815/9608/463 4808/9611/463 4817/9609/463
f 4818/9612/2578 4819/9613/2578 4817/9614/2578 4807/9615/2578
f 4814/9616/2579 4816/9617/2580 4819/9618/2580 4818/9619/2581
f 4824/9620/2581 4836/9621/2582 4820/9622/2583 4818/9619/2581
f 4820/9622/2583 4813/9623/2579 4814/9616/2579 4818/9619/2581
f 4823/9624/451 4821/9625/451 4818/9626/451 4825/9627/451
f 4821/9628/2584 4829/9629/2584 4822/9630/2581 4818/9619/2581
f 4822/9630/2581 4835/9631/2585 4824/9620/2581 4818/9619/2581
f 4807/9585/451 4826/9632/451 4825/9627/451 4818/9626/451
f 4826/9633/2586 4830/9634/2586 4827/9635/2587 4825/9636/2587
f 4825/9636/2587 4827/9635/2587 4828/9637/2588 4823/9638/2588
f 4822/9639/463 4828/9640/463 4827/9641/463 4805/9642/463
f 4822/9639/463 4829/9643/463 4828/9640/463
f 4828/9637/2589 4829/9644/2589 4821/9645/2589 4823/9638/2589
f 4805/9642/463 4827/9641/463 4830/9646/463
f 4805/9642/463 4830/9646/463 4831/9647/463
f 4832/9648/2590 4831/9649/2590 4830/9634/2586 4826/9633/2586
f 4802/9650/2591 4833/9651/2591 4831/9649/2590 4832/9648/2590
f 4807/9585/451 4832/9586/451 4826/9632/451
f 4805/9642/463 4831/9647/463 4833/9652/463
f 4833/9652/463 4834/9653/463 4804/9654/463 4805/9642/463
f 4803/9655/2592 4834/9656/2592 4833/9651/2591 4802/9650/2591
f 4835/9657/463 4838/9658/463 4809/9659/463 4824/9660/463
f 4824/9661/2593 4809/9662/2594 4837/9663/2593
f 4824/9661/2593 4837/9663/2593 4836/9664/2595
f 4836/9665/463 4837/9666/463 4810/9667/463 4820/9668/463
f 4822/9669/2596 4805/9670/2597 4838/9671/2596 4835/9672/2598
f 4820/9673/2599 4810/9674/2600 4812/9675/2601 4813/9676/2602
f 4840/9677/2460 4868/9678/2460 4842/9679/2459 4839/9680/2459
f 4841/9681/446 4840/9682/446 4839/9683/446 4843/9684/446
f 4839/9680/2459 4842/9679/2459 4844/9685/2458 4843/9686/2458
f 4843/9686/2458 4844/9685/2458 4847/9687/451 4848/9688/451
f 4844/9689/500 4846/9690/500 4845/9691/500 4847/9692/500
f 4842/9693/500 4868/9694/500 4846/9690/500 4844/9689/500
f 4848/9688/451 4847/9687/451 4850/9695/2457 4851/9696/2457
f 4847/9692/500 4845/9691/500 4849/9697/500 4850/9698/500
f 4851/9696/2457 4850/9695/2457 4852/9699/2456 4860/9700/2456
f 4850/9698/500 4853/9701/500 4852/9702/500
f 4850/9698/500 4849/9697/500 4854/9703/500 4853/9701/500
f 4855/9704/463 4853/9705/463 4854/9706/2463 4856/9707/2463
f 4856/9707/2463 4854/9706/2463 4849/9708/2462 4857/9709/2462
f 4855/9710/446 4856/9711/446 4851/9712/446 4860/9713/446
f 4851/9712/446 4856/9711/446 4857/9714/446
f 4857/9709/2462 4849/9708/2462 4845/9715/2461 4858/9716/2461
f 4857/9714/446 4858/9717/446 4848/9718/446 4851/9712/446
f 4858/9716/2461 4845/9715/2461 4846/9719/499 4841/9720/499
f 4858/9717/446 4841/9681/446 4843/9684/446 4848/9718/446
f 4859/9721/446 4855/9710/446 4860/9713/446 4861/9722/446
f 4859/9723/2603 4864/9724/2603 4853/9705/463 4855/9704/463
f 4860/9700/2456 4852/9699/2456 4862/9725/2604 4861/9726/2604
f 4862/9725/2604 4865/9727/2605 4863/9728/2605 4861/9726/2604
f 4852/9702/500 4853/9701/500 4864/9729/500 4862/9730/500
f 4864/9729/500 4866/9731/500 4865/9732/500 4862/9730/500
f 4859/9733/2606 4867/9734/2606 4866/9735/2606 4864/9736/2606
f 4859/9721/446 4861/9722/446 4863/9737/446 4867/9738/446
f 4841/9720/499 4846/9719/499 4868/9678/2460 4840/9677/2460
f 4869/9739/500 4871/9740/500 4870/9741/500 4872/9742/500
f 4869/9743/2607 4873/9744/2607 4874/9745/2460 4871/9746/2460
f 4872/9747/2458 4876/9748/2458 4873/9744/2607 4869/9743/2607
f 4875/9749/446 4874/9750/446 4873/9751/446 4876/9752/446
f 4871/9746/2460 4874/9745/2460 4875/9753/499 4870/9754/499
f 4870/9754/499 4875/9753/499 4877/9755/2608 4878/9756/2608
f 4877/9757/446 4875/9749/446 4876/9752/446 4879/9758/446
f 4878/9756/2608 4877/9755/2608 4880/9759/2462 4882/9760/2462
f 4880/9761/446 4877/9757/446 4879/9758/446 4881/9762/446
f 4883/9763/446 4880/9761/446 4881/9762/446 4885/9764/446
f 4882/9760/2462 4880/9759/2462 4883/9765/2463 4884/9766/2463
f 4884/9766/2463 4883/9765/2463 4885/9767/463 4886/9768/463
f 4886/9768/463 4885/9767/463 4888/9769/2603 4889/9770/2603
f 4885/9764/446 4881/9762/446 4887/9771/446 4888/9772/446
f 4888/9773/2609 4891/9774/2609 4890/9775/2609 4889/9776/2609
f 4888/9772/446 4892/9777/446 4891/9778/446
f 4888/9772/446 4887/9771/446 4893/9779/446 4892/9777/446
f 4894/9780/2610 4893/9781/2610 4887/9782/2456 4895/9783/2456
f 4894/9780/2610 4896/9784/2611 4892/9785/2611 4893/9781/2610
f 4895/9786/500 4889/9787/500 4894/9788/500
f 4889/9787/500 4890/9789/500 4896/9790/500 4894/9788/500
f 4895/9783/2456 4887/9782/2456 4881/9791/2457 4897/9792/2457
f 4895/9786/500 4897/9793/500 4886/9794/500 4889/9787/500
f 4897/9792/2457 4881/9791/2457 4879/9795/451 4898/9796/451
f 4898/9797/500 4878/9798/500 4882/9799/500 4897/9793/500
f 4897/9793/500 4882/9799/500 4884/9800/500 4886/9794/500
f 4898/9796/451 4879/9795/451 4876/9748/2458 4872/9747/2458
f 4872/9742/500 4870/9741/500 4878/9798/500 4898/9797/500
f 4899/9801/463 4900/9802/463 4903/9803/463 4902/9804/463
f 4899/9801/463 4905/9805/463 4901/9806/463 4900/9802/463
f 4906/9807/2612 4904/9808/2613 4899/9809/2613 4902/9810/2614
f 4904/9808/2613 4996/9811/2615 4905/9812/2616 4899/9809/2613
f 4908/9813/2617 4906/9807/2612 4902/9810/2614 4909/9814/2617
f 4907/9815/463 4904/9816/463 4906/9817/463
f 4907/9815/463 4906/9817/463 4908/9818/463
f 4910/9819/2618 4908/9813/2617 4909/9814/2617 4911/9820/2619
f 4907/9815/463 4908/9818/463 4910/9821/463
f 4912/9822/2620 4910/9819/2618 4911/9820/2619 4913/9823/2621
f 4907/9815/463 4910/9821/463 4912/9824/2622
f 4914/9825/2623 4916/9826/2624 4912/9822/2620 4913/9823/2621
f 4915/9827/463 4907/9815/463 4912/9824/2622 4916/9828/2625
f 4917/9829/2626 4918/9830/2627 4916/9826/2624 4914/9825/2623
f 4915/9827/463 4916/9828/2625 4918/9831/2628
f 4903/9832/2629 4919/9833/2630 4918/9830/2627 4917/9829/2626
f 4915/9827/463 4918/9831/2628 4919/9834/463
f 4900/9835/2631 4920/9836/2632 4919/9833/2630 4903/9832/2629
f 4915/9827/463 4919/9834/463 4920/9837/463
f 4901/9838/2633 4921/9839/2634 4920/9836/2632 4900/9835/2631
f 4920/9837/463 4921/9840/463 4915/9827/463
f 4922/9841/463 4915/9827/463 4921/9840/463 4923/9842/463
f 4921/9839/2634 4901/9838/2633 4924/9843/2635 4923/9844/2635
f 4924/9845/499 4925/9846/499 4926/9847/499
f 4925/9848/463 4924/9849/463 4901/9806/463
f 4924/9845/499 4926/9847/499 4923/9850/499
f 4927/9851/499 4929/9852/499 4926/9847/499 4925/9846/499
f 4928/9853/2636 4926/9854/2636 4930/9855/2636 4931/9856/2636
f 4928/9857/499 4922/9858/499 4923/9850/499 4926/9847/499
f 4929/9859/2637 4933/9860/2638 4930/9855/2639 4926/9854/2639
f 4930/9861/499 4933/9862/499 4932/9863/499 4931/9864/499
f 4934/9865/2640 4932/9866/2640 4933/9867/2638 4929/9868/2637
f 4929/9852/499 4937/9869/499 4934/9870/499
f 4935/9871/2641 4993/9872/2641 4932/9866/2641 4934/9865/2641
f 4934/9870/499 4937/9869/499 4936/9873/499 4935/9874/499
f 4937/9875/2642 4939/9876/2642 4938/9877/2642 4936/9878/2642
f 4937/9879/451 4941/9880/451 4940/9881/451 4939/9882/451
f 4929/9852/499 4942/9883/499 4941/9884/499 4937/9869/499
f 4941/9885/500 4942/9886/500 4943/9887/500 4940/9888/500
f 4943/9889/2643 4946/9890/2643 4944/9891/2643 4940/9892/2643
f 4945/9893/2644 4946/9890/2644 4943/9889/2644 4942/9894/2644
f 4947/9895/2645 4944/9896/446 4946/9897/2646 4945/9898/2647
f 4945/9899/499 4948/9900/499 4947/9901/499
f 4949/9902/499 4947/9901/499 4948/9900/499 4952/9903/499
f 4944/9904/451 4947/9905/451 4949/9906/451
f 4944/9904/451 4949/9906/451 4950/9907/451
f 4953/9908/2648 4950/9909/2648 4949/9910/2648 4954/9911/2649
f 4951/9912/499 4954/9913/499 4949/9902/499 4952/9903/499
f 4955/9914/499 4956/9915/499 4954/9913/499 4951/9912/499
f 4956/9916/2650 4958/9917/2650 4953/9918/2650 4954/9919/2650
f 4958/9920/2651 4956/9921/2652 4907/9922/2653 4962/9923/2651
f 4956/9921/2652 4957/9924/2654 4907/9922/2653
f 4957/9925/499 4956/9915/499 4955/9914/499 4994/9926/499
f 4958/9927/500 4960/9928/500 4959/9929/500 4953/9930/500
f 4958/9931/2655 4962/9932/2655 4961/9933/2655 4960/9934/2655
f 4962/9935/463 4963/9936/463 4961/9937/463
f 4962/9935/463 4965/9938/463 4964/9939/463 4963/9936/463
f 4962/9935/463 4907/9815/463 4915/9827/463 4965/9938/463
f 4966/9940/2656 4965/9941/2657 4915/9942/2657
f 4966/9943/2658 4969/9944/2659 4964/9945/2660 4965/9946/2661
f 4967/9947/1089 4936/9948/1089 4938/9949/1089 4966/9950/1089
f 4967/9951/2662 4966/9940/2656 4915/9942/2657 4922/9952/2662
f 4968/9953/2663 4969/9954/2663 4966/9950/2663 4938/9949/2663
f 4970/9955/2664 4972/9956/2665 4969/9957/446
f 4969/9954/446 4968/9953/446 4971/9958/2666 4970/9959/2664
f 4972/9956/2667 4963/9960/2667 4964/9961/2668 4969/9957/2669
f 4973/9962/2670 4963/9963/2671 4972/9964/2672 4974/9965/2672
f 4970/9955/2664 4974/9966/2673 4972/9956/2665
f 4974/9966/2674 4970/9955/2674 4975/9967/2674 4973/9968/2674
f 4973/9968/451 4975/9967/451 4977/9969/451 4978/9970/451
f 4976/9971/501 4975/9972/501 4970/9959/501 4971/9958/501
f 4978/9970/2675 4977/9969/2675 4979/9973/2675 4981/9974/2675
f 4980/9975/2676 4982/9976/2676 4981/9974/2676 4979/9973/2676
f 4959/9977/2677 4960/9978/2677 4981/9979/2677 4982/9980/2677
f 4981/9979/2677 4960/9978/2677 4961/9981/2678 4978/9982/2679
f 4983/9983/2680 4959/9977/2677 4982/9980/2677 4984/9984/2681
f 4980/9975/2682 4986/9985/2682 4984/9986/2682 4982/9976/2682
f 4985/9987/2683 4989/9988/2684 4983/9983/2680 4984/9984/2681
f 4986/9985/463 4976/9989/463 4985/9990/463 4984/9986/463
f 4987/9991/2672 4989/9988/2684 4985/9987/2683 4988/9992/2672
f 4976/9989/2685 4971/9993/2686 4988/9994/2687 4985/9990/2687
f 4950/9907/451 4983/9995/451 4989/9996/451
f 4950/9907/451 4989/9996/451 4990/9997/451 4939/9882/451
f 4990/9998/2688 4989/9999/2688 4987/10000/2688 4968/10001/2688
f 4938/10002/2689 4939/10003/2690 4990/10004/2691 4968/10005/2692
f 4971/9993/2666 4987/10000/2693 4988/9994/2694
f 4971/9993/2666 4968/10001/446 4987/10000/2693
f 4983/10006/2695 4950/10007/2695 4953/10008/2695 4959/10009/2695
f 4973/9962/2670 4978/9982/2679 4961/9981/2678 4963/9963/2671
f 4928/9857/499 4991/10010/499 4967/10011/499 4922/9858/499
f 4991/10010/499 4935/9874/499 4936/9873/499 4967/10011/499
f 4991/10012/2696 4928/9853/2696 4931/9856/2697 4992/10013/2698
f 4992/10013/2699 4993/9872/2699 4935/9871/2699 4991/10012/2699
f 4931/9864/499 4932/9863/499 4993/10014/499 4992/10015/499
f 4957/10016/463 4996/10017/463 4904/9816/463 4907/9815/463
f 4994/9926/499 4995/10018/499 4957/9925/499
f 4957/10016/463 4995/10019/463 4996/10017/463
f 4996/9811/2615 4995/10020/2700 4997/10021/2700 4905/9812/2616
f 4905/9805/463 4997/10022/463 4999/10023/463
f 4998/10024/499 4999/10025/499 4997/10026/499
f 4998/10024/499 4997/10026/499 4995/10018/499 4994/9926/499
f 4998/10024/499 4948/9900/499 5000/10027/499 4999/10025/499
f 5000/10028/500 5004/10029/500 5001/10030/500 4999/10031/500
f 4999/10023/463 5001/10032/463 5002/10033/463 4925/9848/463
f 4905/9805/463 4999/10023/463 4925/9848/463 4901/9806/463
f 5001/10034/499 5004/10035/499 5003/10036/499 5002/10037/499
f 4925/10038/446 5002/10039/446 5003/10040/446 4927/10041/446
f 4927/10041/451 5003/10040/451 5004/10029/451 5000/10028/451
f 5000/10027/499 4948/9900/499 4945/9899/499 4927/9851/499
f 4994/10042/2701 5006/10043/2701 5005/10044/2701 4998/10045/2701
f 5005/10044/2702 5007/10046/2702 4948/10047/2702 4998/10045/2702
f 5006/10048/499 5008/10049/499 5007/10050/499 5005/10051/499
f 4952/10052/2703 4948/10053/2703 5007/10054/2703 5008/10055/2703
f 5006/10048/499 5010/10056/499 5009/10057/499 5008/10049/499
f 4952/10052/2704 5008/10055/2704 5009/10058/2704 4951/10059/2704
f 4951/10059/2705 5009/10058/2705 5010/10060/2705 4955/10061/2705
f 4994/10042/2706 4955/10061/2706 5010/10060/2706 5006/10043/2706
f 4950/9907/451 4939/9882/451 4940/9881/451 4944/9904/451
f 4927/9851/499 4945/9899/499 4942/9883/499 4929/9852/499
f 4911/10062/463 4909/10063/463 4917/10064/463
f 4909/10063/463 4902/9804/463 4903/9803/463 4917/10064/463
f 4911/10062/463 4917/10064/463 4914/10065/463 4913/10066/463
f 5015/10067/2707 5011/10068/463 5012/10069/463 5016/10070/2708
f 5011/10068/463 5014/10071/463 5013/10072/463 5012/10069/463
f 5017/10073/2709 5015/10067/2707 5016/10070/2708 5018/10074/2709
f 5019/10075/500 5017/10076/500 5018/10077/500 5020/10078/500
f 5021/10079/500 5022/10080/500 5019/10075/500 5020/10078/500
f 5023/10081/2710 5024/10082/2710 5022/10083/2711 5021/10084/2711
f 5025/10085/451 5026/10086/451 5024/10082/2710 5023/10081/2710
f 5027/10087/451 5028/10088/451 5026/10086/451 5025/10085/451
f 5029/10089/2712 5028/10090/2712 5027/10091/2712 5030/10092/2712
f 5013/10093/2712 5014/10094/2712 5029/10089/2712 5030/10092/2712
f 5030/10092/2713 5033/10095/2713 5031/10096/2713 5013/10093/2713
f 5032/10097/2713 5033/10095/2713 5030/10092/2713 5027/10091/2713
f 5034/10098/2714 5031/10099/2715 5033/10100/2716
f 5034/10098/2714 5033/10100/2716 5035/10101/2717
f 5036/10102/2718 5035/10101/2717 5033/10100/2716
f 5036/10102/2718 5033/10100/2716 5032/10103/2715
f 5036/10102/2718 5039/10104/2719 5037/10105/2719 5035/10101/2717
f 5027/10087/451 5038/10106/451 5036/10107/451 5032/10108/451
f 5039/10109/2720 5036/10110/2720 5038/10111/2721 5040/10112/2722
f 5037/10113/451 5039/10114/451 5040/10115/451 5041/10116/451
f 5041/10116/451 5040/10115/451 5042/10117/451
f 5040/10112/2722 5038/10111/2721 5043/10118/2723 5042/10119/2724
f 5042/10119/2724 5043/10118/2723 5046/10120/2725 5047/10121/2725
f 5044/10122/451 5046/10123/451 5043/10124/451
f 5045/10125/451 5044/10122/451 5043/10124/451 5038/10106/451
f 5047/10121/2725 5046/10120/2725 5044/10126/2726 5048/10127/2727
f 5042/10117/451 5047/10128/451 5041/10116/451
f 5049/10129/451 5047/10128/451 5048/10130/451
f 5041/10116/451 5047/10128/451 5049/10129/451 5054/10131/451
f 5050/10132/2728 5054/10133/2729 5049/10134/2730
f 5049/10135/2731 5053/10136/2731 5051/10137/2731 5050/10138/2731
f 5049/10129/451 5048/10130/451 5052/10139/451
f 5052/10139/451 5082/10140/451 5053/10141/451 5049/10129/451
f 5050/10132/2728 5055/10142/2732 5054/10133/2729
f 5055/10143/2733 5057/10144/2733 5041/10145/2733 5054/10146/2733
f 5050/10132/2728 5080/10147/2734 5056/10148/2734 5055/10142/2732
f 5055/10143/500 5056/10149/500 5058/10150/500 5057/10144/500
f 5059/10151/500 5058/10150/500 5056/10149/500 5060/10152/500
f 5061/10153/2735 5059/10151/2735 5060/10152/2735 5062/10154/2735
f 5061/10155/463 5062/10156/463 5063/10157/463
f 5067/10158/463 5061/10155/463 5063/10157/463 5070/10159/463
f 5061/10155/463 5066/10160/463 5064/10161/463
f 5064/10161/463 5081/10162/463 5065/10163/463 5061/10155/463
f 5061/10155/463 5067/10158/463 5066/10160/463
f 5066/10164/2736 5067/10165/2737 5068/10166/2737 5073/10167/2738
f 5067/10165/2737 5070/10168/2739 5069/10169/2726 5068/10166/2737
f 5070/10168/2739 5071/10170/2740 5072/10171/2741 5069/10169/2726
f 5070/10159/463 5063/10157/463 5071/10172/463
f 5069/10173/463 5072/10174/463 5073/10175/463 5068/10176/463
f 5072/10174/463 5074/10177/463 5073/10175/463
f 5012/10069/463 5013/10072/463 5074/10177/463 5072/10174/463
f 5012/10178/446 5072/10171/2741 5071/10170/2740 5076/10179/446
f 5034/10180/463 5074/10177/463 5013/10072/463 5031/10181/463
f 5064/10182/2742 5074/10183/2743 5034/10184/2744 5081/10185/2744
f 5064/10182/2742 5066/10164/2736 5073/10167/2738 5074/10183/2743
f 5075/10186/463 5076/10187/463 5071/10172/463 5063/10157/463
f 5076/10188/2745 5075/10189/2746 5016/10190/2747 5012/10191/2745
f 5077/10192/2748 5075/10193/2748 5063/10194/2748 5078/10195/2748
f 5075/10189/2746 5018/10196/2749 5016/10190/2747
f 5075/10189/2746 5077/10197/2750 5018/10196/2749
f 5079/10198/500 5077/10192/500 5078/10195/500 5080/10199/500
f 5018/10196/2749 5077/10197/2750 5079/10200/499 5020/10201/499
f 5021/10202/2751 5020/10201/499 5079/10200/499 5051/10203/2752
f 5080/10199/500 5050/10138/500 5051/10137/500 5079/10198/500
f 5078/10204/2753 5060/10205/2754 5056/10148/2734 5080/10147/2734
f 5062/10206/2755 5078/10204/2753 5063/10207/2756
f 5062/10206/2755 5060/10205/2754 5078/10204/2753
f 5065/10208/2719 5081/10209/2719 5034/10098/2714 5035/10101/2717
f 5021/10202/2751 5051/10203/2752 5053/10210/2757
f 5021/10202/2751 5053/10210/2757 5023/10211/2758
f 5023/10211/2758 5053/10210/2757 5082/10212/2759 5025/10213/2759
f 5052/10214/2740 5045/10215/2741 5025/10216/446 5082/10217/446
f 5048/10127/2727 5044/10126/2726 5045/10215/2741 5052/10214/2740
f 5025/10085/451 5045/10125/451 5038/10106/451 5027/10087/451
f 5088/10218/463 5083/10219/463 5084/10220/463
f 5083/10221/2760 5089/10222/2761 5085/10223/2762 5084/10224/2763
f 5086/10225/2764 5089/10222/2761 5083/10221/2760 5087/10226/2765
f 5088/10218/463 5116/10227/463 5087/10228/463 5083/10219/463
f 5089/10222/2761 5092/10229/2766 5090/10230/2767 5085/10223/2762
f 5086/10225/2764 5119/10231/2768 5091/10232/2769 5089/10222/2761
f 5091/10233/2770 5182/10234/2770 5129/10235/2770 5089/10236/2770
f 5092/10237/2771 5089/10238/2771 5129/10239/2771 5131/10240/2771
f 5090/10241/2772 5092/10242/2772 5131/10243/2772 5132/10244/2772
f 5090/10245/2773 5132/10246/2773 5133/10247/2773 5085/10248/2773
f 5093/10249/2774 5085/10250/2774 5133/10251/2774 5135/10252/2774
f 5094/10253/2775 5093/10254/2775 5135/10255/2775 5137/10256/2775
f 5094/10257/2776 5137/10258/2776 5138/10259/2776 5096/10260/2776
f 5095/10261/2777 5096/10262/2777 5138/10263/2777 5140/10264/2777
f 5084/10224/2763 5085/10223/2762 5096/10265/2778 5097/10266/2779
f 5097/10266/2779 5096/10265/2778 5098/10267/2780
f 5096/10265/2778 5095/10268/2780 5099/10269/2780 5098/10267/2780
f 5085/10223/2762 5093/10270/2780 5094/10271/2781 5096/10265/2778
f 5095/10272/2782 5140/10273/2782 5145/10274/2782 5099/10275/2782
f 5146/10276/2783 5099/10277/2783 5145/10278/2783
f 5098/10279/2783 5099/10277/2783 5146/10276/2783 5100/10280/2783
f 5100/10281/2784 5146/10282/2784 5148/10283/2785 5088/10284/2785
f 5088/10284/2785 5148/10283/2785 5149/10285/2786 5101/10286/2787
f 5101/10286/2787 5149/10285/2786 5151/10287/2788 5102/10288/2788
f 5102/10288/2788 5151/10287/2788 5153/10289/2789 5103/10290/2789
f 5103/10290/2789 5153/10289/2789 5155/10291/2790 5104/10292/2790
f 5104/10292/2790 5155/10291/2790 5157/10293/2791 5106/10294/2792
f 5105/10295/499 5106/10296/2792 5157/10297/2791
f 5159/10298/499 5108/10299/499 5105/10295/499 5157/10297/2791
f 5104/10300/463 5106/10301/463 5105/10302/463 5109/10303/463
f 5107/10304/2793 5108/10305/2794 5159/10306/2794 5162/10307/2793
f 5108/10308/2795 5107/10309/2796 5109/10310/2797 5105/10311/2795
f 5110/10312/2798 5111/10313/2799 5109/10310/2797 5107/10309/2796
f 5104/10300/463 5109/10303/463 5111/10314/463
f 5110/10312/2798 5114/10315/2800 5112/10316/2800 5111/10313/2799
f 5104/10300/463 5111/10314/463 5112/10317/463
f 5113/10318/2801 5115/10319/2802 5112/10316/2800 5114/10315/2800
f 5104/10300/463 5112/10317/463 5115/10320/463
f 5113/10318/2801 5118/10321/2803 5116/10322/2804 5115/10319/2802
f 5088/10218/463 5115/10320/463 5116/10227/463
f 5104/10300/463 5115/10320/463 5088/10218/463 5101/10323/463
f 5086/10225/2764 5087/10226/2765 5116/10322/2804
f 5116/10322/2804 5118/10321/2803 5117/10324/2805 5086/10225/2764
f 5117/10325/2806 5118/10326/2807 5174/10327/2807 5178/10328/2806
f 5118/10326/2807 5113/10329/2808 5175/10330/2809 5174/10327/2807
f 5114/10331/2810 5176/10332/2810 5175/10330/2809 5113/10329/2808
f 5110/10333/2811 5177/10334/2811 5176/10332/2810 5114/10331/2810
f 5107/10304/2793 5162/10307/2793 5177/10334/2811 5110/10333/2811
f 5117/10335/2770 5178/10336/2770 5179/10337/2770 5086/10338/2770
f 5119/10339/2774 5086/10340/2774 5179/10341/2774 5181/10342/2774
f 5091/10343/2812 5119/10344/2812 5181/10345/2812 5182/10346/2812
f 5101/10323/463 5102/10347/463 5103/10348/463 5104/10300/463
f 5100/10349/463 5088/10218/463 5084/10220/463 5097/10350/463
f 5100/10349/463 5097/10350/463 5098/10351/463
f 5125/10352/451 5121/10353/451 5120/10354/451
f 5120/10355/2813 5121/10356/2814 5122/10357/2815 5126/10358/2816
f 5123/10359/2817 5124/10360/2818 5120/10355/2813 5126/10358/2816
f 5125/10352/451 5120/10354/451 5124/10361/451 5171/10362/451
f 5126/10358/2816 5122/10357/2815 5127/10363/2819 5130/10364/2820
f 5123/10359/2817 5126/10358/2816 5128/10365/2821 5180/10366/2822
f 5128/10367/2770 5126/10368/2770 5129/10369/2770 5182/10370/2770
f 5130/10371/2771 5131/10372/2771 5129/10373/2771 5126/10374/2771
f 5127/10375/2772 5132/10376/2772 5131/10377/2772 5130/10378/2772
f 5127/10379/2773 5122/10380/2773 5133/10381/2773 5132/10382/2773
f 5134/10383/2774 5135/10384/2774 5133/10385/2774 5122/10386/2774
f 5136/10387/2775 5137/10388/2775 5135/10389/2775 5134/10390/2775
f 5136/10391/2776 5141/10392/2776 5138/10393/2776 5137/10394/2776
f 5139/10395/2777 5140/10396/2777 5138/10397/2777 5141/10398/2777
f 5121/10356/2814 5142/10399/2823 5141/10400/2824 5122/10357/2815
f 5142/10399/2823 5143/10401/2825 5141/10400/2824
f 5141/10400/2824 5143/10401/2825 5144/10402/2825 5139/10403/2825
f 5122/10357/2815 5141/10400/2824 5136/10404/2826 5134/10405/2825
f 5139/10406/2782 5144/10407/2782 5145/10408/2782 5140/10409/2782
f 5146/10410/2783 5145/10411/2783 5144/10412/2783
f 5143/10413/2783 5147/10414/2783 5146/10410/2783 5144/10412/2783
f 5147/10415/2784 5125/10416/2785 5148/10417/2785 5146/10418/2784
f 5125/10416/2785 5150/10419/2786 5149/10420/2786 5148/10417/2785
f 5150/10419/2786 5152/10421/2788 5151/10422/2788 5149/10420/2786
f 5152/10421/2788 5154/10423/2789 5153/10424/2789 5151/10422/2788
f 5154/10423/2789 5156/10425/2790 5155/10426/2790 5153/10424/2789
f 5156/10425/2790 5160/10427/2827 5157/10428/2791 5155/10426/2790
f 5158/10429/499 5157/10430/2791 5160/10431/2827
f 5159/10432/499 5157/10430/2791 5158/10429/499 5163/10433/499
f 5158/10434/451 5160/10435/451 5156/10436/451 5164/10437/451
f 5161/10438/2793 5162/10439/2793 5159/10440/2794 5163/10441/2794
f 5163/10442/2828 5158/10443/2828 5164/10444/2829 5161/10445/2830
f 5165/10446/2831 5161/10445/2830 5164/10444/2829 5166/10447/2832
f 5164/10437/451 5156/10436/451 5166/10448/451
f 5165/10446/2831 5166/10447/2832 5167/10449/2833 5169/10450/2833
f 5166/10448/451 5156/10436/451 5167/10451/451
f 5168/10452/2834 5169/10450/2833 5167/10449/2833 5170/10453/2835
f 5167/10451/451 5156/10436/451 5170/10454/451
f 5168/10452/2834 5170/10453/2835 5171/10455/2836 5173/10456/2837
f 5125/10352/451 5171/10362/451 5170/10454/451
f 5156/10436/451 5150/10457/451 5125/10352/451 5170/10454/451
f 5123/10359/2817 5171/10455/2836 5124/10360/2818
f 5171/10455/2836 5123/10359/2817 5172/10458/2838 5173/10456/2837
f 5172/10459/2806 5178/10460/2806 5174/10461/2807 5173/10462/2807
f 5173/10462/2807 5174/10461/2807 5175/10463/2809 5168/10464/2809
f 5169/10465/2810 5168/10464/2809 5175/10463/2809 5176/10466/2810
f 5165/10467/2811 5169/10465/2810 5176/10466/2810 5177/10468/2811
f 5161/10438/2793 5165/10467/2811 5177/10468/2811 5162/10439/2793
f 5172/10469/2770 5123/10470/2770 5179/10471/2770 5178/10472/2770
f 5180/10473/2774 5181/10474/2774 5179/10475/2774 5123/10476/2774
f 5128/10477/2812 5182/10478/2812 5181/10479/2812 5180/10480/2812
f 5150/10457/451 5156/10436/451 5154/10481/451 5152/10482/451
f 5121/10353/451 5125/10352/451 5147/10483/451 5142/10484/451
f 5142/10484/451 5147/10483/451 5143/10485/451
f 5187/10486/2839 5183/10487/2840 5184/10488/2841 5203/10489/2842
f 5183/10490/2843 5188/10491/2844 5185/10492/2845 5184/10493/2846
f 5186/10494/2847 5188/10495/2848 5183/10496/2849 5187/10497/2850
f 5189/10498/451 5185/10499/451 5188/10500/451 5186/10501/451
f 5190/10502/2851 5185/10503/2852 5189/10504/2853 5191/10505/2854
f 5191/10505/2854 5189/10504/2853 5192/10506/2855 5194/10507/2855
f 5192/10508/451 5189/10498/451 5186/10501/451 5193/10509/451
f 5195/10510/451 5192/10508/451 5193/10509/451 5196/10511/451
f 5194/10507/2855 5192/10506/2855 5195/10512/2856 5197/10513/2856
f 5197/10514/2857 5195/10515/2857 5196/10516/2857 5200/10517/2857
f 5201/10518/2858 5194/10519/2858 5197/10520/2859 5198/10521/2860
f 5197/10520/2859 5200/10522/2861 5199/10523/2862 5198/10521/2860
f 5201/10518/2858 5202/10524/2863 5191/10525/2863 5194/10519/2858
f 5201/10526/2864 5204/10527/2865 5203/10528/2866 5202/10529/2866
f 5198/10530/2867 5208/10531/2868 5204/10527/2865 5201/10526/2864
f 5204/10532/2869 5205/10533/2870 5187/10534/2871 5203/10535/2871
f 5204/10532/2869 5206/10536/2872 5205/10533/2870
f 5204/10532/2869 5210/10537/2873 5207/10538/463 5206/10536/2872
f 5208/10539/2874 5219/10540/2875 5209/10541/2876 5204/10532/2869
f 5204/10532/2869 5209/10541/2876 5210/10537/2873
f 5199/10542/2877 5207/10543/2878 5210/10544/2879 5211/10545/2879
f 5211/10545/2879 5210/10544/2879 5209/10546/2880 5212/10547/2881
f 5198/10548/2882 5199/10549/2882 5211/10550/2882 5213/10551/2882
f 5213/10552/2883 5211/10553/2884 5212/10554/2885
f 5198/10530/2867 5213/10555/2886 5214/10556/2886 5216/10557/2887
f 5214/10558/2888 5213/10552/2883 5212/10554/2885 5215/10559/2888
f 5214/10560/2889 5215/10561/2889 5217/10562/2889 5216/10563/2889
f 5216/10564/2888 5217/10565/2888 5218/10566/2888 5221/10567/2888
f 5209/10546/2880 5219/10568/2890 5218/10569/2891 5217/10570/2891
f 5215/10571/2891 5212/10547/2881 5209/10546/2880 5217/10570/2891
f 5219/10568/2890 5224/10572/2892 5220/10573/2891 5218/10569/2891
f 5221/10574/2893 5218/10575/2893 5220/10576/2894 5222/10577/2893
f 5216/10557/2887 5221/10578/2895 5208/10531/2868 5198/10530/2867
f 5208/10531/2868 5221/10578/2895 5222/10579/2896 5223/10580/2896
f 5224/10581/2897 5226/10582/2898 5223/10583/2898 5222/10584/2897
f 5222/10584/2897 5220/10585/2888 5224/10581/2897
f 5225/10586/2899 5226/10587/2899 5224/10572/2892 5219/10568/2890
f 5227/10588/2899 5229/10589/2899 5226/10587/2899 5225/10586/2899
f 5226/10582/2900 5229/10590/2900 5228/10591/2900 5223/10583/2900
f 5228/10592/2901 5229/10593/2901 5227/10594/2901 5230/10595/2901
f 5223/10596/2902 5228/10597/2902 5230/10598/2902 5208/10599/2902
f 5230/10600/2903 5227/10601/2903 5225/10602/2903 5208/10539/2903
f 5208/10539/2874 5225/10602/2904 5219/10540/2875
f 5207/10543/2878 5196/10603/2905 5206/10604/2906
f 5199/10542/2877 5200/10605/2907 5196/10603/2905 5207/10543/2878
f 5206/10604/2906 5196/10603/2905 5193/10606/2908 5205/10607/2909
f 5205/10607/2909 5193/10606/2908 5186/10494/2847 5187/10497/2850
f 5202/10529/2866 5203/10528/2866 5184/10608/2910 5231/10609/2910
f 5202/10610/2911 5231/10611/2912 5190/10612/2913 5191/10613/2914
f 5231/10614/2915 5184/10493/2846 5185/10492/2845 5190/10615/2915
f 5232/10616/446 5236/10617/446 5234/10618/446 5233/10619/446
f 5235/10620/2916 5238/10621/2917 5236/10622/2918 5232/10623/2918
f 5236/10624/463 5238/10625/463 5237/10626/463 5234/10627/463
f 5238/10625/463 5240/10628/463 5239/10629/463 5237/10626/463
f 5235/10620/2916 5244/10630/2919 5240/10631/2919 5238/10621/2917
f 5240/10628/463 5242/10632/463 5241/10633/463 5239/10629/463
f 5240/10631/2919 5244/10630/2919 5243/10634/2920 5242/10635/2920
f 5243/10634/2920 5246/10636/2921 5245/10637/2921 5242/10635/2920
f 5245/10637/2921 5246/10636/2921 5247/10638/2922 5249/10639/2922
f 5241/10640/2923 5249/10639/2922 5247/10638/2922 5248/10641/2923
f 5242/10632/463 5245/10642/463 5249/10643/463 5241/10633/463
f 5239/10644/2924 5241/10640/2923 5248/10641/2923 5250/10645/2924
f 5237/10646/2925 5239/10644/2924 5250/10645/2924 5251/10647/2925
f 5237/10646/2925 5251/10647/2925 5233/10648/2926 5234/10649/2926
f 5252/10650/446 5253/10651/446 5254/10652/446 5256/10653/446
f 5255/10654/2917 5252/10655/2918 5256/10656/2918 5258/10657/2916
f 5256/10658/451 5254/10659/451 5257/10660/451 5258/10661/451
f 5258/10661/451 5257/10660/451 5259/10662/451 5260/10663/451
f 5255/10654/2917 5258/10657/2916 5260/10664/2919 5264/10665/2919
f 5260/10663/451 5259/10662/451 5261/10666/451 5262/10667/451
f 5260/10664/2919 5262/10668/2920 5263/10669/2920 5264/10665/2919
f 5263/10669/2920 5262/10668/2920 5265/10670/2921 5266/10671/2921
f 5265/10670/2921 5269/10672/2922 5267/10673/2922 5266/10671/2921
f 5261/10674/2923 5268/10675/2923 5267/10673/2922 5269/10672/2922
f 5262/10667/451 5261/10666/451 5269/10676/451 5265/10677/451
f 5259/10678/2924 5270/10679/2924 5268/10675/2923 5261/10674/2923
f 5257/10680/2925 5271/10681/2927 5270/10679/2924 5259/10678/2924
f 5257/10680/2925 5254/10682/2926 5253/10683/2926 5271/10681/2927
f 5280/10684/902 5272/10685/2928 5273/10686/500 5296/10687/902
f 5272/10685/2928 5274/10688/2929 5273/10686/500
f 5279/10689/903 5274/10688/2929 5272/10685/2928 5278/10690/2930
f 5280/10691/463 5275/10692/463 5272/10693/463
f 5275/10692/463 5292/10694/463 5276/10695/463 5272/10693/463
f 5281/10696/463 5277/10697/463 5272/10693/463 5276/10695/463
f 5277/10698/499 5305/10699/499 5278/10700/499 5272/10701/499
f 5276/10702/501 5290/10703/501 5282/10704/501 5281/10705/501
f 5281/10705/446 5282/10704/446 5287/10706/446
f 5281/10705/446 5287/10706/446 5285/10707/446 5283/10708/446
f 5283/10709/463 5284/10710/463 5281/10696/463
f 5281/10696/463 5284/10710/463 5286/10711/463 5277/10697/463
f 5288/10712/2931 5285/10713/2932 5287/10714/2933
f 5288/10712/2931 5287/10714/2933 5289/10715/2934
f 5289/10715/463 5287/10714/463 5282/10716/463 5290/10717/463
f 5276/10702/500 5292/10718/500 5291/10719/500 5289/10720/500
f 5276/10702/500 5289/10720/500 5290/10703/500
f 5291/10721/2935 5288/10712/2931 5289/10715/2934
f 5292/10722/2936 5288/10723/2937 5291/10724/2938
f 5293/10725/2939 5288/10723/2937 5292/10722/2936 5294/10726/2484
f 5292/10722/2936 5275/10727/2940 5295/10728/2940 5294/10726/2484
f 5275/10727/2940 5280/10729/902 5296/10730/902 5295/10728/2940
f 5297/10731/2486 5283/10732/2941 5293/10725/2939
f 5283/10732/2941 5285/10733/2942 5288/10723/2937 5293/10725/2939
f 5284/10734/921 5283/10732/2941 5297/10731/2486 5298/10735/921
f 5286/10736/947 5284/10734/921 5298/10735/921 5299/10737/947
f 5277/10738/2943 5286/10736/947 5299/10737/947 5300/10739/446
f 5301/10740/2944 5277/10738/2943 5300/10739/446
f 5277/10738/2943 5301/10740/2944 5304/10741/2945 5305/10742/2946
f 5302/10743/2947 5304/10741/2945 5301/10740/2944 5303/10744/2947
f 5305/10745/463 5304/10746/463 5306/10747/463 5307/10748/463
f 5306/10747/463 5304/10746/463 5302/10749/463
f 5306/10750/2948 5302/10743/2947 5303/10744/2947 5308/10751/2948
f 5307/10752/501 5306/10750/2948 5308/10751/2948 5309/10753/501
f 5310/10754/916 5307/10752/501 5309/10753/501 5311/10755/916
f 5312/10756/1120 5313/10757/1120 5310/10754/916 5311/10755/916
f 5279/10689/903 5313/10757/1120 5312/10756/1120 5274/10688/2929
f 5279/10758/463 5278/10759/463 5310/10760/463 5313/10761/463
f 5307/10748/463 5310/10760/463 5278/10759/463 5305/10745/463
f 5321/10762/463 5322/10763/463 5327/10764/463 5326/10765/463
f 5321/10766/2949 5325/10767/2950 5323/10768/2951 5322/10769/2952
f 5324/10770/463 5321/10762/463 5326/10765/463 5400/10771/463
f 5324/10772/2953 5407/10773/2954 5325/10767/2950 5321/10766/2949
f 5331/10774/2955 5327/10775/2955 5328/10776/2956 5334/10777/2956
f 5327/10764/463 5322/10763/463 5329/10778/463 5328/10779/463
f 5327/10775/2955 5331/10774/2955 5330/10780/2957 5326/10781/2958
f 5330/10782/463 5331/10783/463 5332/10784/463 5354/10785/463
f 5333/10786/463 5332/10784/463 5331/10783/463 5334/10787/463
f 5333/10786/463 5334/10787/463 5335/10788/463
f 5336/10789/2959 5335/10790/2960 5334/10791/2961
f 5329/10792/2962 5334/10791/2961 5328/10793/2963
f 5337/10794/2964 5334/10791/2961 5329/10792/2962 5338/10795/2965
f 5336/10789/2959 5334/10791/2961 5337/10794/2964
f 5337/10794/2964 5338/10795/2965 5432/10796/2966
f 5337/10794/2964 5432/10796/2966 5433/10797/2967
f 5337/10798/2968 5433/10799/2968 5435/10800/2968 5339/10801/2968
f 5340/10802/451 5337/10803/451 5339/10804/451 5364/10805/451
f 5336/10789/2959 5337/10794/2964 5342/10806/2969
f 5340/10802/451 5341/10807/451 5337/10803/451
f 5342/10806/2969 5337/10794/2964 5341/10808/2970 5344/10809/2970
f 5345/10810/463 5342/10811/463 5343/10812/463 5381/10813/463
f 5342/10814/463 5344/10815/463 5343/10816/463
f 5345/10817/2971 5347/10818/2972 5346/10819/2973 5342/10820/2973
f 5336/10789/2959 5342/10806/2969 5346/10821/2974
f 5347/10822/463 5336/10823/463 5346/10824/463
f 5350/10825/463 5347/10822/463 5348/10826/463
f 5347/10818/2972 5345/10817/2971 5349/10827/2975 5348/10828/2975
f 5347/10822/463 5350/10825/463 5351/10829/463 5336/10823/463
f 5351/10830/2976 5333/10831/2977 5335/10832/2978 5336/10833/2978
f 5333/10831/2977 5351/10830/2976 5350/10834/2979 5332/10835/2980
f 5352/10836/463 5350/10825/463 5348/10826/463 5353/10837/463
f 5332/10835/2980 5350/10834/2979 5352/10838/2981 5354/10839/2981
f 5355/10840/463 5352/10836/463 5353/10837/463 5357/10841/463
f 5354/10839/2981 5352/10838/2981 5355/10842/2982 5358/10843/2983
f 5355/10840/463 5357/10841/463 5356/10844/463 5360/10845/463
f 5355/10842/2982 5360/10846/2984 5359/10847/2985 5358/10843/2983
f 5359/10847/2985 5360/10846/2984 5361/10848/2986 5369/10849/2987
f 5360/10845/463 5356/10844/463 5362/10850/463 5361/10851/463
f 5356/10852/2988 5394/10853/2989 5363/10854/2990 5362/10855/2991
f 5362/10856/2992 5363/10857/2993 5364/10858/2994 5361/10859/2994
f 5370/10860/2995 5364/10861/2996 5365/10862/2997 5396/10863/2998
f 5365/10864/451 5364/10805/451 5339/10804/451 5408/10865/451
f 5340/10866/2994 5364/10858/2994 5366/10867/2999 5388/10868/2994
f 5367/10869/2999 5366/10867/2999 5364/10858/2994 5371/10870/2999
f 5361/10859/2994 5364/10858/2994 5369/10871/3000
f 5364/10858/2994 5363/10857/2993 5368/10872/2999 5371/10870/2999
f 5364/10861/2996 5370/10860/2995 5369/10873/3001
f 5372/10874/3002 5373/10875/3003 5371/10876/3004 5368/10877/3005
f 5373/10878/463 5375/10879/463 5367/10880/463 5371/10881/463
f 5374/10882/3006 5377/10883/3007 5373/10875/3003 5372/10874/3002
f 5373/10878/463 5377/10884/463 5376/10885/463 5375/10879/463
f 5378/10886/3008 5380/10887/3008 5377/10883/3007 5374/10882/3006
f 5377/10884/463 5380/10888/463 5379/10889/463 5376/10885/463
f 5381/10890/3009 5383/10891/3010 5380/10887/3008 5378/10886/3008
f 5380/10888/463 5383/10892/463 5382/10893/463 5379/10889/463
f 5383/10892/463 5385/10894/463 5384/10895/463 5382/10893/463
f 5383/10891/3010 5343/10896/3011 5385/10897/3012
f 5383/10891/3010 5381/10890/3009 5343/10896/3011
f 5341/10898/2993 5385/10899/2993 5343/10816/3013 5344/10815/3013
f 5384/10900/3014 5385/10899/2993 5341/10898/2993 5387/10901/3015
f 5386/10902/3016 5382/10903/3017 5384/10904/3018
f 5386/10902/3016 5384/10904/3018 5387/10905/3019
f 5340/10866/2994 5388/10868/2994 5387/10901/3015 5341/10898/2993
f 5388/10906/463 5386/10907/463 5387/10908/463
f 5388/10906/463 5390/10909/463 5389/10910/463 5386/10907/463
f 5391/10911/463 5390/10909/463 5388/10906/463 5366/10912/463
f 5376/10913/3020 5390/10914/3021 5391/10915/3022 5375/10916/3023
f 5375/10916/3023 5391/10915/3022 5366/10917/3024
f 5379/10918/3025 5389/10919/3025 5390/10914/3021 5376/10913/3020
f 5382/10903/3017 5386/10902/3016 5389/10919/3025 5379/10918/3025
f 5349/10920/463 5345/10810/463 5381/10813/463 5378/10921/463
f 5392/10922/463 5349/10920/463 5378/10921/463 5374/10923/463
f 5348/10828/2975 5349/10827/2975 5392/10924/3026 5353/10925/3027
f 5353/10925/3027 5392/10924/3026 5393/10926/3028 5357/10927/3029
f 5393/10928/463 5392/10922/463 5374/10923/463 5372/10929/463
f 5393/10926/3028 5394/10853/2989 5356/10852/2988 5357/10927/3029
f 5393/10928/463 5372/10929/463 5394/10930/463
f 5394/10930/463 5372/10929/463 5368/10931/463 5363/10932/463
f 5375/10916/3023 5366/10917/3024 5367/10933/3030
f 5370/10934/463 5397/10935/463 5359/10936/463 5369/10937/463
f 5397/10938/3031 5370/10939/3032 5395/10940/3032 5398/10941/3031
f 5370/10860/2995 5396/10863/2998 5395/10942/3033
f 5399/10943/3034 5397/10938/3031 5398/10941/3031 5400/10944/3035
f 5359/10936/463 5397/10935/463 5399/10945/463 5358/10946/463
f 5326/10781/2958 5330/10780/2957 5399/10943/3034 5400/10944/3035
f 5354/10785/463 5358/10946/463 5399/10945/463 5330/10782/463
f 5398/10947/463 5401/10948/463 5324/10770/463 5400/10771/463
f 5396/10949/463 5401/10948/463 5398/10947/463 5395/10950/463
f 5324/10772/2953 5401/10951/3036 5402/10952/3037 5407/10773/2954
f 5401/10951/3036 5396/10953/3038 5403/10954/3038 5402/10952/3037
f 5402/10955/463 5403/10956/463 5404/10957/463
f 5404/10958/3039 5403/10959/3040 5396/10863/2998 5365/10862/2997
f 5407/10960/463 5404/10957/463 5405/10961/463 5325/10962/463
f 5404/10957/463 5406/10963/463 5405/10961/463
f 5408/10964/3041 5432/10965/3042 5406/10966/3041 5404/10967/3043
f 5402/10955/463 5404/10957/463 5407/10960/463
f 5404/10967/3043 5365/10968/3043 5408/10964/3041
f 5339/10801/3044 5435/10800/3044 5505/10969/3044 5408/10970/3044
f 5408/10964/3041 5505/10971/3042 5432/10965/3042
f 5406/10972/3045 5409/10973/3045 5411/10974/3045 5405/10975/3045
f 5406/10966/3041 5432/10965/3042 5410/10976/3046 5409/10977/3046
f 5405/10978/3047 5411/10979/3047 5412/10980/3047 5338/10981/3047
f 5411/10982/463 5409/10983/463 5410/10984/463 5412/10985/463
f 5338/10795/2965 5412/10986/3048 5410/10987/3048 5432/10796/2966
f 5323/10988/463 5325/10962/463 5405/10961/463 5338/10989/463
f 5323/10988/463 5338/10989/463 5413/10990/463
f 5329/10792/2962 5413/10991/3049 5338/10795/2965
f 5322/10769/2952 5323/10768/2951 5413/10992/3050 5329/10993/3050
f 5414/10994/451 5419/10995/451 5420/10996/451 5415/10997/451
f 5414/10998/3051 5415/10999/3052 5416/11000/3053 5418/11001/3054
f 5417/11002/451 5496/11003/451 5419/10995/451 5414/10994/451
f 5417/11004/3055 5414/10998/3051 5418/11001/3054 5503/11005/3056
f 5424/11006/3057 5427/11007/3058 5421/11008/3058 5420/11009/3057
f 5420/10996/451 5421/11010/451 5422/11011/451 5415/10997/451
f 5420/11009/3057 5419/11012/3059 5423/11013/3060 5424/11006/3057
f 5423/11014/451 5450/11015/451 5425/11016/451 5424/11017/451
f 5426/11018/451 5427/11019/451 5424/11017/451 5425/11016/451
f 5426/11018/451 5428/11020/451 5427/11019/451
f 5429/11021/3061 5427/11022/3062 5428/11023/3063
f 5422/11024/3064 5421/11025/3065 5427/11022/3062
f 5430/11026/3066 5431/11027/3067 5422/11024/3064 5427/11022/3062
f 5429/11021/3061 5430/11026/3066 5427/11022/3062
f 5430/11026/3066 5432/11028/2966 5431/11027/3067
f 5430/11026/3066 5433/11029/2967 5432/11028/2966
f 5430/11030/2968 5434/11031/2968 5435/11032/2968 5433/11033/2968
f 5434/11034/463 5430/11035/463 5436/11036/463 5460/11037/463
f 5429/11021/3061 5438/11038/3068 5430/11026/3066
f 5436/11036/463 5430/11035/463 5437/11039/463
f 5438/11038/3068 5440/11040/3069 5437/11041/3069 5430/11026/3066
f 5441/11042/451 5477/11043/451 5439/11044/451 5438/11045/451
f 5438/11046/451 5439/11047/451 5440/11048/451
f 5441/11049/3070 5438/11050/3071 5442/11051/3071 5443/11052/3072
f 5429/11021/3061 5442/11053/3073 5438/11038/3068
f 5443/11054/451 5442/11055/451 5429/11056/451
f 5446/11057/451 5444/11058/451 5443/11054/451
f 5443/11052/3072 5444/11059/3074 5445/11060/3074 5441/11049/3070
f 5443/11054/451 5429/11056/451 5447/11061/451 5446/11057/451
f 5447/11062/3075 5429/11063/3076 5428/11064/3076 5426/11065/3077
f 5426/11065/3077 5425/11066/3078 5446/11067/3079 5447/11062/3075
f 5448/11068/451 5449/11069/451 5444/11058/451 5446/11057/451
f 5425/11066/3078 5450/11070/3080 5448/11071/3080 5446/11067/3079
f 5451/11072/451 5453/11073/451 5449/11069/451 5448/11068/451
f 5450/11070/3080 5454/11074/3081 5451/11075/3081 5448/11071/3080
f 5451/11072/451 5456/11076/451 5452/11077/451 5453/11073/451
f 5451/11075/3081 5454/11074/3081 5455/11078/3082 5456/11079/3083
f 5455/11078/3082 5465/11080/3084 5457/11081/3085 5456/11079/3083
f 5456/11076/451 5457/11082/451 5458/11083/451 5452/11077/451
f 5452/11084/3086 5458/11085/3087 5459/11086/3088 5490/11087/3089
f 5460/11088/2994 5459/11089/2993 5458/11090/3090 5457/11091/2994
f 5466/11092/3091 5492/11093/3092 5461/11094/3093 5460/11095/3094
f 5461/11096/463 5504/11097/463 5434/11034/463 5460/11037/463
f 5436/11098/2994 5484/11099/2994 5462/11100/3015 5460/11088/2994
f 5463/11101/3015 5467/11102/3015 5460/11088/2994 5462/11100/3015
f 5457/11091/2994 5465/11103/3000 5460/11088/2994
f 5460/11088/2994 5467/11102/3015 5464/11104/3015 5459/11089/2993
f 5460/11095/3094 5465/11105/3001 5466/11092/3091
f 5468/11106/3095 5464/11107/3096 5467/11108/3097 5469/11109/3098
f 5469/11110/451 5467/11111/451 5463/11112/451 5471/11113/451
f 5470/11114/3099 5468/11106/3095 5469/11109/3098 5473/11115/3100
f 5469/11110/451 5471/11113/451 5472/11116/451 5473/11117/451
f 5474/11118/3101 5470/11114/3099 5473/11115/3100 5476/11119/3101
f 5473/11117/451 5472/11116/451 5475/11120/451 5476/11121/451
f 5477/11122/3102 5474/11118/3101 5476/11119/3101 5479/11123/3103
f 5476/11121/451 5475/11120/451 5478/11124/451 5479/11125/451
f 5479/11125/451 5478/11124/451 5480/11126/451 5481/11127/451
f 5479/11123/3103 5481/11128/3104 5439/11129/3105
f 5479/11123/3103 5439/11129/3105 5477/11122/3102
f 5437/11130/2993 5440/11048/3106 5439/11047/3106 5481/11131/2993
f 5480/11132/3107 5483/11133/2999 5437/11130/2993 5481/11131/2993
f 5482/11134/3108 5480/11135/3109 5478/11136/3110
f 5482/11134/3108 5483/11137/3111 5480/11135/3109
f 5436/11098/2994 5437/11130/2993 5483/11133/2999 5484/11099/2994
f 5484/11138/451 5483/11139/451 5482/11140/451
f 5484/11138/451 5482/11140/451 5485/11141/451 5486/11142/451
f 5484/11138/451 5486/11142/451 5487/11143/451 5462/11144/451
f 5472/11145/3112 5471/11146/3113 5487/11147/3114 5486/11148/3115
f 5471/11146/3113 5462/11149/3116 5487/11147/3114
f 5475/11150/3117 5472/11145/3112 5486/11148/3115 5485/11151/3117
f 5478/11136/3110 5475/11150/3117 5485/11151/3117 5482/11134/3108
f 5445/11152/451 5474/11153/451 5477/11043/451 5441/11042/451
f 5488/11154/451 5470/11155/451 5474/11153/451 5445/11152/451
f 5444/11059/3074 5449/11156/3118 5488/11157/3119 5445/11060/3074
f 5449/11156/3118 5453/11158/3120 5489/11159/3121 5488/11157/3119
f 5489/11160/451 5468/11161/451 5470/11155/451 5488/11154/451
f 5489/11159/3121 5453/11158/3120 5452/11084/3086 5490/11087/3089
f 5489/11160/451 5490/11162/451 5468/11161/451
f 5490/11162/451 5459/11163/451 5464/11164/451 5468/11161/451
f 5471/11146/3113 5463/11165/3122 5462/11149/3116
f 5466/11166/451 5465/11167/451 5455/11168/451 5493/11169/451
f 5493/11170/3123 5494/11171/3123 5491/11172/3124 5466/11173/3124
f 5466/11092/3091 5491/11174/3125 5492/11093/3092
f 5495/11175/3126 5496/11176/3127 5494/11171/3123 5493/11170/3123
f 5455/11168/451 5454/11177/451 5495/11178/451 5493/11169/451
f 5419/11012/3059 5496/11176/3127 5495/11175/3126 5423/11013/3060
f 5495/11178/451 5454/11177/451 5450/11015/451 5423/11014/451
f 5494/11179/451 5496/11003/451 5417/11002/451 5497/11180/451
f 5492/11181/451 5491/11182/451 5494/11179/451 5497/11180/451
f 5417/11004/3055 5503/11005/3056 5498/11183/3128 5497/11184/3129
f 5497/11184/3129 5498/11183/3128 5499/11185/3130 5492/11186/3130
f 5500/11187/451 5499/11188/451 5498/11189/451
f 5500/11190/3131 5461/11094/3093 5492/11093/3092 5499/11191/3132
f 5503/11192/451 5418/11193/451 5501/11194/451 5500/11187/451
f 5500/11187/451 5501/11194/451 5502/11195/451
f 5504/11196/3133 5500/11197/3134 5502/11198/3133 5432/11199/3042
f 5500/11187/451 5498/11189/451 5503/11192/451
f 5500/11197/3134 5504/11196/3133 5461/11200/3134
f 5434/11031/3044 5504/11201/3044 5505/11202/3044 5435/11032/3044
f 5432/11199/3042 5505/11203/3042 5504/11196/3133
f 5502/11204/3045 5501/11205/3045 5508/11206/3045 5506/11207/3045
f 5502/11198/3133 5506/11208/3135 5507/11209/3135 5432/11199/3042
f 5501/11210/3047 5431/11211/3047 5509/11212/3047 5508/11213/3047
f 5508/11214/451 5509/11215/451 5507/11216/451 5506/11217/451
f 5431/11027/3067 5432/11028/2966 5507/11218/3136 5509/11219/3136
f 5416/11220/451 5431/11221/451 5501/11194/451 5418/11193/451
f 5431/11221/451 5416/11220/451 5510/11222/451
f 5422/11024/3064 5431/11027/3067 5510/11223/3137
f 5415/10999/3052 5422/11224/3138 5510/11225/3138 5416/11000/3053
f 5512/4180/1103 5517/4181/3139 5513/4182/3140
f 5511/4696/3141 5518/4695/3142 5519/4697/1218
f 5512/4180/1103 5511/4696/3141 5519/4697/1218 5517/4181/3139
f 5515/5237/1324 5516/5238/3140 5517/5239/3139
f 5514/5752/3143 5519/5754/1218 5518/5753/3142
f 5515/5237/1324 5517/5239/3139 5519/5754/1218 5514/5752/3143
f 5520/5786/1405 5521/5787/1405 5523/5788/1405
f 5520/5786/1405 5522/5789/1405 5521/5787/1405
f 5520/5786/1405 5527/5790/1405 5522/5789/1405
f 5520/5786/1405 5523/5788/1405 5524/5791/1405
f 5520/5786/1405 5524/5791/1405 5525/5792/1405
f 5520/5786/1405 5525/5792/1405 5526/5793/1405
f 5520/5786/1405 5526/5793/1405 5531/5794/1405
f 5520/5786/1405 5528/5795/1405 5527/5790/1405
f 5529/5796/499 5528/5797/499 5520/5798/499
f 5529/5796/499 5520/5798/499 5530/5799/499
f 5520/5800/500 5534/5801/500 5533/5802/500 5530/5803/500
f 5520/5786/1405 5531/5794/1405 5532/5804/1405
f 5520/5786/1405 5532/5804/1405 5535/5805/1405
f 5534/5806/1405 5520/5786/1405 5535/5805/1405 5536/5807/1405
f 5535/5808/1406 5539/5809/1406 5537/5810/1406 5536/5811/1406
f 5538/5812/463 5535/5813/463 5532/5814/463 5635/5815/463
f 5538/5812/499 5541/5816/499 5539/5817/499 5535/5813/499
f 5539/5818/463 5541/5819/463 5540/5820/463 5537/5821/463
f 5540/5822/446 5541/5823/446 5538/5824/1407 5542/5825/1408
f 5542/5826/501 5536/5827/501 5537/5828/501 5540/5829/501
f 5544/5830/1409 5542/5825/1408 5538/5824/1407 5545/5831/1408
f 5543/5832/1408 5542/5825/1408 5544/5830/1409 5547/5833/1409
f 5543/5834/463 5715/5835/463 5536/5827/463 5542/5826/463
f 5545/5836/463 5546/5837/463 5544/5838/463
f 5546/5837/463 5551/5839/463 5547/5840/463 5544/5838/463
f 5550/5841/1408 5543/5832/1408 5547/5833/1409 5548/5842/1409
f 5547/5840/463 5551/5839/463 5549/5843/463 5548/5844/463
f 5546/5845/500 5567/5846/500 5552/5847/500 5551/5848/500
f 5551/5848/500 5552/5847/500 5553/5849/500 5549/5850/500
f 5555/5851/500 5549/5850/500 5553/5849/500 5556/5852/500
f 5552/5847/500 5564/5853/500 5554/5854/500 5553/5849/500
f 5558/5855/501 5559/5856/501 5553/5857/501 5554/5858/501
f 5553/5857/463 5559/5856/463 5557/5859/463 5556/5860/463
f 5560/5861/1410 5557/5862/1410 5559/5863/1410
f 5560/5861/1410 5559/5863/1410 5561/5864/1410
f 5558/5865/1411 5563/5866/1411 5561/5867/1411 5559/5868/1411
f 5560/5861/1410 5561/5864/1410 5562/5869/1410
f 5562/5870/463 5561/5871/463 5552/5872/463 5567/5873/463
f 5552/5872/499 5561/5871/499 5563/5874/499 5564/5875/499
f 5554/5876/463 5564/5877/463 5563/5878/463 5558/5879/463
f 5565/5880/501 5562/5870/501 5567/5873/501 5569/5881/501
f 5565/5882/1411 5570/5883/1411 5566/5884/1411 5562/5885/1411
f 5560/5861/1410 5562/5869/1410 5566/5886/1410
f 5568/5887/500 5567/5846/500 5546/5845/500 5573/5888/500
f 5568/5887/500 5571/5889/500 5569/5890/500 5567/5846/500
f 5569/5891/463 5571/5892/463 5570/5893/463 5565/5894/463
f 5568/5895/499 5566/5896/499 5570/5897/499 5571/5898/499
f 5572/5899/500 5575/5900/500 5568/5887/500 5573/5888/500
f 5574/5901/463 5566/5896/463 5568/5895/463 5575/5902/463
f 5576/5903/500 5577/5904/500 5575/5900/500 5572/5899/500
f 5577/5904/500 5582/5905/500 5578/5906/500 5575/5900/500
f 5579/5907/501 5574/5901/501 5575/5902/501 5578/5908/501
f 5579/5909/1411 5581/5910/1411 5580/5911/1411 5574/5912/1411
f 5578/5913/463 5582/5914/463 5581/5915/463 5579/5916/463
f 5577/5917/499 5580/5918/499 5581/5919/499 5582/5920/499
f 5583/5921/1410 5574/5922/1410 5580/5923/1410
f 5583/5921/1410 5580/5923/1410 5584/5924/1410
f 5584/5925/463 5580/5918/463 5577/5917/463 5587/5926/463
f 5585/5927/501 5584/5925/501 5587/5926/501 5590/5928/501
f 5585/5929/1411 5591/5930/1411 5586/5931/1411 5584/5932/1411
f 5583/5921/1410 5584/5924/1410 5586/5933/1410
f 5588/5934/736 5587/5935/1412 5577/5904/500 5576/5903/500
f 5589/5936/1413 5587/5935/1412 5588/5934/736 5594/5937/1414
f 5589/5936/1413 5592/5938/1415 5590/5939/1415 5587/5935/1412
f 5590/5940/463 5592/5941/463 5591/5942/463 5585/5943/463
f 5589/5944/499 5586/5945/499 5591/5946/499 5592/5947/499
f 5593/5948/1416 5596/5949/1414 5589/5936/1413 5594/5937/1414
f 5595/5950/463 5586/5945/463 5589/5944/463 5596/5951/463
f 5600/5952/501 5595/5950/501 5596/5951/501 5599/5953/501
f 5597/5954/1416 5598/5955/1414 5596/5949/1414 5593/5948/1416
f 5598/5955/1414 5603/5956/500 5599/5957/500 5596/5949/1414
f 5600/5958/1411 5602/5959/1411 5601/5960/1411 5595/5961/1411
f 5599/5962/463 5603/5963/463 5602/5964/463 5600/5965/463
f 5598/5966/499 5601/5967/499 5602/5968/499 5603/5969/499
f 5583/5921/1410 5595/5970/1410 5601/5971/1410
f 5583/5921/1410 5601/5971/1410 5604/5972/1410
f 5604/5973/463 5601/5967/463 5598/5966/463 5605/5974/463
f 5583/5921/1410 5604/5972/1410 5606/5975/1410
f 5608/5976/501 5604/5973/501 5605/5974/501 5609/5977/501
f 5604/5978/1411 5608/5979/1411 5607/5980/1411 5606/5981/1411
f 5609/5982/463 5610/5983/463 5607/5984/463 5608/5985/463
f 5605/5986/1414 5611/5987/1414 5610/5988/500 5609/5989/500
f 5611/5990/499 5606/5991/499 5607/5992/499 5610/5993/499
f 5612/5994/1416 5651/5995/1417 5615/5996/1414 5611/5987/1414
f 5612/5994/1416 5611/5987/1414 5613/5997/1416
f 5616/5998/1416 5613/5997/1416 5611/5987/1414 5605/5986/1414
f 5614/5999/463 5606/5991/463 5611/5990/463 5615/6000/463
f 5597/6001/463 5619/6002/463 5618/6003/463 5616/6004/463
f 5616/5998/1416 5605/5986/1414 5598/5955/1414 5597/5954/1416
f 5613/6005/463 5616/6004/463 5617/6006/463 5648/6007/463
f 5616/6004/463 5618/6003/463 5617/6006/463
f 5620/6008/446 5642/6009/446 5617/6010/446 5618/6011/446
f 5621/6012/446 5620/6008/446 5618/6011/446 5619/6013/446
f 5621/6014/501 5524/6015/501 5623/6016/501 5622/6017/501
f 5621/6014/463 5624/6018/463 5525/6019/463 5524/6015/463
f 5624/6020/446 5621/6012/446 5619/6013/446 5626/6021/446
f 5622/6022/446 5641/6023/446 5620/6008/446 5621/6012/446
f 5624/6018/499 5630/6024/499 5625/6025/499 5525/6019/499
f 5627/6026/446 5629/6027/446 5624/6020/446 5626/6021/446
f 5628/6028/446 5630/6029/446 5624/6020/446 5629/6027/446
f 5625/6030/463 5630/6031/463 5628/6032/463 5632/6033/463
f 5629/6034/501 5526/6035/501 5632/6036/501 5628/6037/501
f 5631/6038/446 5629/6027/446 5627/6026/446 5633/6039/446
f 5631/6040/463 5531/6041/463 5526/6035/463 5629/6034/463
f 5525/6042/1406 5625/6043/1406 5632/6044/1406 5526/6045/1406
f 5635/6046/1418 5631/6038/446 5633/6039/446 5639/6047/1418
f 5634/6048/446 5637/6049/446 5631/6038/446 5635/6046/1418
f 5631/6040/499 5637/6050/499 5636/6051/499 5531/6041/499
f 5636/6052/463 5637/6053/463 5634/6054/463 5638/6055/463
f 5531/6056/1406 5636/6057/1406 5638/6058/1406 5532/6059/1406
f 5635/5815/501 5532/5814/501 5638/6060/501 5634/6061/501
f 5538/5824/1407 5635/6046/1418 5639/6047/1418 5545/5831/1408
f 5576/6062/463 5572/6063/463 5639/6064/463 5633/6065/463
f 5545/5836/463 5639/6064/463 5573/6066/463 5546/5837/463
f 5639/6064/463 5572/6063/463 5573/6066/463
f 5588/6067/463 5576/6062/463 5633/6065/463 5627/6068/463
f 5626/6069/463 5594/6070/463 5588/6067/463 5627/6068/463
f 5593/6071/463 5626/6069/463 5619/6002/463 5597/6001/463
f 5626/6069/463 5593/6071/463 5594/6070/463
f 5523/6072/1406 5640/6073/1406 5623/6074/1406 5524/6075/1406
f 5640/6076/463 5641/6077/463 5622/6078/463 5623/6079/463
f 5620/6080/499 5641/6081/499 5640/6082/499 5523/6083/499
f 5620/6080/463 5523/6083/463 5521/6084/463 5642/6085/463
f 5642/6085/501 5521/6084/501 5646/6086/501 5645/6087/501
f 5643/6088/446 5648/6089/446 5617/6010/446 5642/6009/446
f 5642/6009/446 5645/6090/446 5644/6091/446 5643/6088/446
f 5647/6092/463 5644/6093/463 5645/6094/463 5646/6095/463
f 5521/6096/1406 5522/6097/1406 5647/6098/1406 5646/6099/1406
f 5643/6100/499 5644/6101/499 5647/6102/499 5522/6103/499
f 5643/6088/446 5650/6104/446 5648/6089/446
f 5643/6100/463 5522/6103/463 5527/6105/463 5649/6106/463
f 5650/6104/446 5643/6088/446 5649/6107/446 5529/6108/446
f 5650/6109/463 5529/6110/463 5651/6111/463 5612/6112/463
f 5650/6109/463 5612/6112/463 5613/6005/463 5648/6007/463
f 5529/5796/499 5530/5799/499 5654/6113/499 5651/6114/499
f 5615/5996/1414 5651/5995/1417 5655/6115/1419 5656/6116/1419
f 5652/6117/499 5655/6118/499 5651/6114/499
f 5653/6119/499 5652/6117/499 5651/6114/499 5583/6120/499
f 5583/6120/499 5651/6114/499 5654/6113/499
f 5656/6121/463 5655/6122/463 5652/6123/463 5657/6124/463
f 5657/6125/501 5614/5999/501 5615/6000/501 5656/6126/501
f 5657/6127/1411 5652/6128/1411 5653/6129/1411 5614/6130/1411
f 5658/6131/446 5560/6132/446 5583/6133/446 5654/6134/446
f 5659/6135/501 5658/6136/501 5533/6137/501 5664/6138/501
f 5659/6135/501 5560/6139/501 5658/6136/501
f 5660/6140/500 5669/6141/500 5662/6142/500 5659/6143/500
f 5659/6143/500 5661/6144/500 5660/6140/500
f 5661/6145/463 5659/6146/463 5664/6147/463 5702/6148/463
f 5663/6149/501 5659/6135/501 5662/6150/501
f 5659/6135/501 5663/6149/501 5665/6151/501 5560/6139/501
f 5663/6152/1411 5668/6153/1411 5666/6154/1411 5665/6155/1411
f 5560/5861/1410 5665/6156/1410 5666/6157/1410
f 5560/5861/1410 5666/6157/1410 5667/6158/1410
f 5667/6159/463 5666/6160/463 5660/6161/463 5672/6162/463
f 5660/6161/499 5666/6160/499 5668/6163/499 5669/6164/499
f 5662/6165/463 5669/6166/463 5668/6167/463 5663/6168/463
f 5560/5861/1410 5667/6158/1410 5670/6169/1410
f 5671/6170/1411 5677/6171/1411 5670/6172/1411 5667/6173/1411
f 5671/6174/501 5667/6159/501 5672/6162/501 5676/6175/501
f 5673/6176/500 5675/6177/500 5672/6178/500 5674/6179/500
f 5674/6179/500 5672/6178/500 5660/6140/500 5661/6144/500
f 5675/6177/500 5678/6180/500 5676/6181/500 5672/6178/500
f 5676/6182/463 5678/6183/463 5677/6184/463 5671/6185/463
f 5675/6186/499 5670/6187/499 5677/6188/499 5678/6189/499
f 5673/6176/500 5680/6190/500 5679/6191/500 5675/6177/500
f 5679/6192/463 5683/6193/463 5670/6187/463 5675/6186/463
f 5680/6190/500 5555/5851/500 5556/5852/500 5679/6191/500
f 5556/5852/500 5685/6194/500 5681/6195/500 5679/6191/500
f 5682/6196/501 5683/6193/501 5679/6192/501 5681/6197/501
f 5682/6198/1411 5684/6199/1411 5557/6200/1411 5683/6201/1411
f 5560/5861/1410 5683/6202/1410 5557/5862/1410
f 5560/5861/1410 5670/6169/1410 5683/6202/1410
f 5681/6203/463 5685/6204/463 5684/6205/463 5682/6206/463
f 5556/5860/499 5557/5859/499 5684/6207/499 5685/6208/499
f 5680/6209/463 5687/6210/463 5686/6211/463 5555/6212/463
f 5680/6209/463 5673/6213/463 5688/6214/463 5687/6210/463
f 5690/6215/1408 5687/6216/1409 5688/6217/1409 5692/6218/1408
f 5689/6219/463 5688/6214/463 5673/6213/463 5674/6220/463
f 5688/6217/1409 5689/6221/1409 5691/6222/1408 5692/6218/1408
f 5693/6223/446 5696/6224/446 5692/6218/1408 5691/6222/1408
f 5690/6225/463 5692/6226/463 5694/6227/463 5707/6228/463
f 5692/6226/499 5696/6229/499 5695/6230/499 5694/6227/499
f 5695/6231/463 5696/6232/463 5693/6233/463 5697/6234/463
f 5694/6235/1406 5695/6236/1406 5697/6237/1406 5698/6238/1406
f 5691/6239/501 5698/6240/501 5697/6241/501 5693/6242/501
f 5534/5806/1405 5694/6243/1405 5698/6244/1405
f 5534/5806/1405 5698/6244/1405 5699/6245/1405
f 5700/6246/463 5699/6247/463 5698/6240/463 5691/6239/463
f 5700/6248/1408 5691/6222/1408 5689/6221/1409 5702/6249/1409
f 5700/6246/499 5704/6250/499 5701/6251/499 5699/6247/499
f 5700/6248/1408 5702/6249/1409 5664/6252/1407
f 5703/6253/748 5704/6254/748 5700/6248/1408 5664/6252/1407
f 5701/6255/463 5704/6256/463 5703/6257/463 5705/6258/463
f 5664/6138/501 5705/6259/501 5703/6260/501
f 5699/6261/1406 5701/6262/1406 5705/6263/1406 5706/6264/1406
f 5706/6265/501 5705/6259/501 5664/6138/501 5534/6266/501
f 5534/5806/1405 5699/6245/1405 5706/6267/1405
f 5689/6219/463 5674/6220/463 5661/6145/463 5702/6148/463
f 5534/5806/1405 5707/6268/1405 5694/6243/1405
f 5534/5806/1405 5708/6269/1405 5707/6268/1405
f 5707/6270/1406 5708/6271/1406 5710/6272/1406 5709/6273/1406
f 5690/6225/501 5707/6228/501 5709/6274/501 5712/6275/501
f 5710/6276/463 5713/6277/463 5712/6278/463 5709/6279/463
f 5711/6280/499 5713/6281/499 5710/6282/499 5708/6283/499
f 5712/6284/446 5713/6285/446 5711/6286/1408 5690/6215/1408
f 5550/6287/463 5711/6280/463 5708/6283/463 5714/6288/463
f 5687/6216/1409 5690/6215/1408 5711/6286/1408 5686/6289/1409
f 5686/6289/1409 5711/6286/1408 5550/5841/1408 5548/5842/1409
f 5534/5806/1405 5714/6290/1405 5708/6269/1405
f 5534/5806/1405 5715/6291/1405 5714/6290/1405
f 5715/6292/1406 5717/6293/1406 5716/6294/1406 5714/6295/1406
f 5550/6287/501 5714/6288/501 5716/6296/501 5718/6297/501
f 5717/6298/463 5719/6299/463 5718/6300/463 5716/6301/463
f 5718/6302/446 5719/6303/446 5543/5832/1408 5550/5841/1408
f 5543/5834/499 5719/6304/499 5717/6305/499 5715/5835/499
f 5534/5806/1405 5536/5807/1405 5715/6291/1405
f 5549/5843/463 5555/6212/463 5686/6211/463 5548/5844/463
f 5664/6138/501 5533/6137/501 5534/6266/501
f 5583/5921/1410 5614/6306/1410 5653/6307/1410
f 5649/6106/501 5527/6105/501 5721/6308/501 5720/6309/501
f 5649/6107/446 5720/6310/446 5722/6311/446 5529/6108/446
f 5529/5796/499 5722/6312/499 5723/6313/499 5528/5797/499
f 5723/6314/463 5722/6315/463 5720/6316/463 5721/6317/463
f 5528/6318/1406 5723/6319/1406 5721/6320/1406 5527/6321/1406
f 5583/5921/1410 5606/5975/1410 5614/6306/1410
f 5583/5921/1410 5586/5933/1410 5595/5970/1410
f 5560/5861/1410 5566/5886/1410 5574/5922/1410 5583/5921/1410
f 5724/6322/1420 5727/6323/1420 5725/6324/1420
f 5724/6322/1420 5725/6324/1420 5726/6325/1420
f 5724/6322/1420 5726/6325/1420 5731/6326/1420
f 5724/6322/1420 5728/6327/3144 5727/6323/1420
f 5724/6322/1420 5729/6328/1420 5728/6327/3144
f 5724/6322/1420 5730/6329/1420 5729/6328/1420
f 5724/6322/1420 5735/6330/1420 5730/6329/1420
f 5724/6322/1420 5731/6326/1420 5732/6331/1420
f 5733/6332/499 5724/6333/499 5732/6334/499
f 5733/6332/499 5734/6335/499 5724/6333/499
f 5724/6336/500 5734/6337/500 5737/6338/500 5738/6339/500
f 5724/6322/1420 5736/6340/1420 5735/6330/1420
f 5724/6322/1420 5739/6341/1420 5736/6340/1420
f 5738/6342/1420 5740/6343/1420 5739/6341/1420 5724/6322/1420
f 5739/6344/1421 5740/6345/1421 5741/6346/1421 5743/6347/1421
f 5742/6348/451 5839/6349/451 5736/6350/451 5739/6351/451
f 5742/6348/499 5739/6351/499 5743/6352/499 5745/6353/499
f 5743/6354/451 5741/6355/451 5744/6356/451 5745/6357/451
f 5744/6358/446 5746/6359/1422 5742/6360/521 5745/6361/446
f 5746/6362/501 5744/6363/501 5741/6364/501 5740/6365/501
f 5748/6366/1423 5749/6367/1422 5742/6360/521 5746/6359/1422
f 5747/6368/1422 5751/6369/1423 5748/6366/1423 5746/6359/1422
f 5747/6370/451 5746/6362/451 5740/6365/451 5919/6371/451
f 5749/6372/451 5748/6373/451 5750/6374/451
f 5750/6374/451 5748/6373/451 5751/6375/451 5755/6376/451
f 5754/6377/1422 5752/6378/1423 5751/6369/1423 5747/6368/1422
f 5751/6375/451 5752/6379/451 5753/6380/451 5755/6376/451
f 5750/6381/500 5755/6382/500 5756/6383/500 5771/6384/500
f 5755/6382/500 5753/6385/500 5757/6386/500 5756/6383/500
f 5759/6387/500 5760/6388/500 5757/6386/500 5753/6385/500
f 5756/6383/500 5757/6386/500 5758/6389/500 5768/6390/500
f 5762/6391/501 5758/6392/501 5757/6393/501 5763/6394/501
f 5757/6393/451 5760/6395/451 5761/6396/451 5763/6394/451
f 5764/6397/1424 5763/6398/1424 5761/6399/1424
f 5764/6397/1424 5765/6400/1424 5763/6398/1424
f 5762/6401/1425 5763/6402/1425 5765/6403/1425 5767/6404/1425
f 5764/6397/1424 5766/6405/1424 5765/6400/1424
f 5766/6406/451 5771/6407/451 5756/6408/451 5765/6409/451
f 5756/6408/499 5768/6410/499 5767/6411/499 5765/6409/499
f 5758/6412/451 5762/6413/451 5767/6414/451 5768/6415/451
f 5769/6416/501 5773/6417/501 5771/6407/501 5766/6406/501
f 5769/6418/1425 5766/6419/1425 5770/6420/1425 5774/6421/1425
f 5764/6397/1424 5770/6422/1424 5766/6405/1424
f 5772/6423/500 5777/6424/500 5750/6381/500 5771/6384/500
f 5772/6423/500 5771/6384/500 5773/6425/500 5775/6426/500
f 5773/6427/451 5769/6428/451 5774/6429/451 5775/6430/451
f 5772/6431/499 5775/6432/499 5774/6433/499 5770/6434/499
f 5772/6423/500 5779/6435/500 5776/6436/500 5777/6424/500
f 5778/6437/451 5779/6438/451 5772/6431/451 5770/6434/451
f 5780/6439/500 5776/6436/500 5779/6435/500 5781/6440/500
f 5781/6440/500 5779/6435/500 5782/6441/500 5786/6442/500
f 5783/6443/501 5782/6444/501 5779/6438/501 5778/6437/501
f 5783/6445/1425 5778/6446/1425 5784/6447/1425 5785/6448/1425
f 5782/6449/451 5783/6450/451 5785/6451/451 5786/6452/451
f 5781/6453/499 5786/6454/499 5785/6455/499 5784/6456/499
f 5787/6457/1424 5784/6458/1424 5778/6459/1424
f 5787/6457/1424 5788/6460/1424 5784/6458/1424
f 5788/6461/451 5791/6462/451 5781/6453/451 5784/6456/451
f 5789/6463/501 5794/6464/501 5791/6462/501 5788/6461/501
f 5789/6465/1425 5788/6466/1425 5790/6467/1425 5795/6468/1425
f 5787/6457/1424 5790/6469/1424 5788/6460/1424
f 5792/6470/802 5780/6439/500 5781/6440/500 5791/6471/1412
f 5793/6472/1426 5798/6473/1427 5792/6470/802 5791/6471/1412
f 5793/6472/1426 5791/6471/1412 5794/6474/1428 5796/6475/1428
f 5794/6476/451 5789/6477/451 5795/6478/451 5796/6479/451
f 5793/6480/499 5796/6481/499 5795/6482/499 5790/6483/499
f 5793/6472/1426 5800/6484/1427 5797/6485/1429 5798/6473/1427
f 5799/6486/451 5800/6487/451 5793/6480/451 5790/6483/451
f 5804/6488/501 5803/6489/501 5800/6487/501 5799/6486/501
f 5801/6490/1429 5797/6485/1429 5800/6484/1427 5802/6491/1427
f 5802/6491/1427 5800/6484/1427 5803/6492/500 5807/6493/500
f 5804/6494/1425 5799/6495/1425 5805/6496/1425 5806/6497/1425
f 5803/6498/451 5804/6499/451 5806/6500/451 5807/6501/451
f 5802/6502/499 5807/6503/499 5806/6504/499 5805/6505/499
f 5787/6457/1424 5805/6506/1424 5799/6507/1424
f 5787/6457/1424 5808/6508/1424 5805/6506/1424
f 5808/6509/451 5809/6510/451 5802/6502/451 5805/6505/451
f 5787/6457/1424 5810/6511/1424 5808/6508/1424
f 5812/6512/501 5813/6513/501 5809/6510/501 5808/6509/501
f 5808/6514/1425 5810/6515/1425 5811/6516/1425 5812/6517/1425
f 5813/6518/451 5812/6519/451 5811/6520/451 5814/6521/451
f 5809/6522/1427 5813/6523/500 5814/6524/500 5815/6525/1427
f 5815/6526/499 5814/6527/499 5811/6528/499 5810/6529/499
f 5816/6530/1429 5815/6525/1427 5819/6531/1427 5855/6532/1430
f 5816/6530/1429 5817/6533/1429 5815/6525/1427
f 5820/6534/1429 5809/6522/1427 5815/6525/1427 5817/6533/1429
f 5818/6535/451 5819/6536/451 5815/6526/451 5810/6529/451
f 5801/6537/451 5820/6538/451 5822/6539/451 5823/6540/451
f 5820/6534/1429 5801/6490/1429 5802/6491/1427 5809/6522/1427
f 5817/6541/451 5852/6542/451 5821/6543/451 5820/6538/451
f 5820/6538/451 5821/6543/451 5822/6539/451
f 5824/6544/446 5822/6545/446 5821/6546/446 5846/6547/446
f 5825/6548/446 5823/6549/446 5822/6545/446 5824/6544/446
f 5825/6550/501 5826/6551/501 5827/6552/501 5728/6553/501
f 5825/6550/451 5728/6553/451 5729/6554/451 5828/6555/451
f 5828/6556/446 5830/6557/446 5823/6549/446 5825/6548/446
f 5826/6558/446 5825/6548/446 5824/6544/446 5845/6559/446
f 5828/6555/499 5729/6554/499 5829/6560/499 5834/6561/499
f 5831/6562/446 5830/6557/446 5828/6556/446 5833/6563/446
f 5832/6564/446 5833/6563/446 5828/6556/446 5834/6565/446
f 5829/6566/451 5836/6567/451 5832/6568/451 5834/6569/451
f 5833/6570/501 5832/6571/501 5836/6572/501 5730/6573/501
f 5835/6574/446 5837/6575/446 5831/6562/446 5833/6563/446
f 5835/6576/451 5833/6570/451 5730/6573/451 5735/6577/451
f 5729/6578/1421 5730/6579/1421 5836/6580/1421 5829/6581/1421
f 5839/6582/1431 5843/6583/1431 5837/6575/446 5835/6574/446
f 5838/6584/446 5839/6582/1431 5835/6574/446 5841/6585/446
f 5835/6576/499 5735/6577/499 5840/6586/499 5841/6587/499
f 5840/6588/451 5842/6589/451 5838/6590/451 5841/6591/451
f 5735/6592/1421 5736/6593/1421 5842/6594/1421 5840/6595/1421
f 5839/6349/501 5838/6596/501 5842/6597/501 5736/6350/501
f 5742/6360/521 5749/6367/1422 5843/6583/1431 5839/6582/1431
f 5780/6598/451 5837/6599/451 5843/6600/451 5776/6601/451
f 5749/6372/451 5750/6374/451 5777/6602/451 5843/6600/451
f 5843/6600/451 5777/6602/451 5776/6601/451
f 5792/6603/451 5831/6604/451 5837/6599/451 5780/6598/451
f 5830/6605/451 5831/6604/451 5792/6603/451 5798/6606/451
f 5823/6540/451 5830/6605/451 5797/6607/451 5801/6537/451
f 5830/6605/451 5798/6606/451 5797/6607/451
f 5727/6608/1421 5728/6609/1421 5827/6610/1421 5844/6611/1421
f 5844/6612/451 5827/6613/451 5826/6614/451 5845/6615/451
f 5824/6616/499 5727/6617/499 5844/6618/499 5845/6619/499
f 5824/6616/451 5846/6620/451 5725/6621/451 5727/6617/451
f 5846/6620/501 5849/6622/501 5850/6623/501 5725/6621/501
f 5847/6624/446 5846/6547/446 5821/6546/446 5852/6625/446
f 5846/6547/446 5847/6624/446 5848/6626/446 5849/6627/446
f 5851/6628/451 5850/6629/451 5849/6630/451 5848/6631/451
f 5725/6632/1421 5850/6633/1421 5851/6634/1421 5726/6635/1421
f 5847/6636/499 5726/6637/499 5851/6638/499 5848/6639/499
f 5847/6624/446 5852/6625/446 5854/6640/446
f 5847/6636/451 5853/6641/451 5731/6642/451 5726/6637/451
f 5854/6640/446 5733/6643/446 5853/6644/446 5847/6624/446
f 5854/6645/451 5816/6646/451 5855/6647/451 5733/6648/451
f 5854/6645/451 5852/6542/451 5817/6541/451 5816/6646/451
f 5733/6332/499 5855/6649/499 5858/6650/499 5734/6335/499
f 5819/6531/1427 5860/6651/1432 5859/6652/1432 5855/6532/1430
f 5856/6653/499 5855/6649/499 5859/6654/499
f 5855/6649/499 5856/6653/499 5857/6655/499 5787/6656/499
f 5787/6656/499 5858/6650/499 5855/6649/499
f 5860/6657/451 5861/6658/451 5856/6659/451 5859/6660/451
f 5861/6661/501 5860/6662/501 5819/6536/501 5818/6535/501
f 5861/6663/1425 5818/6664/1425 5857/6665/1425 5856/6666/1425
f 5862/6667/446 5858/6668/446 5787/6669/446 5764/6670/446
f 5737/6671/501 5862/6672/501 5863/6673/501 5868/6674/501
f 5863/6673/501 5862/6672/501 5764/6675/501
f 5864/6676/500 5863/6677/500 5866/6678/500 5873/6679/500
f 5863/6677/500 5864/6676/500 5865/6680/500
f 5865/6681/451 5906/6682/451 5868/6683/451 5863/6684/451
f 5867/6685/501 5866/6686/501 5863/6673/501
f 5863/6673/501 5764/6675/501 5869/6687/501 5867/6685/501
f 5867/6688/1425 5869/6689/1425 5870/6690/1425 5872/6691/1425
f 5764/6397/1424 5870/6692/1424 5869/6693/1424
f 5764/6397/1424 5871/6694/1424 5870/6692/1424
f 5871/6695/451 5876/6696/451 5864/6697/451 5870/6698/451
f 5864/6697/499 5873/6699/499 5872/6700/499 5870/6698/499
f 5866/6701/451 5867/6702/451 5872/6703/451 5873/6704/451
f 5764/6397/1424 5874/6705/1424 5871/6694/1424
f 5875/6706/1425 5871/6707/1425 5874/6708/1425 5881/6709/1425
f 5875/6710/501 5880/6711/501 5876/6696/501 5871/6695/501
f 5877/6712/500 5878/6713/500 5876/6714/500 5879/6715/500
f 5878/6713/500 5865/6680/500 5864/6676/500 5876/6714/500
f 5879/6715/500 5876/6714/500 5880/6716/500 5882/6717/500
f 5880/6718/451 5875/6719/451 5881/6720/451 5882/6721/451
f 5879/6722/499 5882/6723/499 5881/6724/499 5874/6725/499
f 5877/6712/500 5879/6715/500 5883/6726/500 5884/6727/500
f 5883/6728/451 5879/6722/451 5874/6725/451 5887/6729/451
f 5884/6727/500 5883/6726/500 5760/6388/500 5759/6387/500
f 5760/6388/500 5883/6726/500 5885/6730/500 5889/6731/500
f 5886/6732/501 5885/6733/501 5883/6728/501 5887/6729/501
f 5886/6734/1425 5887/6735/1425 5761/6736/1425 5888/6737/1425
f 5764/6397/1424 5761/6399/1424 5887/6738/1424
f 5764/6397/1424 5887/6738/1424 5874/6705/1424
f 5885/6739/451 5886/6740/451 5888/6741/451 5889/6742/451
f 5760/6395/499 5889/6743/499 5888/6744/499 5761/6396/499
f 5884/6745/451 5759/6746/451 5890/6747/451 5891/6748/451
f 5884/6745/451 5891/6748/451 5892/6749/451 5877/6750/451
f 5892/6751/1423 5891/6752/1423 5894/6753/1422 5896/6754/1422
f 5893/6755/451 5878/6756/451 5877/6750/451 5892/6749/451
f 5892/6751/1423 5896/6754/1422 5895/6757/1422 5893/6758/1423
f 5897/6759/446 5895/6757/1422 5896/6754/1422 5900/6760/446
f 5894/6761/451 5911/6762/451 5898/6763/451 5896/6764/451
f 5896/6764/499 5898/6763/499 5899/6765/499 5900/6766/499
f 5899/6767/451 5901/6768/451 5897/6769/451 5900/6770/451
f 5898/6771/1421 5902/6772/1421 5901/6773/1421 5899/6774/1421
f 5895/6775/501 5897/6776/501 5901/6777/501 5902/6778/501
f 5738/6342/1420 5902/6779/1420 5898/6780/1420
f 5738/6342/1420 5903/6781/1420 5902/6779/1420
f 5904/6782/451 5895/6775/451 5902/6778/451 5903/6783/451
f 5904/6784/1422 5906/6785/1423 5893/6758/1423 5895/6757/1422
f 5904/6782/499 5903/6783/499 5905/6786/499 5908/6787/499
f 5904/6784/1422 5868/6788/521 5906/6785/1423
f 5907/6789/791 5868/6788/521 5904/6784/1422 5908/6790/791
f 5905/6791/451 5909/6792/451 5907/6793/451 5908/6794/451
f 5868/6674/501 5907/6795/501 5909/6796/501
f 5903/6797/1421 5910/6798/1421 5909/6799/1421 5905/6800/1421
f 5868/6674/501 5909/6796/501 5910/6801/501 5738/6802/501
f 5738/6342/1420 5910/6803/1420 5903/6781/1420
f 5893/6755/451 5906/6682/451 5865/6681/451 5878/6756/451
f 5738/6342/1420 5898/6780/1420 5911/6804/3144
f 5738/6342/1420 5911/6804/3144 5912/6805/1420
f 5911/6806/1421 5913/6807/1421 5914/6808/1421 5912/6809/1421
f 5894/6761/501 5916/6810/501 5913/6811/501 5911/6762/501
f 5914/6812/451 5913/6813/451 5916/6814/451 5917/6815/451
f 5915/6816/499 5912/6817/499 5914/6818/499 5917/6819/499
f 5916/6820/446 5894/6753/1422 5915/6821/1422 5917/6822/446
f 5754/6823/451 5918/6824/451 5912/6817/451 5915/6816/451
f 5891/6752/1423 5890/6825/1423 5915/6821/1422 5894/6753/1422
f 5890/6825/1423 5752/6378/1423 5754/6377/1422 5915/6821/1422
f 5738/6342/1420 5912/6805/1420 5918/6826/1420
f 5738/6342/1420 5918/6826/1420 5919/6827/1420
f 5919/6828/1421 5918/6829/1421 5920/6830/1421 5921/6831/1421
f 5754/6823/501 5922/6832/501 5920/6833/501 5918/6824/501
f 5921/6834/451 5920/6835/451 5922/6836/451 5923/6837/451
f 5922/6838/446 5754/6377/1422 5747/6368/1422 5923/6839/446
f 5747/6370/499 5919/6371/499 5921/6840/499 5923/6841/499
f 5738/6342/1420 5919/6827/1420 5740/6343/1420
f 5753/6380/451 5752/6379/451 5890/6747/451 5759/6746/451
f 5737/6671/501 5868/6674/501 5738/6802/501
f 5787/6457/1424 5857/6842/1424 5818/6843/1424
f 5853/6641/501 5924/6844/501 5925/6845/501 5731/6642/501
f 5853/6644/446 5733/6643/446 5926/6846/446 5924/6847/446
f 5733/6332/499 5732/6334/499 5927/6848/499 5926/6849/499
f 5927/6850/451 5925/6851/451 5924/6852/451 5926/6853/451
f 5732/6854/1421 5731/6855/1421 5925/6856/1421 5927/6857/1421
f 5787/6457/1424 5818/6843/1424 5810/6511/1424
f 5787/6457/1424 5799/6507/1424 5790/6469/1424
f 5764/6397/1424 5787/6457/1424 5778/6459/1424 5770/6422/1424
f 5933/7026/499 5931/7027/499 5929/7028/499 5937/7029/499
f 5938/7030/499 5936/7031/499 5933/7026/499 5937/7029/499
f 5937/7029/499 5934/7032/499 5935/7033/499 5938/7030/499
f 5930/7034/499 5928/7035/499 5942/7036/499 5940/7037/499
f 5935/7033/499 5932/7038/499 5930/7034/499
f 5939/7039/499 5937/7029/499 5929/7028/499
f 5929/7028/499 5943/7040/499 5941/7041/499 5939/7039/499
f 5938/7030/499 5935/7033/499 5930/7034/499 5940/7037/499
f 5945/1058/463 5949/1059/463 5947/1060/463 5946/1061/463
f 5948/1062/501 5949/1063/501 5945/1064/501 5944/1065/501
f 5949/1066/500 5948/1067/500 5950/1068/500 5947/1069/500
f 5946/1070/499 5947/1071/499 5950/1072/499 5951/1073/499
f 5948/1074/498 5944/1075/498 5951/1076/498 5950/1077/498
f 5946/1057/500 5951/1078/500 5952/1079/500 5955/1080/500
f 5954/1082/498 5952/1083/498 5953/1084/498 5959/1085/498
f 5954/1087/501 5958/1088/501 5955/1089/501 5952/1090/501
f 5955/1092/463 5958/1093/463 5957/1094/463 5956/1095/463
f 5958/1096/500 5954/1097/500 5959/1098/500 5957/1099/500
f 5956/1100/499 5957/1101/499 5959/1102/499 5953/1103/499
f 5961/1105/500 5956/1091/500 5953/1106/500 5964/1107/500
f 5960/1104/500 5961/1105/500 5962/1108/500
f 5961/1109/463 5966/1110/463 5963/1111/463 5962/1112/463
f 5965/1113/501 5966/1114/501 5961/1115/501 5964/1116/501
f 5966/1117/500 5965/1118/500 5967/1119/500 5963/1120/500
f 5962/1121/499 5963/1122/499 5967/1123/499 5968/1124/499
f 5965/1125/498 5964/1126/498 5968/1127/498 5967/1128/498
f 5962/1108/500 5968/1129/500 5969/1130/500 5972/1131/500
f 5971/1135/498 5969/1136/498 5970/1137/498 5976/1138/498
f 5971/1140/501 5975/1141/501 5972/1142/501 5969/1143/501
f 5962/1108/500 5972/1131/500 5960/1104/500
f 5960/1104/500 5972/1131/500 5973/1144/500
f 5972/1145/463 5975/1146/463 5974/1147/463 5973/1148/463
f 5975/1149/500 5971/1150/500 5976/1151/500 5974/1152/500
f 5973/1153/499 5974/1154/499 5976/1155/499 5970/1156/499
f 5960/1104/500 5973/1144/500 5977/1157/500
f 5977/1157/500 5973/1144/500 5970/1158/500 5980/1159/500
f 5960/1104/500 5977/1157/500 5978/1160/500
f 5977/1161/463 5982/1162/463 5979/1163/463 5978/1164/463
f 5981/1165/501 5982/1166/501 5977/1167/501 5980/1168/501
f 5982/1169/500 5981/1170/500 5983/1171/500 5979/1172/500
f 5978/1173/499 5979/1174/499 5983/1175/499 5984/1176/499
f 5981/1177/498 5980/1178/498 5984/1179/498 5983/1180/498
f 5978/1160/500 5984/1181/500 5985/1182/500 5988/1183/500
f 5987/1187/498 5985/1188/498 5986/1189/498 5992/1190/498
f 5987/1193/501 5991/1194/501 5988/1195/501 5985/1196/501
f 5978/1160/500 5988/1183/500 5960/1104/500
f 5960/1104/500 5988/1183/500 5989/1197/500
f 5988/1198/463 5991/1199/463 5990/1200/463 5989/1201/463
f 5991/1202/500 5987/1203/500 5992/1204/500 5990/1205/500
f 5989/1206/499 5990/1207/499 5992/1208/499 5986/1209/499
f 5993/1210/500 5960/1104/500 5989/1197/500 5986/1211/500
f 6007/1857/451 6010/1858/451 6006/1859/451 6008/1860/451
f 6009/1862/501 6005/1863/501 6006/1864/501 6010/1865/501
f 6007/1866/500 6011/1867/500 6009/1868/500 6010/1869/500
f 6004/1870/707 6005/1871/707 6009/1872/707 6011/1873/707
f 6011/1874/499 6007/1875/499 6008/1876/499 6004/1877/499
f 6004/1878/500 6008/1861/500 6012/1879/500 6003/1880/500
f 6013/1881/451 6016/1882/451 6012/1883/451 6014/1884/451
f 6015/1886/501 6003/1887/501 6012/1888/501 6016/1889/501
f 6013/1890/500 6017/1891/500 6015/1892/500 6016/1893/500
f 6002/1894/707 6003/1895/707 6015/1896/707 6017/1897/707
f 6017/1898/499 6013/1899/499 6014/1900/499 6002/1901/499
f 6002/1902/500 6014/1885/500 6018/1903/500 6001/1904/500
f 6019/1905/451 6022/1906/451 6018/1907/451 6020/1908/451
f 6018/1903/500 5960/1104/500 6020/1909/500
f 6021/1910/501 6001/1911/501 6018/1912/501 6022/1913/501
f 6019/1914/500 6023/1915/500 6021/1916/500 6022/1917/500
f 6000/1918/707 6001/1919/707 6021/1920/707 6023/1921/707
f 6023/1922/499 6019/1923/499 6020/1924/499 6000/1925/499
f 6000/1926/500 6020/1909/500 6024/1927/500 5999/1928/500
f 6020/1909/500 5960/1104/500 6024/1927/500
f 6025/1929/451 6028/1930/451 6024/1931/451 6026/1932/451
f 6024/1927/500 5960/1104/500 6026/1933/500
f 6027/1934/501 5999/1935/501 6024/1936/501 6028/1937/501
f 6025/1938/500 6029/1939/500 6027/1940/500 6028/1941/500
f 5998/1942/707 5999/1943/707 6027/1944/707 6029/1945/707
f 6029/1946/499 6025/1947/499 6026/1948/499 5998/1949/499
f 5998/1950/500 6026/1933/500 6030/1951/500 5997/1952/500
f 6026/1933/500 5960/1104/500 6030/1951/500
f 6031/1953/451 6034/1954/451 6030/1955/451 6032/1956/451
f 6030/1951/500 5960/1104/500 6032/1957/500
f 6033/1958/501 5997/1959/501 6030/1960/501 6034/1961/501
f 6035/1962/500 6033/1963/500 6034/1964/500 6031/1965/500
f 6035/1966/499 6031/1967/499 6032/1968/499 5996/1969/499
f 5996/1970/707 5997/1971/707 6033/1972/707 6035/1973/707
f 5996/1974/500 6032/1957/500 6036/1975/500 5995/1976/500
f 6032/1957/500 5960/1104/500 6036/1975/500
f 6037/1977/451 6040/1978/451 6036/1979/451 6038/1980/451
f 6036/1975/500 5960/1104/500 6038/1981/500
f 6039/1982/501 5995/1983/501 6036/1984/501 6040/1985/501
f 6041/1986/500 6039/1987/500 6040/1988/500 6037/1989/500
f 6041/1990/499 6037/1991/499 6038/1992/499 5994/1993/499
f 5994/1994/707 5995/1995/707 6039/1996/707 6041/1997/707
f 6038/1981/500 5960/1104/500 6042/1998/500 5994/1999/500
f 6043/3675/707 6047/3676/707 6045/3677/707 6044/3678/707
f 6047/3682/501 6043/3681/501 6046/3680/501 6049/3683/501
f 6047/3676/500 6049/3684/500 6048/3685/500 6045/3677/500
f 6049/3684/451 6046/3686/451 6050/3687/451 6048/3685/451
f 6045/3688/499 6048/3689/950 6050/3690/951 6044/3691/3145
f 6044/3692/500 6050/3693/500 6051/3694/500 6070/3695/500
f 6084/3696/500 6051/3694/500 6050/3693/500
f 6084/3696/500 6050/3693/500 6046/3697/500
f 6084/3696/500 6052/3699/500 6053/3703/500
f 6084/3696/500 6053/3703/500 6054/3704/500
f 6084/3696/500 6054/3704/500 6055/3705/500
f 6084/3696/500 6055/3705/500 6056/3706/500
f 6084/3696/500 6056/3706/500 6051/3694/500
f 6058/3827/707 6060/3828/707 6059/3829/707 6057/3830/707
f 6059/3831/3146 6052/3832/990 6057/3833/991
f 6059/3831/3146 6061/3834/992 6052/3832/990
f 6061/3835/500 6059/3829/500 6060/3828/500 6062/3836/500
f 6062/3836/451 6053/3837/451 6052/3838/451 6061/3835/451
f 6060/3839/993 6053/3840/993 6062/3841/994
f 6060/3839/993 6058/3842/995 6053/3840/993
f 6063/3844/500 6054/3704/500 6053/3703/500 6058/3845/500
f 6064/3847/707 6066/3848/707 6065/3849/707 6063/3850/707
f 6065/3851/996 6054/3852/996 6063/3853/997
f 6065/3851/996 6067/3854/998 6054/3852/996
f 6067/3855/500 6065/3849/500 6066/3848/500 6068/3856/500
f 6068/3856/451 6055/3857/451 6054/3858/451 6067/3855/451
f 6066/3859/999 6055/3860/999 6068/3861/1000
f 6066/3859/999 6064/3862/1001 6055/3860/999
f 6069/3864/500 6056/3706/500 6055/3705/500 6064/3865/500
f 6070/3867/707 6072/3868/707 6071/3869/707 6069/3870/707
f 6071/3871/3147 6056/3872/1002 6069/3873/1003
f 6072/3868/500 6074/3874/500 6073/3875/500 6071/3869/500
f 6071/3871/3147 6073/3876/1004 6056/3872/1002
f 6074/3874/451 6051/3877/451 6056/3878/451 6073/3875/451
f 6072/3879/501 6070/3880/980 6051/3881/981 6074/3882/982
f 6075/4732/498 6076/4733/498 6077/4734/498 6079/4735/498
f 6079/4739/501 6081/4740/501 6078/4738/501 6075/4737/501
f 6079/4735/500 6077/4734/500 6080/4741/500 6081/4742/500
f 6081/4742/463 6080/4741/463 6082/4743/463 6078/4744/463
f 6077/4745/499 6076/4746/1225 6082/4747/1226 6080/4748/950
f 6076/4749/500 6103/4750/500 6083/4751/500 6082/4752/500
f 6082/4752/500 6083/4751/500 6084/4753/500
f 6082/4752/500 6084/4753/500 6078/4754/500
f 6085/4756/500 6084/4753/500 6086/4760/500
f 6086/4760/500 6084/4753/500 6087/4761/500
f 6087/4761/500 6084/4753/500 6088/4762/500
f 6088/4762/500 6084/4753/500 6089/4763/500
f 6084/4753/500 6083/4751/500 6089/4763/500
f 6091/4884/498 6090/4885/498 6092/4886/498 6093/4887/498
f 6092/4888/3148 6090/4889/1252 6085/4890/3149
f 6092/4888/3148 6085/4890/3149 6094/4891/992
f 6094/4892/500 6095/4893/500 6093/4887/500 6092/4886/500
f 6095/4893/463 6094/4892/463 6085/4894/463 6086/4895/463
f 6093/4896/1253 6095/4897/994 6086/4898/1253
f 6093/4896/1253 6086/4898/1253 6091/4899/1254
f 6096/4901/500 6091/4902/500 6086/4760/500 6087/4761/500
f 6097/4904/498 6096/4905/498 6098/4906/498 6099/4907/498
f 6098/4908/1255 6096/4909/1256 6087/4910/1255
f 6098/4908/1255 6087/4910/1255 6100/4911/998
f 6100/4912/500 6101/4913/500 6099/4907/500 6098/4906/500
f 6101/4913/463 6100/4912/463 6087/4914/463 6088/4915/463
f 6099/4916/1257 6101/4917/1000 6088/4918/1257
f 6099/4916/1257 6088/4918/1257 6097/4919/1258
f 6102/4921/500 6097/4922/500 6088/4762/500 6089/4763/500
f 6103/4924/498 6102/4925/498 6104/4926/498 6105/4927/498
f 6104/4928/1259 6102/4929/1260 6089/4930/1261
f 6105/4927/500 6104/4926/500 6106/4931/500 6107/4932/500
f 6104/4928/1259 6089/4930/1261 6106/4933/1004
f 6107/4932/463 6106/4931/463 6089/4934/463 6083/4935/463
f 6105/4936/501 6107/4937/982 6083/4938/1244 6103/4939/1245
f 6120/4381/501 6108/4382/501 6123/4384/501 6121/4385/501
f 6121/4386/451 6125/4387/451 6122/4388/451 6120/4389/451
f 6109/4392/1183 6124/4393/1183 6123/4394/1183 6108/4395/1183
f 6124/4396/446 6125/4387/446 6121/4386/446 6123/4397/446
f 6122/4398/499 6125/4399/499 6124/4400/499 6109/4401/499
f 6126/4402/446 6122/4398/446 6109/4401/446 6110/4403/446
f 6126/4402/501 6110/4403/501 6129/4404/501 6127/4405/501
f 6127/4406/451 6131/4407/451 6128/4408/451 6126/4409/451
f 6111/4411/1183 6130/4412/1183 6129/4413/1183 6110/4414/1183
f 6130/4415/446 6131/4407/446 6127/4406/446 6129/4416/446
f 6128/4417/499 6131/4418/499 6130/4419/499 6111/4420/499
f 6128/4417/446 6111/4420/446 6112/4423/446 6132/4424/446
f 6132/4424/501 6112/4423/501 6135/4425/501 6133/4426/501
f 6133/4427/451 6137/4428/451 6134/4429/451 6132/4430/451
f 6113/4431/1183 6136/4432/1183 6135/4433/1183 6112/4434/1183
f 6136/4435/446 6137/4428/446 6133/4427/446 6135/4436/446
f 6134/4437/499 6137/4438/499 6136/4439/499 6113/4440/499
f 6138/4443/446 6134/4437/446 6113/4440/446 6114/4444/446
f 6138/4443/501 6114/4444/501 6141/4445/501 6139/4446/501
f 6139/4447/451 6143/4448/451 6140/4449/451 6138/4450/451
f 6115/4451/1183 6142/4452/1183 6141/4453/1183 6114/4454/1183
f 6142/4455/446 6143/4448/446 6139/4447/446 6141/4456/446
f 6140/4457/499 6143/4458/499 6142/4459/499 6115/4460/499
f 6144/4462/446 6140/4457/446 6115/4460/446 6116/4463/446
f 6144/4462/501 6116/4463/501 6147/4464/501 6145/4465/501
f 6145/4466/451 6149/4467/451 6146/4468/451 6144/4469/451
f 6117/4472/1183 6148/4473/1183 6147/4474/1183 6116/4475/1183
f 6148/4476/446 6149/4467/446 6145/4466/446 6147/4477/446
f 6146/4478/499 6149/4479/499 6148/4480/499 6117/4481/499
f 6146/4478/446 6117/4481/446 6118/4482/446 6150/4483/446
f 6150/4483/501 6118/4482/501 6153/4484/501 6151/4485/501
f 6151/4486/451 6155/4487/451 6152/4488/451 6150/4489/451
f 6119/4492/1183 6154/4493/1183 6153/4494/1183 6118/4495/1183
f 6154/4496/446 6155/4487/446 6151/4486/446 6153/4497/446
f 6152/4498/499 6155/4499/499 6154/4500/499 6119/4501/499
f 6156/4502/446 6152/4498/446 6119/4501/446 6157/4503/446
f 6156/4502/501 6157/4503/501 6159/4505/501 6158/4506/501
f 6156/4507/451 6158/4508/451 6161/4509/451 6160/4510/451
f 6160/4511/499 6161/4512/499 6162/4513/499 6163/4514/499
f 6162/4515/446 6161/4509/446 6158/4508/446 6159/4516/446
f 6163/4517/1183 6162/4518/1183 6159/4519/1183 6157/4520/1183
f 6160/4511/446 6163/4514/446 6164/4523/446 6167/4524/446
f 6165/4526/1183 6171/4527/1183 6166/4528/1183 6164/4529/1183
f 6167/4524/501 6164/4523/501 6166/4530/501 6169/4531/501
f 6167/4535/451 6169/4536/451 6170/4537/451 6168/4538/451
f 6168/4539/499 6170/4540/499 6171/4541/499 6165/4542/499
f 6171/4543/446 6170/4537/446 6169/4536/446 6166/4544/446
f 6168/4539/446 6165/4542/446 6173/4547/446 6172/4548/446
f 6174/4551/1183 6176/4552/1183 6175/4553/1183 6173/4554/1183
f 6172/4548/501 6173/4547/501 6175/4555/501 6177/4556/501
f 6176/4557/446 6179/4558/446 6177/4559/446 6175/4560/446
f 6177/4559/451 6179/4558/451 6178/4561/451 6172/4562/451
f 6178/4563/499 6179/4564/499 6176/4565/499 6174/4566/499
f 6192/5438/501 6193/5441/501 6195/5442/501 6180/5439/501
f 6193/5443/463 6192/5444/463 6194/5445/463 6197/5446/463
f 6181/5449/1377 6180/5450/1377 6195/5451/1377 6196/5452/1377
f 6196/5453/446 6195/5454/446 6193/5443/446 6197/5446/446
f 6194/5455/499 6181/5456/499 6196/5457/499 6197/5458/499
f 6198/5459/446 6182/5460/446 6181/5456/446 6194/5455/446
f 6198/5459/501 6199/5461/501 6201/5462/501 6182/5460/501
f 6199/5463/463 6198/5464/463 6200/5465/463 6203/5466/463
f 6183/5468/1377 6182/5469/1377 6201/5470/1377 6202/5471/1377
f 6202/5472/446 6201/5473/446 6199/5463/446 6203/5466/446
f 6200/5474/499 6183/5475/499 6202/5476/499 6203/5477/499
f 6200/5474/446 6204/5480/446 6184/5481/446 6183/5475/446
f 6204/5480/501 6205/5482/501 6207/5483/501 6184/5481/501
f 6205/5484/463 6204/5485/463 6206/5486/463 6209/5487/463
f 6185/5488/1377 6184/5489/1377 6207/5490/1377 6208/5491/1377
f 6208/5492/446 6207/5493/446 6205/5484/446 6209/5487/446
f 6206/5494/499 6185/5495/499 6208/5496/499 6209/5497/499
f 6210/5500/446 6186/5501/446 6185/5495/446 6206/5494/446
f 6210/5500/501 6211/5502/501 6213/5503/501 6186/5501/501
f 6211/5504/463 6210/5505/463 6212/5506/463 6215/5507/463
f 6187/5508/1377 6186/5509/1377 6213/5510/1377 6214/5511/1377
f 6214/5512/446 6213/5513/446 6211/5504/446 6215/5507/446
f 6212/5514/499 6187/5515/499 6214/5516/499 6215/5517/499
f 6216/5519/446 6188/5520/446 6187/5515/446 6212/5514/446
f 6216/5519/501 6217/5521/501 6219/5522/501 6188/5520/501
f 6217/5523/463 6216/5524/463 6218/5525/463 6221/5526/463
f 6189/5529/1377 6188/5530/1377 6219/5531/1377 6220/5532/1377
f 6220/5533/446 6219/5534/446 6217/5523/446 6221/5526/446
f 6218/5535/499 6189/5536/499 6220/5537/499 6221/5538/499
f 6218/5535/446 6222/5539/446 6190/5540/446 6189/5536/446
f 6222/5539/501 6223/5541/501 6225/5542/501 6190/5540/501
f 6223/5543/463 6222/5544/463 6224/5545/463 6227/5546/463
f 6191/5549/1377 6190/5550/1377 6225/5551/1377 6226/5552/1377
f 6226/5553/446 6225/5554/446 6223/5543/446 6227/5546/446
f 6224/5555/499 6191/5556/499 6226/5557/499 6227/5558/499
f 6228/5559/446 6229/5560/446 6191/5556/446 6224/5555/446
f 6228/5559/501 6230/5562/501 6231/5563/501 6229/5560/501
f 6233/5564/463 6230/5565/463 6228/5566/463 6232/5567/463
f 6232/5568/499 6235/5569/499 6234/5570/499 6233/5571/499
f 6234/5572/446 6231/5573/446 6230/5565/446 6233/5564/446
f 6235/5574/1377 6229/5575/1377 6231/5576/1377 6234/5577/1377
f 6232/5568/446 6239/5580/446 6236/5581/446 6235/5569/446
f 6237/5583/1377 6236/5584/1377 6238/5585/1377 6243/5586/1377
f 6239/5580/501 6241/5587/501 6238/5588/501 6236/5581/501
f 6239/5592/463 6240/5593/463 6242/5594/463 6241/5595/463
f 6240/5596/499 6237/5597/499 6243/5598/499 6242/5599/499
f 6243/5600/446 6238/5601/446 6241/5595/446 6242/5594/446
f 6240/5596/446 6244/5604/446 6245/5605/446 6237/5597/446
f 6246/5608/1377 6245/5609/1377 6247/5610/1377 6248/5611/1377
f 6244/5604/501 6249/5612/501 6247/5613/501 6245/5605/501
f 6248/5614/446 6247/5615/446 6249/5616/446 6251/5617/446
f 6249/5616/463 6244/5618/463 6250/5619/463 6251/5617/463
f 6250/5620/499 6246/5621/499 6248/5622/499 6251/5623/499
usemtl P3D:_45cal_loose_co.paa_::_45cal_loose.rvmat
f 6271/11226/3150 6267/11227/3151 6266/11228/3152 6270/11229/3153
f 6263/11230/3154 6258/11231/3155 6252/11232/3156 6253/11233/3157
f 6259/11234/3158 6256/11235/3159 6252/11232/3156 6258/11231/3155
f 6261/11236/3160 6255/11237/3161 6257/11238/3162 6260/11239/3163
f 6262/11240/3164 6254/11241/3165 6255/11237/3161 6261/11236/3160
f 6286/11242/3166 6280/11243/3167 6278/11244/3168 6285/11245/3169
f 6280/11243/3167 6274/11246/3170 6272/11247/3171 6278/11244/3168
f 6289/11248/3172 6288/11249/3173 6305/11250/3174 6306/11251/3175
f 6268/11252/3176 6264/11253/3177 6261/11236/3160 6260/11239/3163
f 6299/11254/3178 6298/11255/3179 6302/11256/3180 6303/11257/3181
f 6292/11258/3182 6291/11259/3183 6308/11260/3184 6309/11261/3185
f 6274/11246/3170 6264/11253/3177 6268/11252/3176 6272/11247/3171
f 6295/11262/3186 6294/11263/3187 6311/11264/3188 6312/11265/3189
f 6284/11266/3190 6279/11267/3191 6277/11268/3192 6283/11269/3193
f 6279/11267/3191 6273/11270/3194 6271/11226/3150 6277/11268/3192
f 6288/11249/3173 6300/11271/3195 6304/11272/3196 6305/11250/3174
f 6298/11255/3179 6297/11273/3197 6301/11274/3198 6302/11256/3180
f 6291/11259/3183 6290/11275/3199 6307/11276/3200 6308/11260/3184
f 6294/11263/3187 6293/11277/3201 6310/11278/3202 6311/11264/3188
f 6269/11279/3203 6259/11234/3158 6258/11231/3155 6267/11227/3151
f 6273/11270/3194 6269/11279/3203 6267/11227/3151 6271/11226/3150
f 6282/11280/3204 6283/11269/3193 6277/11268/3192 6276/11281/3205
f 6276/11281/3205 6277/11268/3192 6271/11226/3150 6270/11229/3153
f 6286/11242/3166 6287/11282/3206 6281/11283/3207 6280/11243/3167
f 6280/11243/3167 6281/11283/3207 6275/11284/3208 6274/11246/3170
f 6296/11285/3209 6313/11286/3210 6301/11274/3198 6297/11273/3197
f 6290/11275/3199 6289/11248/3172 6306/11251/3175 6307/11276/3200
f 6265/11287/3211 6262/11240/3164 6261/11236/3160 6264/11253/3177
f 6300/11271/3195 6299/11254/3178 6303/11257/3181 6304/11272/3196
f 6293/11277/3201 6292/11258/3182 6309/11261/3185 6310/11278/3202
f 6267/11227/3151 6258/11231/3155 6263/11230/3154 6266/11228/3152
f 6275/11284/3208 6265/11287/3211 6264/11253/3177 6274/11246/3170
f 6331/11288/3212 6325/11289/3213 6324/11290/3214 6330/11291/3215
f 6333/11292/3216 6327/11293/3217 6326/11294/3218 6332/11295/3219
f 6337/11296/3220 6331/11288/3212 6330/11291/3215 6336/11297/3221
f 6324/11290/3214 6315/11298/3222 6317/11299/3223 6323/11300/3224
f 6325/11289/3213 6314/11301/3225 6315/11298/3222 6324/11290/3214
f 6322/11302/3226 6316/11303/3227 6318/11304/3228 6321/11305/3229
f 6321/11305/3229 6318/11304/3228 6319/11306/3230 6320/11307/3231
f 6349/11308/3232 6342/11309/3233 6340/11310/3234 6348/11311/3235
f 6342/11309/3233 6336/11297/3221 6335/11312/3236 6340/11310/3234
f 6330/11291/3215 6324/11290/3214 6323/11300/3224 6328/11313/3237
f 6336/11297/3221 6330/11291/3215 6328/11313/3237 6335/11312/3236
f 6347/11314/3238 6341/11315/3239 6339/11316/3240 6346/11317/3241
f 6341/11315/3239 6334/11318/3242 6333/11292/3216 6339/11316/3240
f 6329/11319/3243 6322/11302/3226 6321/11305/3229 6327/11293/3217
f 6334/11318/3242 6329/11319/3243 6327/11293/3217 6333/11292/3216
f 6345/11320/3244 6346/11317/3241 6339/11316/3240 6338/11321/3245
f 6338/11321/3245 6339/11316/3240 6333/11292/3216 6332/11295/3219
f 6349/11308/3232 6344/11322/3246 6343/11323/3247 6342/11309/3233
f 6342/11309/3233 6343/11323/3247 6337/11296/3220 6336/11297/3221
f 6327/11293/3217 6321/11305/3229 6320/11307/3231 6326/11294/3218
f 6282/11280/3204 6276/11281/3205 6366/11324/3248 6369/11325/3249
f 6276/11281/3205 6270/11229/3153 6364/11326/3250 6366/11324/3248
f 6263/11230/3154 6253/11233/3157 6370/11327/3251 6372/11328/3252
f 6353/11329/3253 6350/11330/3254 6254/11241/3165 6262/11240/3164
f 6364/11326/3250 6270/11229/3153 6266/11228/3152 6374/11331/3255
f 6266/11228/3152 6263/11230/3154 6372/11328/3252 6374/11331/3255
f 6362/11332/3256 6361/11333/3257 6281/11283/3207 6287/11282/3206
f 6361/11333/3257 6358/11326/3258 6275/11284/3208 6281/11283/3207
f 6354/11334/3259 6353/11329/3253 6262/11240/3164 6265/11287/3211
f 6358/11326/3258 6354/11334/3259 6265/11287/3211 6275/11284/3208
f 6357/11335/3260 6362/11332/3256 6287/11282/3206
f 6357/11335/3260 6287/11282/3206 6286/11242/3166
f 6357/11335/3260 6286/11242/3166 6285/11245/3169
f 6357/11335/3261 6284/11266/3190 6283/11269/3193
f 6357/11335/3261 6283/11269/3193 6282/11280/3204
f 6357/11335/3261 6282/11280/3204 6369/11325/3249
f 6373/11336/3262 6371/11337/3263 6314/11301/3225 6325/11289/3213
f 6320/11307/3231 6319/11306/3230 6351/11338/3264 6352/11339/3265
f 6345/11320/3244 6338/11321/3245 6360/11340/3266 6363/11341/3267
f 6338/11321/3245 6332/11295/3219 6359/11342/3268 6360/11340/3266
f 6326/11294/3218 6320/11307/3231 6352/11339/3265 6355/11343/3269
f 6332/11295/3219 6326/11294/3218 6355/11343/3269 6359/11342/3268
f 6368/11344/3270 6367/11345/3271 6343/11323/3247 6344/11322/3246
f 6367/11345/3271 6365/11342/3272 6337/11296/3220 6343/11323/3247
f 6375/11346/3273 6373/11336/3262 6325/11289/3213 6331/11288/3212
f 6365/11342/3272 6375/11346/3273 6331/11288/3212 6337/11296/3220
f 6356/11347/3274 6349/11308/3232 6348/11311/3235
f 6356/11347/3275 6347/11314/3238 6346/11317/3241
f 6356/11347/3275 6346/11317/3241 6345/11320/3244
f 6356/11347/3275 6345/11320/3244 6363/11341/3267
f 6356/11347/3274 6368/11344/3270 6344/11322/3246
f 6356/11347/3274 6344/11322/3246 6349/11308/3232
f 6299/11254/3178 6378/11348/3276 6376/11349/3277 6298/11255/3179
f 6407/11350/3278 6405/11351/3278 6433/11352/3279 6439/11353/3279
f 6399/11354/3280 6396/11355/3280 6382/11356/3281 6386/11357/3281
f 6257/11238/3162 6255/11237/3161 6421/11358/3282 6424/11359/3283
f 6450/11360/3284 6448/11361/3284 6415/11362/3285 6419/11363/3285
f 6291/11259/3183 6464/11364/3286 6447/11365/3287 6290/11275/3199
f 6294/11263/3187 6426/11366/3288 6454/11367/3289 6293/11277/3201
f 6300/11271/3195 6288/11249/3173 6413/11368/3290 6394/11369/3291
f 6474/11370/3292 6471/11371/3292 6468/11372/3293 6472/11373/3293
f 6298/11255/3179 6376/11349/3277 6403/11374/3294 6297/11273/3197
f 6437/11375/3295 6434/11376/3295 6459/11377/3296 6435/11378/3296
f 6253/11233/3157 6252/11232/3156 6452/11379/3297 6476/11380/3298
f 6386/11357/3281 6382/11356/3281 6380/11381/3299 6385/11382/3299
f 6255/11237/3161 6254/11241/3165 6401/11383/3300 6421/11358/3282
f 6419/11363/3285 6415/11362/3285 6397/11384/3301 6417/11385/3301
f 6290/11275/3199 6447/11365/3287 6411/11386/3302 6289/11248/3172
f 6293/11277/3201 6454/11367/3289 6466/11387/3303 6292/11258/3182
f 6297/11273/3197 6403/11374/3294 6429/11388/3304 6296/11285/3209
f 6435/11378/3296 6459/11377/3296 6457/11389/3305 6460/11390/3305
f 6256/11235/3159 6423/11391/3306 6452/11379/3297 6252/11232/3156
f 6300/11271/3195 6394/11369/3291 6378/11348/3276 6299/11254/3178
f 6385/11382/3299 6380/11381/3299 6405/11351/3278 6407/11350/3278
f 6472/11373/3293 6468/11372/3293 6448/11361/3284 6450/11360/3284
f 6417/11385/3301 6397/11384/3301 6396/11355/3280 6399/11354/3280
f 6292/11258/3182 6466/11387/3303 6464/11364/3286 6291/11259/3183
f 6295/11262/3186 6428/11392/3307 6426/11366/3288 6294/11263/3187
f 6289/11248/3172 6411/11386/3302 6413/11368/3290 6288/11249/3173
f 6460/11390/3305 6457/11389/3305 6471/11371/3292 6474/11370/3292
f 6370/11327/3251 6253/11233/3157 6476/11380/3298 6479/11393/3308
f 6350/11330/3254 6391/11393/3309 6401/11383/3300 6254/11241/3165
f 6351/11338/3264 6319/11306/3230 6388/11394/3310 6392/11395/3311
f 6319/11306/3230 6318/11304/3228 6409/11396/3312 6388/11394/3310
f 6315/11298/3222 6314/11301/3225 6463/11397/3313 6445/11398/3314
f 6316/11303/3227 6441/11399/3315 6409/11396/3312 6318/11304/3228
f 6371/11337/3263 6480/11395/3316 6463/11397/3313 6314/11301/3225
f 6317/11299/3223 6315/11298/3222 6445/11398/3314 6442/11400/3317
f 6477/11401/3318 6453/11402/3319 6446/11365/3319 6465/11364/3318
f 6422/11403/3320 6402/11404/3321 6393/11369/3321 6414/11368/3320
f 6453/11402/3319 6425/11405/3322 6412/11386/3322 6446/11365/3319
f 6425/11405/3322 6422/11403/3320 6414/11368/3320 6412/11386/3322
f 6389/11406/3323 6410/11407/3324 6404/11374/3324 6377/11349/3323
f 6444/11408/3325 6462/11409/3326 6455/11367/3326 6427/11366/3325
f 6410/11407/3324 6440/11410/3327 6430/11388/3327 6404/11374/3324
f 6462/11409/3326 6478/11411/3328 6467/11387/3328 6455/11367/3326
f 6402/11404/3321 6390/11412/3329 6379/11348/3329 6393/11369/3321
f 6443/11413/3330 6444/11408/3325 6427/11366/3325 6431/11392/3330
f 6478/11411/3328 6477/11401/3318 6465/11364/3318 6467/11387/3328
f 6390/11412/3329 6389/11406/3323 6377/11349/3323 6379/11348/3329
f 6418/11414/501 6400/11415/501 6387/11416/501
f 6387/11416/501 6420/11417/501 6418/11414/501
f 6420/11417/501 6387/11416/501 6384/11418/501
f 6384/11418/501 6451/11419/501 6420/11417/501
f 6451/11419/501 6384/11418/501 6408/11420/501
f 6408/11420/501 6473/11421/501 6451/11419/501
f 6473/11421/501 6408/11420/501 6438/11422/501
f 6438/11422/501 6475/11423/501 6473/11421/501
f 6475/11423/501 6438/11422/501 6436/11424/501
f 6436/11424/501 6461/11425/501 6475/11423/501
f 6416/11426/499 6449/11427/499 6469/11428/499
f 6469/11428/499 6398/11429/499 6416/11426/499
f 6398/11429/499 6469/11428/499 6470/11430/499
f 6470/11430/499 6395/11431/499 6398/11429/499
f 6395/11431/499 6470/11430/499 6456/11432/499
f 6456/11432/499 6383/11433/499 6395/11431/499
f 6383/11433/499 6456/11432/499 6458/11434/499
f 6458/11434/499 6381/11435/499 6383/11433/499
f 6381/11435/499 6458/11434/499 6432/11436/499
f 6432/11436/499 6406/11437/499 6381/11435/499
l 5316 5319
l 5316 5320
l 5317 5318
l 5317 5319
l 5314 5315
l 5314 5320
l 5315 5317
